:020000040000FA
:100000008637389C0A15452422100200301700005C
:100010003015000000000000FFFFFFFF0300010695
:1000200000D03D00FFFFFFFF23000000FFFFFF07A0
:100030000004FF160700000000000000000002009E
:100040000F000000040000002F7379732F42544CFE
:100050005F73666C6173682E70746300000000004B
:100060000000000000000000000000000000000090
:100070000000000000000000000000000000000080
:1000800021000000020000002F7379732F66616366
:10009000746F72792E696D67000000000000000027
:1000A0000000000000000000000000000000000050
:1000B0000000000000000000000000000000000040
:1000C00023000000230000002F7379732F4040723B
:1000D00065736572766564404000000000000000B2
:1000E0000000000000000000000000000000000010
:1000F0000000000000000000000000000000000000
:10010000460000001A0000002F7379732F404066EC
:100110006F7273797340400000000000000000001F
:1001200000000000000000000000000000000000CF
:1001300000000000000000000000000000000000BF
:1001400060000000EC000000000000000000000063
:10015000000000000000000000000000000000009F
:10016000000000000000000000000000000000008F
:10017000000000000000000000000000000000007F
:10018000000000000000000000000000000000006F
:10019000000000000000000000000000000000005F
:1001A000000000000000000000000000000000004F
:1001B000000000000000000000000000000000003F
:1001C000000000000000000000000000000000002F
:1001D000000000000000000000000000000000001F
:1001E000000000000000000000000000000000000F
:1001F00000000000000000000000000000000000FF
:1002000000000000000000000000000000000000EE
:1002100000000000000000000000000000000000DE
:1002200000000000000000000000000000000000CE
:1002300000000000000000000000000000000000BE
:1002400000000000000000000000000000000000AE
:10025000000000000000000000000000000000009E
:10026000000000000000000000000000000000008E
:10027000000000000000000000000000000000007E
:10028000000000000000000000000000000000006E
:10029000000000000000000000000000000000005E
:1002A000000000000000000000000000000000004E
:1002B000000000000000000000000000000000003E
:1002C000000000000000000000000000000000002E
:1002D000000000000000000000000000000000001E
:1002E000000000000000000000000000000000000E
:1002F00000000000000000000000000000000000FE
:1003000000000000000000000000000000000000ED
:1003100000000000000000000000000000000000DD
:1003200000000000000000000000000000000000CD
:1003300000000000000000000000000000000000BD
:1003400000000000000000000000000000000000AD
:10035000000000000000000000000000000000009D
:10036000000000000000000000000000000000008D
:10037000000000000000000000000000000000007D
:10038000000000000000000000000000000000006D
:10039000000000000000000000000000000000005D
:1003A000000000000000000000000000000000004D
:1003B000000000000000000000000000000000003D
:1003C000000000000000000000000000000000002D
:1003D000000000000000000000000000000000001D
:1003E000000000000000000000000000000000000D
:1003F00000000000000000000000000000000000FD
:1004000000000000000000000000000000000000EC
:1004100000000000000000000000000000000000DC
:1004200000000000000000000000000000000000CC
:1004300000000000000000000000000000000000BC
:1004400000000000000000000000000000000000AC
:10045000000000000000000000000000000000009C
:10046000000000000000000000000000000000008C
:10047000000000000000000000000000000000007C
:10048000000000000000000000000000000000006C
:10049000000000000000000000000000000000005C
:1004A000000000000000000000000000000000004C
:1004B000000000000000000000000000000000003C
:1004C000000000000000000000000000000000002C
:1004D000000000000000000000000000000000001C
:1004E000000000000000000000000000000000000C
:1004F00000000000000000000000000000000000FC
:1005000000000000000000000000000000000000EB
:1005100000000000000000000000000000000000DB
:1005200000000000000000000000000000000000CB
:1005300000000000000000000000000000000000BB
:1005400000000000000000000000000000000000AB
:10055000000000000000000000000000000000009B
:10056000000000000000000000000000000000008B
:10057000000000000000000000000000000000007B
:10058000000000000000000000000000000000006B
:10059000000000000000000000000000000000005B
:1005A000000000000000000000000000000000004B
:1005B000000000000000000000000000000000003B
:1005C000000000000000000000000000000000002B
:1005D000000000000000000000000000000000001B
:1005E000000000000000000000000000000000000B
:1005F00000000000000000000000000000000000FB
:1006000000000000000000000000000000000000EA
:1006100000000000000000000000000000000000DA
:1006200000000000000000000000000000000000CA
:1006300000000000000000000000000000000000BA
:1006400000000000000000000000000000000000AA
:10065000000000000000000000000000000000009A
:10066000000000000000000000000000000000008A
:10067000000000000000000000000000000000007A
:10068000000000000000000000000000000000006A
:10069000000000000000000000000000000000005A
:1006A000000000000000000000000000000000004A
:1006B000000000000000000000000000000000003A
:1006C000000000000000000000000000000000002A
:1006D000000000000000000000000000000000001A
:1006E000000000000000000000000000000000000A
:1006F00000000000000000000000000000000000FA
:1007000000000000000000000000000000000000E9
:1007100000000000000000000000000000000000D9
:1007200000000000000000000000000000000000C9
:1007300000000000000000000000000000000000B9
:1007400000000000000000000000000000000000A9
:100750000000000000000000000000000000000099
:100760000000000000000000000000000000000089
:100770000000000000000000000000000000000079
:100780000000000000000000000000000000000069
:100790000000000000000000000000000000000059
:1007A0000000000000000000000000000000000049
:1007B0000000000000000000000000000000000039
:1007C00000000000FFFFFFFFFFFFFFFFFFFFFFFF35
:1007D000FFFFFFFFE28110FC217D4ACE1CA2FFCC6F
:020000040002F8
:1010080050524F4752414D4D494E47505F42544C04
:101018005F50415443483017000038C428167909F6
:10102800937CCF7242EA0439D3AB80706FDDEA104B
:1010380017B62E7A6EEFF786945E696E712991EC79
:10104800A16F434D23CB5947DF295340044E8D20D0
:10105800A33EFFE06633FE6F0249D784A1CEDD755B
:101068000E2E427E1A3F15840566E961BEED2F35C6
:10107800C4ED9D8C42BBC8AD62CD822DAB2963BF48
:1010880088F6A6E10B55B76E66A0578D86C7DDA416
:101098007EE66020EB7DC936BE17F5F2AF0F580A21
:1010A800BA35C89072D263F59E9A28EBCDE16B27CA
:1010B800176BAAC09852A7CF3451E63D48D643CE05
:1010C80035FDC297887B9E9DE13FC674F9066AA4E8
:1010D800757BC29117B8FF2F080FCEED3066056AF1
:1010E8009DC09D97F0B6B807EC4C27BE297FBE532C
:1010F8009B8A403976FB513C7AA172B3643107E090
:1011080081B26FBEFD3C57767E3E46791E46924AB6
:10111800D174CFBE9F873034318D282EDF26D5BFBE
:10112800A955C62D4297C370492D15D465023BE3D6
:101138007BEE0AA5D38075BC9D7C39E8B1E64350A7
:10114800BF94F6001DBA8BA3BA62152D631CCA752D
:1011580086DE1C83CAF01329086AA1B741073B82BF
:10116800EC89AA2AD6429EE1F1BC1379B3D53F583F
:101178007F2E2300A0C6B320EBDBD8961A280402E2
:101188004A7D888E65ACE2326D0C64CECA8EB5F0AD
:10119800B775DE1A0D63709B846025599904878D95
:1011A800B7D6050D7FAF2D19F0ED0EA785E866754A
:1011B80074E85FD7170F277300E4B744B5EE90358E
:1011C80070BA2D6EEEF0348FEF899CB24D6BCD0A5C
:1011D8009C8AD06BD06ACF7689F0B3D7851A6FEA2C
:1011E8002FBD25FE889C051A1DAC4983B61B698452
:1011F800303BAF8782D841C9CD3BB8F24A8941E339
:101208009C3D8B5F83F9CCF5E9EE265D8BAA1B9399
:1012180001839CF3319F2561E052E16FDA3D7F4104
:10122800661623E1D760503A3FD040E8BDBBF04393
:1012380043B41217849C41385BA69B1275F1BAC956
:101248002B717C57F31AE9D11BB3F3E3905A715809
:101258007C6D437F1CE1438722DADE940CEBB9EE08
:1012680062A32B61EDA29021F9A1CB0369B3150DFF
:10127800910B38F1EDC9C233D850977BB9ACB74A56
:1012880060EA1EE75CB46D39C6C27BAB76CE837666
:101298004CC16AAB0E3E15E0F9E3D26E54B15BF770
:1012A800735188193438457660FFD639B9BCB865AA
:1012B8008CC0C51741974335FB38E2935782D2A7B4
:1012C80063BE7CFB33CFB8496E7D9BE6B1723C357B
:1012D8008693022E92C342EA276887817BB0E58E07
:1012E800EBED62E5EA72052D8249D5AC4C8784089E
:1012F80080067BCB04CCF160A6908687B8FE820E70
:10130800A085F15C8A729038557B2FBF45C241CCCD
:10131800ED96BABCBB76A251A6F007502F65A4166D
:1013280082FDD1B53B06CD0FCFDB0F8080D184BACB
:10133800D3803FEE96502CC7872465F12280A3BE48
:101348002CFB6D944C0D5BDCE2A7690305B0A3127E
:10135800AF6562902680FF64F61908B58EB9CCB6E1
:10136800CC5717543EE50A2F0A0E87796B4B7FC47A
:101378003C9586F0A0BE6A34F86EC8F19125FCBB96
:10138800A699FC0706FD6BF6CA29E2145BD5D9B508
:10139800847D875E34FEDE12E9095BC014300D459A
:1013A8004BC458811B0505F630D2AE94EA9FD4ADE4
:1013B8005B34CCBEF3D9B1B775DF3F2614FDD70136
:1013C800E9BFDAF58188B7A9007C81F7A6D35888E8
:1013D800609A325981F70B8F5BFFB356C5A7C04699
:1013E800C40D6BAF14B75E5AF80DAA765E30CC996F
:1013F8002018D81B7FAB3B5083BA7F05BEA27379F8
:10140800A02386907A0A071F77AD041B31A3D9E47D
:101418009B4CEE86B9D80F648D7707377C69C0512D
:101428003E0AD974D7398EA34CFB5B0EDA39AE2E3F
:101438008A8BD3820D0AA7AA11CED7BC4A985179B4
:1014480054C1DFFBB42E6808F9DC2385B249D58383
:10145800C885371731242B94FCE9DA4E78462A2BB5
:101468007A2BF44D8FE5B472817A3E7E5C39749C98
:10147800820C86B265061EE3A34FB20AC7F87463EE
:10148800C938D1788447D878849A8A16AB02E9D3C8
:1014980046461797E8BA3F4EAFCDFCEB08D06AF640
:1014A8004EC319585C83BB4D2C44D34CDBD0BE5380
:1014B800DF74B3F922640F96FA2221D9A9E6193EFE
:1014C8009FB5BB1061140B18232A0BED4061950FD3
:1014D800E7FD9ABF4E473D28971DDE87CF75E31B72
:1014E800C570DFCB223C483F8AFEB110832E06EB45
:1014F8005258A4B505CE83085662FD2779EA5FC322
:101508001712D823449A09FA0C75DC2C98DACC4CBB
:101518001B941E6873B6A8263631BA78E1A7D80797
:10152800980CA3E62BE20D2647B5EBB9A9210D25AA
:1015380040761C13C3AABEA542F6EF78AD36AADFE3
:1015480044AFF9052880665733650E31E211FD86F0
:10155800F2E8193F15D6C16DCF0386948C782B33EA
:10156800DDC5DF032E5E12553FE315242F75C7C175
:101578007EA913BA7B193A4710B7991ACED95C924B
:1015880036D830C32674461B8F7087C9964EFC1414
:101598003CF98501038978623D07E12BDD6DCCDAE2
:1015A800FE837679974FDAFE227380F9D94AE1688B
:1015B8002AABDB300EE80EC4E34CCBB72BD65D95D7
:1015C8006D55A671249E422149D8BA94B861165D1A
:1015D8005B641C546462FA07A83397ED4A785E8D01
:1015E80019B4C98ED2A1345A214D1F2DA2EC12A8CC
:1015F800F2121A77BF694B62215063B5925889A7D6
:101608007B8CCED475AEB311B93E623BF48C1DDC35
:10161800F9B9C84937D47B54A78C7679E14967056D
:1016280091D135D1B3430EF9DE378D72CB3B3413EC
:10163800DC94D8E8FC83879A2577ACB195DD9E28A1
:101648005539AD35B7363E143EA370916250172A0E
:10165800CF4C826DDECA442EA6D0BAC7321446D407
:1016680054C937DB454EFEC41FBD051AB91F1D7E80
:10167800473CE787F63B809639E75591C610061F29
:10168800FB0AA1D71F5FEDD487B236A29A0B5CF78D
:10169800462C100492933EA9AE6ADA63754B6BD55B
:1016A800C636CCD04707B7CB0814C97817F0BB2F7C
:1016B8006B7548BEA8C476229C87C8CACBE6EA1DCB
:1016C800A323A025C840A97446D173E89AEE15FC57
:1016D800413161DF7D3EAF901C6BDD301CD6B245D9
:1016E8007C8C4A7C89B551F99DDDD5EB703FF4B20D
:1016F800352B0934F920B41E3614C778AEB11164FD
:10170800ABF25AC9490F2B5200745B0E427D6289B5
:10171800FFB71B3141390BA45A04BE723E64C4247E
:10172800BF9313FA899E3F9C644EB77429890AB9FE
:10173800B811C973B8940C391DEE775A3BDFF20A19
:10174800E4722752E0441A66CFF0BE6B06EEBE6123
:10175800242059CC42EF8C27EEBBCC92334F08F7AC
:101768007E3D6A900CF14B6F70DD53BEDED5674944
:10177800BCE394181669F2EE1C10AF754842FCFCE5
:10178800EB3FB27448A0FC8DB3AD9D7CFDAFD1E6B4
:10179800A90890C261ABEEB3EA2D7FB40FF03049CF
:1017A800168F1D3CBDDE956F0D5820670C3565CA38
:1017B8003297DDA570D493AE700C41F5844F8E122C
:1017C8003910872E6731EF53A3A2160C6B54E486A9
:1017D800BF0A211D9AA104E9FD120F997909DA546B
:1017E800FE8F6E5BDD8F633F242F9AC3636009F61B
:1017F80002B16593258428C19316CDCE69A70C68DC
:1018080063DD74A9171350ECC6355429D88771FACB
:10181800FBBAACB820FE16D2D5AE87D1C4004A18A0
:10182800BF73B08E837D570EB5BF66F6F078C41FC0
:10183800A7EC9D1BDC2BEFCFA02BDF8EEAF9D8811C
:10184800C7A7F1F8E4CEF227EF22069725BB32CCE2
:101858006EC53A58D00AE6EA8FFAB8631EEECD5E36
:10186800D9C3D2F4B17FA3A25701BD59EC5940B7EF
:1018780030D66E8FFCA25A3D4A61F5E0295ADE2B1C
:10188800BB1D88765FDCA769E7C95E70630AF062F2
:10189800F596DEAE695FF8416E14BBFF60F7012E66
:1018A800C617422EFD2A4CA1A99894B69D3E6BFE00
:1018B800866B8CE7C35679519887F901B07C263C32
:1018C8006F0ED3DF921C613D48CCA0290CBF9C242D
:1018D800837759DA6295FB5B7364DCD58651F33AFA
:1018E800E9ABA9A60B075CF9E5B70311162B9A7E9D
:1018F8004A3C63B66BAD76F74B700DF0B5EFA9486F
:101908002FE1B081A233C1399B53AAE2B27C0A5EAF
:101918004E5C7D8661189EC014B1C02E947DFCD3A8
:101928009A14E10EC114227282CD769A2AE447DB1A
:10193800590BD9ECD9296391E9563DF48E60B90C5D
:10194800397B6D59D719B6B473FB18E298D96F79FA
:1019580031177FCB45B38602280D81CA5F21A92C98
:101968004BCBD2E2033AD1F2CB6B461C0D7DDAF8B1
:10197800C5EE3944050E4E14969C5911833D289F97
:101988000344BF18B5E2A895A87F31ECB62A797050
:10199800982AF9EADC9026EC0C993AF7CBEF223139
:1019A800D0A7A1DF7D5665595FF4E130301AAABC93
:1019B80026BDEB81EABC0C6D392FE69C3D02720412
:1019C800455FDED4A8EE315FE40B041583E78A880F
:1019D8007DAED25161153CBD260EB2438D8B40B40D
:1019E8006217B2DF3B32883F4EFE4B2D047D7043B9
:1019F80032B555476935726AE84BE5D3F3A156F914
:101A0800CF0CB4F63CD6A923EC35C8945A1E97607F
:101A1800753BB2C39E1F454F0AB932CC2F3E103AD0
:101A2800B00D74448AC730FC5837B6138927E01ABA
:101A3800826D70466F9B87CEFAEE114C2A21B9BD94
:101A48004841C2891B437363052CA8ED3E0D98E2FB
:101A580003E7364A6EC7CF932FCCE33F31D10094CA
:101A68006B27F7369CA40501A60B3DC2C197B55C50
:101A78009939A529D5F110106015EDE22A9EA4F236
:101A8800451B92C11223B8C558C0814CB4A2C68860
:101A9800E24990E29A4A9A1E74B4EFD255A9E0122C
:101AA80009F729F0DE6373D0E0D8CFDFF24CF01AE3
:101AB80077583F54F2E6C24BA0EE65B33C5EF2C2E3
:101AC8002FC7B04F63E03E3367617A80AC594B85CE
:101AD800362A1D5A6388097B084C1E9CB016C30A17
:101AE8000511FF9D7531D7A800C947F2E1E281FFD2
:101AF8008B74009ED3E0B4A18C40CC0B37E4B80BB8
:101B080034F3CB0B21D522925126BE64622A41DAE6
:101B18008477B3AA20226EDD26AD1D9F940CD4FFD6
:101B280018DA1A1F8EE27D9339E281630D0CB44FE7
:101B3800BB9F067350612DE6AEFCF54E424420BFB4
:101B48003459A8E1F4195F64533F1171B40B68F874
:101B5800670D37AD78EB405322918EC31F29B6E04D
:101B680064592E5F4F93897BEC958B4B82C4A712E7
:101B780000ED0D2B545312BC28F0131F6C4DF7D1F8
:101B880002AFD13B851C98026163182C7EAFCCE371
:101B980099AFD3739AFB8FD8A7D6796FC58C5E1887
:101BA800C34376EFD9594B486866144812D6D871A2
:101BB8005924850C8246806FE21D27F4A0FC81DE43
:101BC800D4E697563BC46EE869BE978791C4C7238D
:101BD800F32FF5768BB3342B795F63566266C5F4C1
:101BE8008B4574C9ECB0E472C1EC6584B13EA8FCC5
:101BF800CE490762A5E0CDA7C7223BF4A6BEEEA456
:101C0800A7DB50C743311AA1FFDA25C292C5A2E06B
:101C18002BC314CF5A4B995B355C1F8E6F8FA53B36
:101C2800D327C2E0ED331C13A666F2DAB21ECDDE6E
:101C3800921A689D879CE25F0BF4DA5DB8453340E1
:101C480078E22511934B2D8EA5C8AC097811F616AC
:101C580017E958C1EED597BC52BF2A32D31AA83813
:101C68004FBDC03F122256EFF797F5ECE6BBF8558B
:101C7800B5207D980E4BC7F9BBA81248D6A8FFCA55
:101C880095A104044A8692C9075B25FFF1D8D29A28
:101C98000F8410758130B12FF381C1EF5D2FA47FC0
:101CA800F6DAF01E0E9BBA53FF9CE5EC19CB2149DE
:101CB800BC18766E1854656EAE36FCC6EC3DC63759
:101CC8009C05348222C28B9600C7D92787AD3D1563
:101CD800691A37DF15C1714A6EA2CEBDB8EE15C8B4
:101CE800907DDCF41FA9D52CB3056E46F9D7296C75
:101CF800F1D079552F465E2A0E4A494581C326827E
:101D08002947A822A9B8DC0D3965124A1D3DFAEA0F
:101D1800CF14DDAF1FDE55AD7272CD777397169273
:101D28001F7833127209BFD33F19255FD14913AA0F
:101D3800EB75B336AE7162A82996F57F6501672801
:101D4800326AB292A9677CBB6AC64C7E50ABC9A600
:101D58002EB0F16FA6F07F51EDB7114DF6E9F601FF
:101D6800F4DAA5822702B97225156962953727909A
:101D78006608077A1AAAC2F55D37114D7679C71F2A
:101D88000E8677554B07FCEF69E4F4760CB6ADA6E2
:101D98002EED51CDAA0C7C40F61A649EF7408A9F1E
:101DA80078CF94DBDD26F75406BF4D863D2FFBA286
:101DB80042986CF90F574A6B3F4261E785368D1997
:101DC800C134905E943810C5D10954679301F56BFE
:101DD8004FCC2ACFF6B6694A57A92936894FD59BE1
:101DE8008B2675BA0A7CA0547A510115199BAB94BD
:101DF800B0B5FD1823197BB5E53C24B27FD8571E32
:101E08009F38E3186F7E80785549A113A5738BA27C
:101E18007BB306703D565E7AE009D7C0A641330A07
:101E280060C7B9658C758F113DE0D6CDDBCEF17CEE
:101E38005E30CB03CCF11E624AE84731FA33B989E8
:101E4800AE003C98276A31A472F6133E3943896282
:101E580010CCA48617D05429625B1F659A9B51D079
:101E6800FFB7F095FF38F17B8562B4A9FBA7F07145
:101E7800ACD3601E2EA21086D58B8ACA0E9CBB34AA
:101E8800CFBF961BCEBA1D76D68E494323DFBEF34D
:101E9800E42C003BB0334E5693F6697483E49614F1
:101EA800CD0EAD04774DB9471CB1A0B0C2F43D0DBD
:101EB800D7FAB7D877A8C19F0005E6F4C77162C002
:101EC8002C71B1AC9DDCEC8076A8C15CBD44A75AEE
:101ED8003083CC2E106FA56649C3574EA23C88713B
:101EE800D523F6BA19B87413D5991B98DB4C290772
:101EF800E639F7D99B6D27F81D2AFFDD962C25DBDF
:101F08007F4207458A78ED23034863DAA2DA27F58A
:101F180013A53AA0E505EE99AC14EE9706D54E3810
:101F28001BD30D2EBAEF19503F2651AE9E8D7CBEA5
:101F3800FFFD6855368FA37E75A2EA5F2887BFB27A
:101F48007D26F51BBCC7F1CE1AE9B675AEBD7F97E5
:101F5800B2461AD3152305FB0D93CFD67D0426036D
:101F6800BA6F5307F6CB7B7A7D86CA45D8AFD110B6
:101F780039F695BA17035D2A6576CF4E784ECBA40D
:101F88004042EEDC279DF0C2E5E1E475C6BDC1899B
:101F98000C8DEE424DD7CE768AAF9134FD42F77C58
:101FA800B6AC7EC075E4F2EA286FD852EAAB3D962B
:101FB800D65619533F6CD09A66630D5A8710A654AB
:101FC800EE9C81E78294CC9752575F244DDFB73E51
:101FD8001B254D66287DA3D9A10503FEB0CAD7B835
:101FE80079348ED386CE9C0D00E8D1B89F23FB852B
:101FF800BC9A04E7D469B3AA1ABDA6ED0022DAF6A2
:102008004623E235758FC246542A3FC82EBC28F9AC
:10201800B399C2F76C89DFD88654BE89CB961D5216
:10202800DDBAF2CE0E24967B870C60606D4C89AACF
:102038004BD1AD0808F848078F16D038718DFAE6ED
:102048001B346AE5C25B8DE32988B10A4B3971CC30
:1020580058FC72DF78467FD4948C02DB642B04D35F
:102068008464D34646A3B610BE3A8883C80E096274
:10207800B8BF2A611115B809EFAC02F49A84566901
:102088001AA3ABFD980E9C8E4A73857713A6A4619C
:10209800593AEE02C49B5DD8E83FA00D655B5CFC35
:1020A800100B4909EBE8ED9026F17075C1BDDCBC59
:1020B800073CE4A6A42D76849E276649F1A67DC731
:1020C8007737169E68F953277540E6BF477A9F9A77
:1020D800559DB950BDE54E69AF5BC13E7B6A9AD448
:1020E800484762D8D9EB7DA7FC64D2C8435DA74BAB
:1020F80033C38C654497A6B34CA3B2B7B954D5D5AE
:10210800373618BFEB2EFE93DBD9610B0CAFDEEB35
:102118004E6A255C75DB5A69227B6EE3A9379F39C5
:10212800E567C9B0DFFEAEC695DDC55B7C0A831CDA
:10213800BCBE07CA6315579A212060B632D9B63F8C
:10214800BF4DC01BAFD7CF35B2659B0AF34E4F18B2
:10215800C012A5FA43AC622A51B1D0F79512EF30FC
:102168003746E4EE00045401670B1A3C9999F0FADB
:10217800E2A8D1D09231F156593E0593DD6892E13B
:102188006858A551F35C3CF7A7F466646B2847BF11
:10219800DF7A0D9CAE30B0FEFAF752D235819ED868
:1021A80031BC8BB84EB6E4F4EC41B1A2F5F943CC9E
:1021B8008BF813FF6AD085216D17C400C63F834092
:1021C8002237F8E9ADA62793E9F3CDB62FDE6A6981
:1021D80069AD9465276BD3EB6857C5E5089738ED6B
:1021E8005E285ECF0C6AE26EABDD7D9BDD9CC2AEE5
:1021F800F5568C612355F00368E69F111B6CDA04D1
:10220800777A123DF386C5BF75DF054FA4505A870C
:10221800CCCE4E410E79C4C6B6A1F22D390BB168A9
:10222800D95B6C8D9584B8A5E0853CE80676D7FA2D
:10223800709C7D8D98DE7436608CEDE69627F3E908
:1022480075FE49B777E91A1D001751459593221F66
:10225800F2940E4125423858CA4B81347340C280EB
:102268005AE6D1E1317AA3B98393EA5BA8B4C937B6
:10227800881573B977D0674AC28AF4AAB246272B61
:10228800120270DFEE2DD333C37FDE851F2DECD015
:102298009037D494A074720C9309D0A513F5E74431
:1022A800952AEA512571C39F8F676D912AAC9CAA24
:1022B800F043E723F9D308DC3FA8AE1EBE96BCFE68
:1022C800B50DF905323597E2C3F4996BF8E85284F5
:1022D8002067739A830075DA909B06A1FE7264DC0E
:1022E8009D93A5FB0FE93935ECD9E30198348ED4D9
:1022F800316AEE99C40490D2BEA9E47B99E471884E
:102308009CD2CC160F77F21563F0291B236A387E0E
:10231800BB03495392CE8084D3FC4A3063F8458A84
:102328005E558B3244E16AB400B02E3D9D9EF4E0C8
:10233800262ECDB594137288F39AA83B3A9A464C48
:102348002C4D328868D903C61FE49752228794D54A
:10235800B03EA2507883C2A39829D324DC84CC123F
:102368008048BAB4C570E1308D2D5741ED87447B64
:10237800D43A988DFA8BCBB4C3E5124B77B36D0A78
:102388000C0647676859AE02D98D6DA9FAC538465B
:10239800B90B5400A472431A96321078B6F003654C
:1023A8009ED5FE17F797C691919A5BD39EC29BE381
:1023B8009EFD38EABD739C281347005E3AB0535718
:1023C80033F1381FF801BAA18FA60D2A65CC55BE86
:1023D80080E8E5D1F952530A3865C508C85FCDF0E1
:1023E8001476FC45A847FC2B02F2DEFF0FFCA6DCA6
:1023F800E87B3C7F36075AC0DB7614431C9E0B08EB
:10240800B4933F680FE872300F2C5FE71D00B75A8E
:102418001C6D252AA88B75A1E161A355CA53557C6B
:10242800111E7CE115AAF056D7DE49EE2334343369
:1024380008C56B2A30E5F2BF840B547509A8DE562F
:10244800CC1CE2D01B02EFB5FF9EE57C7323178BF3
:10245800C8E6388979D74352EBFE059F40C410B7C8
:1024680015D76FDCA6D7A8B9FE525F6C30C71A9E85
:10247800D5950146BAA3EB139ECE7A415A88887443
:102488006A4FFAEC9C480A2CF43D0D624F51C1C3C7
:10249800516404ADD7C9706D14190706DD28D6C478
:1024A800A433919761AEFCFBD2895F090EB02CFE74
:1024B800D109735FA6BF82739082D1B63D4A33209B
:1024C8003468D77EA1E4DA6DDC04637DD682D1D28C
:1024D800E56DAC1ACECB6557778D10F07BC1D896D9
:1024E800C29FC5C43D5565C21590BF1E7FCB82F5FE
:1024F8001B6488FBF5198A5740A2B83EDEABE6BBE1
:102508002C911FA3FF18929FBE482C27908B06582A
:102518004BA455E3C4ECE82BC86EC39EFB5BE40EEA
:102528007BC9B16A91D980E327E1CEA8C00C6F2A94
:102538000D6CA766B134EA880B7A0FF2BF2D9A6743
:1025480095EBBAB58B0E38519734DC9364EDBAE04D
:10255800D60EECFF94C0DD6FD14867861EAF4812D7
:10256800550C68F715B5B4F94F52485CE391F7F389
:102578002DC5452316D6497A401F3BAB9B952C2287
:10258800BF61AEBFB9D7F84AF55715F4FE0063C26C
:10259800E145C12E682BA395ABDD8156E8FFFE36D9
:1025A800CB0D5AB7479D86582D657DF1947032E161
:1025B800F8658E36A24C6261ADC227C114B864506A
:1025C80068B4AFE1C9361FDBF2800AFDE1BBDDF478
:1025D80060AB54F35D293B3114D38746CDE6157DB6
:1025E800F5A84269DBF9AE9AAA135637D7E9F791ED
:1025F80083DA9DE9D50044F857265BF42951B47F66
:102608008FAEB38D087C6A5C3765C422106693B2BE
:10261800888BE8BC1553305EB8EE247496FE5F06CE
:102628003C9B28745FABB43A6E6CA612FD9672841C
:10263800B97176FCBA6A3D3927E2A12491A598B907
:10264800254C067551587610BE6688012B75356580
:10265800F5FE753E0025A2513A9485921C2E62A281
:10266800DB1352509420EEB55E67B6218E16C24336
:102678009E48E221793724761EE4D2A9C65D52B07D
:102688004D2C614B86809AB4C4E60BA46C10C5EA45
:10269800680295F78E2E337DB0D24B9314DCFC790B
:1026A800CA2564327E7582D7850ADF854BF3161CEE
:1026B800C8A69362FBC2AF619783B3A47887C78427
:1026C800AF2B2F2E2A2F8CAF9EF9FECD0100314B58
:1026D80013B4ECADA1CF91B8E23128601383F85A56
:1026E800AC94678736E4C63B0A84EC5B9C3B506934
:1026F80019F914FC6E0CC8C72D3E5464002D07FF51
:10270800A9DA0D2AA6F9F98FC3CF541323F9744314
:10271800FBCC235EBEE0DD9EEEB177896931E771BF
:10272800B842FD6E8AB2ED38FB4D6E2B425A84AC2E
:10273800E3D85CBB153CC73BD726145616A12E7BA5
:102748000EA8DE6D5377EB40745394DC933DD8DECE
:0E2758008C82F4DB59313BAC07B74367565B0C
:02000004003DBD
:10D00000FFFFFFFFFFFFFFFF50726F6772616D6DE3
:10D01000696E67496D6167652300000000000200CA
:10D020000716FFFFFFFFFFFF50726F6772616D6DA4
:10D03000696E67496D6167657627288C1A255534B6
:10D040002210020030170000301500000000000020
:10D05000FFFFFFFF0300010600D03D00FFFFFFFFC1
:10D0600023000000FFFFFF070004FF160700000079
:10D0700000000000000002000F000000040000009B
:10D080002F7379732F42544C5F73666C6173682EF3
:10D090007074630000000000000000000000000049
:10D0A0000000000000000000000000000000000080
:10D0B000000000000000000021000000020000004D
:10D0C0002F7379732F666163746F72792E696D6740
:10D0D0000000000000000000000000000000000050
:10D0E0000000000000000000000000000000000040
:10D0F00000000000000000002300000023000000EA
:10D100002F7379732F404072657365727665644042
:10D1100040000000000000000000000000000000CF
:10D1200000000000000000000000000000000000FF
:10D130000000000000000000460000001A0000008F
:10D140002F7379732F4040666F727379734040007C
:10D1500000000000000000000000000000000000CF
:10D1600000000000000000000000000000000000BF
:10D17000000000000000000060000000EC00000063
:10D18000000000000000000000000000000000009F
:10D19000000000000000000000000000000000008F
:10D1A000000000000000000000000000000000007F
:10D1B000000000000000000000000000000000006F
:10D1C000000000000000000000000000000000005F
:10D1D000000000000000000000000000000000004F
:10D1E000000000000000000000000000000000003F
:10D1F000000000000000000000000000000000002F
:10D20000000000000000000000000000000000001E
:10D21000000000000000000000000000000000000E
:10D2200000000000000000000000000000000000FE
:10D2300000000000000000000000000000000000EE
:10D2400000000000000000000000000000000000DE
:10D2500000000000000000000000000000000000CE
:10D2600000000000000000000000000000000000BE
:10D2700000000000000000000000000000000000AE
:10D28000000000000000000000000000000000009E
:10D29000000000000000000000000000000000008E
:10D2A000000000000000000000000000000000007E
:10D2B000000000000000000000000000000000006E
:10D2C000000000000000000000000000000000005E
:10D2D000000000000000000000000000000000004E
:10D2E000000000000000000000000000000000003E
:10D2F000000000000000000000000000000000002E
:10D30000000000000000000000000000000000001D
:10D31000000000000000000000000000000000000D
:10D3200000000000000000000000000000000000FD
:10D3300000000000000000000000000000000000ED
:10D3400000000000000000000000000000000000DD
:10D3500000000000000000000000000000000000CD
:10D3600000000000000000000000000000000000BD
:10D3700000000000000000000000000000000000AD
:10D38000000000000000000000000000000000009D
:10D39000000000000000000000000000000000008D
:10D3A000000000000000000000000000000000007D
:10D3B000000000000000000000000000000000006D
:10D3C000000000000000000000000000000000005D
:10D3D000000000000000000000000000000000004D
:10D3E000000000000000000000000000000000003D
:10D3F000000000000000000000000000000000002D
:10D40000000000000000000000000000000000001C
:10D41000000000000000000000000000000000000C
:10D4200000000000000000000000000000000000FC
:10D4300000000000000000000000000000000000EC
:10D4400000000000000000000000000000000000DC
:10D4500000000000000000000000000000000000CC
:10D4600000000000000000000000000000000000BC
:10D4700000000000000000000000000000000000AC
:10D48000000000000000000000000000000000009C
:10D49000000000000000000000000000000000008C
:10D4A000000000000000000000000000000000007C
:10D4B000000000000000000000000000000000006C
:10D4C000000000000000000000000000000000005C
:10D4D000000000000000000000000000000000004C
:10D4E000000000000000000000000000000000003C
:10D4F000000000000000000000000000000000002C
:10D50000000000000000000000000000000000001B
:10D51000000000000000000000000000000000000B
:10D5200000000000000000000000000000000000FB
:10D5300000000000000000000000000000000000EB
:10D5400000000000000000000000000000000000DB
:10D5500000000000000000000000000000000000CB
:10D5600000000000000000000000000000000000BB
:10D5700000000000000000000000000000000000AB
:10D58000000000000000000000000000000000009B
:10D59000000000000000000000000000000000008B
:10D5A000000000000000000000000000000000007B
:10D5B000000000000000000000000000000000006B
:10D5C000000000000000000000000000000000005B
:10D5D000000000000000000000000000000000004B
:10D5E000000000000000000000000000000000003B
:10D5F000000000000000000000000000000000002B
:10D60000000000000000000000000000000000001A
:10D61000000000000000000000000000000000000A
:10D6200000000000000000000000000000000000FA
:10D6300000000000000000000000000000000000EA
:10D6400000000000000000000000000000000000DA
:10D6500000000000000000000000000000000000CA
:10D6600000000000000000000000000000000000BA
:10D6700000000000000000000000000000000000AA
:10D68000000000000000000000000000000000009A
:10D69000000000000000000000000000000000008A
:10D6A000000000000000000000000000000000007A
:10D6B000000000000000000000000000000000006A
:10D6C000000000000000000000000000000000005A
:10D6D000000000000000000000000000000000004A
:10D6E000000000000000000000000000000000003A
:10D6F000000000000000000000000000000000002A
:10D700000000000000000000000000000000000019
:10D710000000000000000000000000000000000009
:10D7200000000000000000000000000000000000F9
:10D7300000000000000000000000000000000000E9
:10D7400000000000000000000000000000000000D9
:10D7500000000000000000000000000000000000C9
:10D7600000000000000000000000000000000000B9
:10D7700000000000000000000000000000000000A9
:10D780000000000000000000000000000000000099
:10D790000000000000000000000000000000000089
:10D7A0000000000000000000000000000000000079
:10D7B0000000000000000000000000000000000069
:10D7C0000000000000000000000000000000000059
:10D7D0000000000000000000000000000000000049
:10D7E0000000000000000000000000000000000039
:10D7F000000000000000000000000000FFFFFFFF2D
:10D80000FFFFFFFFFFFFFFFFFFFFFFFFE28110FCB5
:10D81000217D4ACE1CA2FFCCAB784512230000002C
:10D82000401A0200546573745665720000000000CF
:10D83000000000000300010600000000001C0200C0
:10D84000000000000703020007E94E9A768046E2D6
:10D85000F20560A438AB84AD5E194F86C99987CDB7
:10D8600089181B575887DBF8286000E9D2AABC4BFF
:10D87000779AC1254C0A4DC33C12A7D0805C107921
:10D8800028350E8B372109119D471FA5F8F1E47843
:10D89000D33C66B0FFD74FA93D1A4659890919BE36
:10D8A000C07C055541021FCB33BD8AAAE17D41D220
:10D8B0003FD1DA3F453524F0B7204693DB53720E53
:10D8C000F8B63EEAC34DEA1A3E45DB711A250297C7
:10D8D000A6ADA802AD662DDE8774E2E8266E4F6322
:10D8E0007484909A1E45BEDB1A834E148ECF6BAFA4
:10D8F000F46FB8DB61D5866DFDD97D73493ABB0302
:10D90000CA5F4F478FE68049830ED34FFEA292BA7B
:10D91000F7ACE0F19B8D9FE48B95BF47E0CBA69DD4
:10D9200058A52B597BB2F16D4061D9931A4F2B1337
:10D93000E9CC84CBC8DCABEF90B8E512A46B9DDFDB
:10D9400008BF6315DBC24B7158CF7C19E3CC9170D3
:10D95000F88B390E26288D68C42AF21EE0366E65D3
:10D96000C253D499A54043B5655A6B297AECAA46AF
:10D970003F1887C8BE6C9B90242A71AB7F9C7A5E4F
:10D9800052C5DF3673493CB163265B33FAA7560EA6
:10D9900025CDF2EA95D5D14FEA860AA12018740464
:10D9A000A848F56016F80E4F4984ADDE3F5519D6EC
:10D9B000E5255A1E04DC5843C3848BC9265D7EFFCF
:10D9C000F142997C2200C6948880A5148703A54C57
:10D9D0001C67B97860DDC6DB3609F7E44A70D78F7B
:10D9E000328421F83F51B8D6D0688FFAE5AD0818D7
:10D9F0005C51C14A3D2CA39B2514B810BA35DB5CA1
:10DA0000EBE64CBCA96778E7C0ED7E36BDB9C71818
:10DA100061425662F1BD6AB987313EC3698E194AC7
:10DA2000CEDE94FD6EC2AB7183F41A56FAF5A305EF
:10DA3000079AD5A7F800320F314D024B0CE312ECD8
:10DA4000804A37C23B89D361E0C34BE93FEB423A9E
:10DA50005C0BCF19DBE7E20082B39E24231156FC56
:10DA600051ADC524C7BB36C742E9FAA90B8C390EA4
:10DA7000A1F42F7303BF2DB1F946FD9E29DF358C2C
:10DA8000CD77A339C78733F99CE9D0ADB70966BC18
:10DA900097B92EC41F1D32A029DFF01A3740DB448E
:10DAA000533893321472DA2C0C8D419907238D2050
:10DAB000D7F8A63E99CB6D016C89098D7FFD68086A
:10DAC000C6728C3EFB3986E095E46BD4FA28C8AE6A
:10DAD00017F674D690B21ECC00987BD876FE9A7654
:10DAE0008E97337B538B7D5842A29ABC58001D0DF4
:10DAF0003E99D33E0820601309BBC591F368C6A1C7
:10DB00000BD35612CF6DAA74F461413AE81953163B
:10DB1000907F55FBAAB82EE031D97F1197C6368E7B
:10DB200096B5E708FDDC13260DF22D084E1656C9F2
:10DB300017C93C1E81C1EA515D6499CFBB4897501B
:10DB4000469796189929E5F231019A8930180B52B7
:10DB5000DACC63B37D617C1FC343F8CFA15B75F35F
:10DB6000D1CD277B9995F1EEDE30A34A0E0E241C11
:10DB7000A3CD60DB1CFC58AB0F9D42CB0BF0152BEB
:10DB8000D9124A19E23C5A0255F470C576E12815BB
:10DB9000E7164E831C8354B67E5CB82954CB30E123
:10DBA000F8A050DD082D1BAD8F3BEFFEA037E82F0E
:10DBB00048EB422835EB77CFB454F9A84C7C2B7650
:10DBC000184FEDAE8F496EAD062BA99A472D979A47
:10DBD00004B7B16E06D7D0DE97F9E13D7E81D94C0E
:10DBE000995915E52ACAE8A754F1FEBF4C4277DDE2
:10DBF000F7BB707F30C04C2C4E666C183BBABA7BBA
:10DC000082A71FAE2D97E996778B0B43967018105D
:10DC10002BD0992CCA6CEBC31C408B2528F84EFBEB
:10DC2000CA248F4EBAF9B9F81F75AD0E4A6FFE13AC
:10DC3000E4B76A2E3EADC2521F783F9AFB43916C07
:10DC40005FAF9AA4CE21FA0FD15D8C27B9A58E982B
:10DC50005723F7C80F016E4841F6B256A8710BE67C
:10DC6000AA885338FA636B19E7793A9733FB5BA7B5
:10DC70008584E4A55764111D598520D39D55B33281
:10DC8000C7D495CEAE58DC001E75FC19E9C5F892D4
:10DC9000D1E461A2F2E1FD74D4B0753A909B64CBFB
:10DCA000572EBC884C91B886448D17F98E9025ADBF
:10DCB000ED6AE0D724FD769F78B185194A7EC15080
:10DCC000D1C9F8A59B41B35207A1953F71C54BAE91
:10DCD000952E4E5540825FD21B0D7D7986923F2D49
:10DCE000B54261F458C6AFE5BBC565E756114B5365
:10DCF00062F573F9C9932D4181B1C9DE7F9FB93DAA
:10DD00002D362F828BE7C112204682A2C0F1EDB2E0
:10DD10002BE6A2C036D1370E94C8D963E3A0CC203D
:10DD20002AAD7330DB4A8E0CA63F8F4C20127ED674
:10DD30002790086B436B29CD6D34C154E3ADF7D602
:10DD4000F3A1EB476B4D238709EDC5A577FB324F58
:10DD5000388B442AA2FA325174F0EFD77834C6BD1A
:10DD6000079B3ECB51ACE098863BEB00A62EF7B26A
:10DD70004A39CF07CD6677EF2D07E5C7CFE68BF79A
:10DD80005179836A4F13FE887138D1741953A28177
:10DD90004B5FB39044F8FA9F4C6E254505C16CEC7F
:10DDA0005786D70FE1B60279FB36D1EFA285FF1770
:10DDB0005668B5FAF3D20840FF8F5C6FEE7F9CA7E0
:10DDC000E5103BA4A236B09EEEC4506BB77E82B67F
:10DDD000D5116ECBE92563EF7668E4CE34A97D5486
:10DDE0001D7315EADE09A1DB98F6E433C7264E1F42
:10DDF000F3620F9686F02A937451EC622A30996987
:10DE00005B2912CCEC1A6C7730E97653E3204D1184
:10DE1000289FA7513B3AF18437F007A117592D35B8
:10DE20004B69E7BFD0BE0FF0C1E3853640FD914995
:10DE300013A468EDDE6A8AAABBE650BF6E8F93B06A
:10DE4000973579935702E34C8A476AC230D1D9EAB1
:10DE50000394DC410423EEFE8A6A710F7A1343C9EE
:10DE600079647AB6DC813721411813ABA7A0EBE0C7
:10DE70003C9DD85DEFAD691336FC9EE5A1D9DCFC75
:10DE8000EC6C3BF70B450364164D8EB94B4102A970
:10DE9000A61BD44892C10E99296932CDD46E4CCBC1
:10DEA000280A1CA3A463B95251E6EAD1412251A029
:10DEB000B53509051227916F2C92553BC00BB8F16F
:10DEC0000BC092AAA344FA62696B069A09C377FE53
:10DED000A9E546978BF458EADFC8E92D39B8DC1D6F
:10DEE0001E8909DE993EF67E9A42032F1BD0C4EDAF
:10DEF0004B986A007BB5784063DFA54C9880AD2FC6
:10DF00009B64F07566220983416F9694B03C16EFCE
:10DF1000801187B015FAA7DD09ED37D22A8E7AD79E
:10DF200029F82CBBD1F5D1B47FE7B462A29F548A03
:10DF30002D2705008FFAC9EC6AFC9FBD2196B0F829
:10DF4000CBF844AAF58CCEC0E236A207EB42CE81D4
:10DF50005057B8E7C0A8767D92269108B7F5A4512E
:10DF60002975E6D5340E8CF69A7B6F2918B152EEDE
:10DF700011BF1A22D3A6B29056DCBBA153867614E9
:10DF800020FD6389614CFF9083F93747148D17DCBE
:10DF90003DA5A77347A02F31F5A90339EAE16C909D
:10DFA000ACF51225BA1C3FC3731F40C370DFAAD55E
:10DFB000326B75CFDB03D6669E87FCB34CEF04ED66
:10DFC0007EC7382E6E3F55B50D3E9D942270342D80
:10DFD000C90416DB6BDE744D72F29714FF9FC29F6B
:10DFE000BE008AD579B3FF4647DF1A5F79251573DE
:10DFF000D85CD43379BBF518414E93BA6EA7EFC8FD
:10E00000057D2736B74FF91A84602B6098098E7208
:10E010003B71AD74D7AE80BAAC9B8EDE16CD0BE5EE
:10E0200033364EE18152091325F4557660E38BD0E7
:10E03000A5D2C8084FE67D6461E0593C53966ADF7B
:10E040004A2BD8F447B28247A363C09A5280161273
:10E05000077FFD4992869E8C545FD40A603B710B0A
:10E0600093755861CFA5F2078A1D367E6ACC3A7A3D
:10E07000539D34C4F495A75E95D1C8EEBD26B46413
:10E0800009A26FDE961290700F6632A61CC57A1335
:10E09000F6567C5B2823F71FA93F51D8DE3891281C
:10E0A000459DD6A4FAF8CBA925627F9C10472D4C3C
:10E0B00071CF05947C7CD98CA07AE37DAA7C017712
:10E0C000B81DC97648AAACF9824E2A037FA4028AF9
:10E0D000D9BF960A5FF872864B85075DE7AA744A36
:10E0E000C71AB250F035EAEB2B2A183306EE685CFB
:10E0F000266C20D92ADB06AC9A0376952EE82246B8
:10E100002298D21B3E4D227DB848A89680A01FE4DD
:10E110001C62E97691B3BA9E6EA581FDE0A82E78C7
:10E12000C8CF01A98B564A16263128E4B064C554DD
:10E13000E92B0C2356252EC914ACB4B73433A19661
:10E14000380AF3A403A3BE71398F9F46D1BA766C07
:10E1500030EBD736F12A3FCE54062E9AC62CC6098C
:10E16000FD85364118AB6C89F616D8EAFC94A720D9
:10E170007813B07C95BC700690FD7CA27BC80B46E2
:10E18000E1CBEFD5EF1FB424369C4EEFC8368901A2
:10E19000D89FB08BD8D67024F911C4FD9DDBEB0855
:10E1A00069ACAF437E4E1B489F9918B184B8F77F86
:10E1B00066D1E5D60158D343094F599BCCAE0A9896
:10E1C000C54FDC4CE9C3ACF37530404D5C607BC49B
:10E1D00007741F9FE2157446432FA6849253C01103
:10E1E0001797251314D4B266F11C31837682E0F0C0
:10E1F0007B2CC5A3574ECD0096F582B87E8D3E8B05
:10E2000074FFCC8EE1A06D80756B5D3C4A695D1931
:10E2100079AC227DE1FC6E0F554034B611314AA72E
:10E22000E49FA28A3F8DB34462750F027D5F9577AC
:10E230004C5027F1865546E0C1CDB991BD273FDC52
:10E24000A5DEE2EFA1D22E6377A59B3A6A9672749F
:10E2500022E46D2ABB15F1ADA31E8F7060530AD85E
:10E26000C54C784144853B2C878A1915F4A1C2FA24
:10E270003C0B1585909FF5E75AA6C308874FD4D766
:10E28000A8B921E13638977E31A7D4733C4FE31506
:10E29000AAEF806E61D43DC67A35B889A3BC03303D
:10E2A000AE0100DA7C7AE9D2CE35C1076F12C19196
:10E2B000ED721A3543DE81EB896CE08D0D70E3B2AF
:10E2C0009781EAB3192159DC8EC7118763D722D908
:10E2D0007632D2FBE11C1541EE8AFBF8D7C4F74B2E
:10E2E000E6450BA092C286B27F699F8DADBE0579CF
:10E2F0009994ABA51BB8D53F0FF74C6A0E9628BA78
:10E3000000166F434B58DC07C6F8EA0899D815A6E3
:10E3100040D68B2B58E13C0221B26C26B30D40CC89
:10E3200082CACFC14C569DF460F2F443F81742AF55
:10E330007106566ED741B2670EE910BA36F7380C3F
:10E34000B7E0C30B06D539B7FD3F8C3C54F717E94E
:10E350004894249DACCDD59F4A053A70D95C45EAD6
:10E360006EE668A925EB8C2D3460D34A5319AC8E28
:10E3700078EC4CCAE0BBFD2FE052C5155699B2C3EC
:10E38000B76D14043C39191754E27906CA4FA8FD39
:10E39000838E3A05E65E7C3E35763AEA13330A3DD3
:10E3A000B12E1A36A5275A5EB8C69B30818BD82F5E
:10E3B0003857E00EBDEA228A38D8F2CB153834122D
:10E3C0006E5E125DCCCDF4693674CB33FEA7CDD62C
:10E3D000C2556B52F06712CE12A918DE67B6828B57
:10E3E000CA49E6A657DF896F70CC0F24A6370C31D7
:10E3F000C00FC8774ACBD707019A1899A6254A18A3
:10E400005DA1166DC81E7499AD3E2C5EF288418DDB
:10E4100090938BABB5C55FDA45B8BAC70C6EE2A175
:10E4200078BADA9CE4E578BDEC1B05D7DE910350A1
:10E43000F5707F4EAA08A94E6BD5C10656069DA160
:10E440008B4715C8AE06409F73FD430BCB77DBA708
:10E4500025CF6DC31511FE677BE4F55727BE275CFA
:10E46000049EDCEC2FFBACDDD3335DAB64D1A1E9C2
:10E470002AC23A7CEF71F46F059E3F0000DEDA1489
:10E48000CE3502FECC1F3F6DFCDFAF4A5902470D6F
:10E4900080EAFF2CB8A322E236C9ADD30E503D81ED
:10E4A00036108D4BACE6C23F7BCDD71640E5AEDFD4
:10E4B000A98CC53B2968CC156B56064279F3BAE5A1
:10E4C000C0A737EFC8DDEDF495641211AA2AA55F45
:10E4D000EBAB730AEBFC1897177711C0692C33610B
:10E4E000F3A517E6CFE2F0F093D74C3C8583955E19
:10E4F000EEC27642F6070227C8B9B9E6687830C49A
:10E50000EED2AC152EB2F4062E6E31C1BE99A254D5
:10E510005F9BE3C61A1203D7C11AE793869784A9B3
:10E520003C64D3F86884B6B473987FA544B4C4F847
:10E53000A8D14792233393F92F10BF4700EE5CD93F
:10E54000699751E05F5BA84C67F573E9BE5D6B228C
:10E5500008590D03545071F54A07643728BF6443C6
:10E560009AE50C4A64776D889C5B6851AD5999CDEA
:10E5700080B5942FE0649AF9D1E09086DFF87AD4E0
:10E580005301AEF1451C0D1447D17170459216EE42
:10E590006CBB844D800955BFC1BCD71596B9746753
:10E5A0008EAD1E5A048DB8100BC4B51A0A472F73CE
:10E5B000E679F2069A8B0ABECE9197FD8537F56B08
:10E5C000F92A8F36AAA366D48271D5388CCA4B83B8
:10E5D0007422AF60327B9854153DB0F5A69E35FB92
:10E5E00085A50F9E5C35B1303AB92C5638AFFD5138
:10E5F000C16AB03DD3C23A179CDB98023E59750BF5
:10E600000FC8205548964C8EC01FA9F055BCDBC1E1
:10E61000D4F70AAB602DA70B1E7E9EB25B69F48B0C
:10E62000397E5F9E2ECB3A80D9896FB499A364233B
:10E63000F2C703694A1AD0A8A5CBF597B1F62E9672
:10E64000D742FE5A5C73724AD1A4E9B3DB24EE6B65
:10E650001442B1BBC81DDCB71E1F4E1A6459476275
:10E6600080FBF38A862327B4225F94D9142389CEB2
:10E67000BD04169E1BF75AEF71B8563F32C012B157
:10E6800013D412450EA5FEC99D769DE2D50C0C64EF
:10E69000049F5F339A1F235D45853701C110832690
:10E6A0008C9D225C2D2D9F7D0FA4E446CF8749F3DE
:10E6B000002F57F3B857EB4FDEB9CE96D5F0EE3AB0
:10E6C00051C79616C3CF3C844D046233AF2F54EC30
:10E6D0005E48566F3F63EDEA6C4B929204A9FC19B9
:10E6E0003EB7436F7504806CE7DB6F7087BCD9FA67
:10E6F000A63E2D83B84453AD60F896015AA0345C11
:10E700004B82548596B47BC5DA135A01C38C383FCB
:10E710003B610937576EE111100F4C9D41D363EDFA
:10E72000AD6B772356BFD1D7A8292DB153DC8ED13D
:10E730002379A3F70C2ADEEE3D8401D3FD21BC1220
:10E74000D37379A61F7E4703CD40A35230CF07B0C5
:10E75000C6A5D3EDF45E5295165C90E9D8AFE104FE
:10E7600019FA652C7126D00BFAFFA79BD2BE8F52E7
:10E77000E47A84CB47BABF58E17B7442540EE66F0B
:10E7800053CB249CBF754446E797EA533547666FE1
:10E79000B94D9DC2EF508711C9673B2D1881924E2C
:10E7A0003C90C97057A59136B45B35A3F49D5412C3
:10E7B000F87B0D52AB3612692AA34D822DB62E0A74
:10E7C0003BE4F28C05EE2C91DB3FC9052F623C82C5
:10E7D00065997EBF2398EEC5361B1B87DA292AAEC2
:10E7E0001F4B8AFBC71F91E259CB3A186A5D44B8A8
:10E7F0000FCB2C6D912AFF9D7AE9D2C227B7D1C5E4
:10E80000134F412E8B1FFB810493E0ED39A3097355
:10E810004A340350F6CD17DCF4462A7B59508EA0BB
:10E82000AAECFA56222A039CC9F85747D59F4A4EAC
:10E83000887D5C42C23DB7CB7130206F26E7D402A1
:10E84000D3DA389D1062044265A31986AA27147191
:10E85000E1DA972FF7F5AC14390BE19C1DBA685A31
:10E8600066730C8087509B5A0ACB065C93B8D85FBE
:10E87000573F0E449E676D8C4848CA75370A6BF344
:10E88000686DAA408E58D4923D1D180E97CCDCF7C7
:10E89000F6ADBA4A85D07B21A4906BFDDAA900FFC2
:10E8A000A816931C10EC5249BC4EA17C31E5583B94
:10E8B0006CBA6960E9C17683ED4EF0C876F7F19CD9
:10E8C00040FC7BB5D7C2CA19A90CFEFDCFEB5DDFBA
:10E8D000BF511B6D721D3DB2448B9532C17A63D31B
:10E8E0007D7C6582A17CAF4D09BC3BC495404999B4
:10E8F000CE32C4FBBDF796F1FF2ED97E9310620E87
:10E90000CAEFBB419080A00C82B3CDEE755F764715
:10E910009161EAAFCB8D509ADD8969D095EB52BBFE
:10E920001A0E98F136A7B40ABD4FAD5A23B4D3DE00
:10E930003AF4ADF9D0B87FBCE341328088EC9F0C4B
:10E9400080AAAF3DF4FCFF85F23B77441DF367B529
:10E95000590F82834509BC0AFA7338CA5E6FE6898B
:10E96000004D8E3D01044EDDE5F9A174E4E2228400
:10E9700034FCC2353BCE89334A4F9631EE2DCD4320
:10E9800038EF0EB611699C06B0B277122F074A9E77
:10E99000E08D3D92FC89C998533ABC9D320B790CAD
:10E9A000626DA909B81E3866B790A988B83CC55BE6
:10E9B000CCE0BCB70154A977B31D6F67270E99B996
:10E9C000449A485EEBA33191A25BBC22330D65698A
:10E9D0009B456481B08518C7C8EC74952B515117BD
:10E9E000778D410260161E37027A1C661EE0FD6EAE
:10E9F00094825970979D2C3E68DA4EF8C3F1645B9F
:10EA000042A72B43517AF335F92DB5DBA88DD3EC12
:10EA100061EF9FBB5619FD61AF41490824A5A0A62F
:10EA2000D4414A43793AC3F6DEB1117AA8CB3F24E8
:10EA3000AE91994BFD56FD65E4C7EBF3337FB90BFF
:10EA400086FD2F00E3097A8A1B0667B743CCFCF2E8
:10EA5000EF62E57A45DCC1E919827C4708E259F7A3
:10EA6000F2FC2D7B1A922A0C6E7C9FF628906E0782
:10EA7000BD725268B3C2003A47AA4F0EF969C30B80
:10EA8000FF80F9730AF1116FC8E1F2DAD5CF3C1AB1
:10EA90004835BBDAE7F88C65C4DB77092D6720843D
:10EAA0000D81AF668E8A5926264CD52FFB8A1BC551
:10EAB000B65277A816BE474051646DD3CD093DB319
:10EAC00041D547A4F2A486B16DDC51DBDBE751846C
:10EAD00087F200BF97F93BA4AFA886D24F6A1FA464
:10EAE000A44130EF513B75F12CA0D1A45B46C7DAAD
:10EAF000D011BA823E73C07B476647CBD0FC6E2EE6
:10EB0000F41FCBEEDA80920512A66406E8AC94FB03
:10EB1000525A6A738602BF13BA7D4CDC32A1AAC076
:10EB20000A1E7023F91561E9AA3C1DC5CB0B6A6D5D
:10EB300005F048F2AD4BED98477B434BB7587DF459
:10EB4000D74344702851C338828373C57DA49A3655
:10EB50002A5A01CB23FA14B005D211248FE5155699
:10EB6000D206AC1CC470CD4B0260A93E54D7A200A3
:10EB7000B8B985EA57F30BB2C7C7371D734B3CD7FB
:10EB80006E48EF1FC4F3D9E804FA0C1AD225EE45FB
:10EB9000B56AE70550448BB13DECDC80B7863F0198
:10EBA0003330AE0479752ED05C64EDF99CC8FA9FC1
:10EBB000485CBDB7B8761F37072062C88EF3F2CC29
:10EBC00060AA966E52C0239E9216F5F67B0CC31077
:10EBD0007E6B3BD54E519D98DA8449F273F6343FF3
:10EBE0000A3117FDD8A12491EC377B6F70A7FBB5D4
:10EBF00007500037F8E4E808E144888DF508EF5B3A
:10EC000074833706671ADD5B0A68A7F33601821E34
:10EC10008AD2D9DC3E0FFE9E37D15874DCD63790AD
:10EC200022089787196DD363B4A3A9FE38426518EB
:10EC3000746CAB6DB9138E47F60EDEC2102157B35C
:10EC400073C64F41DC06CBACC0A58AEA53DAFDC5DA
:10EC50004572300A76CC6E29C0FC6DF746F1E0EBC8
:10EC6000D662A763F0ECEF5922457A18E3050F6AE4
:10EC700075E44962A0843DDAB498330A1E360E5317
:10EC80000EA906FC7DFDB6334CD9DD93E5F467C7CC
:10EC900081BA07EDBFC1C6670B448AA13E552DABB3
:10ECA00080F42841108F753089118454C8BA483EC9
:10ECB000BDEB30F10060159ABA6094A24D0825D3DF
:10ECC0000D5A6CA8C834EB948C9D2068ADD09AB6D0
:10ECD000F09262D36604DA3434102DC8780C02A6A0
:10ECE0009E9F13A178C0B31AD47B52E587EE4E33B2
:10ECF00036ED99B81AE14DDD44FDBE6FCB304A299F
:10ED0000178E5D82CFC378F8041F55B74454544919
:10ED1000A1ECEC7A8B15F401DF742B946967E58321
:10ED2000FB6094C42D35EC203812D143BCC6C1C45D
:10ED3000E4738666DF9DE1A54B9DDF423D212D16E4
:10ED4000A4491C36AC35B483ACC57E6F0D2F6CB4B2
:10ED50004D517A5402A8B2B1D1D0020D390586AD19
:10ED600029A9FE6393C77D5C173AFB3AD65078D247
:10ED700020BB01F5FEFC662F3658DA2844329CBBD6
:10ED8000C213DDBA7922E767E39E57D9A03FCCDDF5
:10ED90007F27D6BED5A9130BFA979BA33B32AB16A0
:10EDA000DCD48D5C9054F30472F46F9CF663257A86
:10EDB00037472172BCC5E48C0ED5DEFCF594559224
:10EDC000166A50BAC5BB21C1B35C7AC59972356D5C
:10EDD000DC93AE87522CFF0E8DEF9227D2CB4EA83C
:10EDE000AC463DA71182F27AD2F60A94324D3A40EF
:10EDF0009C01467400887857351793D698CF87B80A
:10EE00004A1B3467A52990F5C856339CC370364316
:10EE10008404573FD355CFD33DF7E415CD6D6D74C2
:10EE2000F06E4216E5064C408BA6AF32F508F31C97
:10EE3000A2439E25A76F0D48EB2F7D907CE699FF9E
:10EE40001A9521FF1E6096714CBA483C15DA4A7536
:10EE500033EAEA03CB009BD387265E126D73B99A1F
:10EE60006A4E8E133B41788F741C33BE8E79832992
:10EE7000409049BFCF3AACA2E2D1E26123EAB8396F
:10EE8000A59F5B56E08F551DBECAA1437C8BC8452C
:10EE9000BE7555B298DA5A866A2296ECCE98C2CBE5
:10EEA000F82BBADBC98D8F0445BF7B7A90F76CBF16
:10EEB0002EED930CE06313A23AD53904E42D257EA0
:10EEC000AF996CD0A8D0EE0887204CBC7BA2B39D34
:10EED000DCA5D445126273970C62A105F6D236C93F
:10EEE000901840ECD0BEC182B306E253C97DBB2668
:10EEF0000F0534E769D92B3AE07A46BEB0B75578AA
:10EF000018A148D597B43D09CE840928A1FB3F98A4
:10EF100097A9272D659F7477DAFD69E7F9449285F3
:10EF20001FB1AD5BE098A8C2F70F9F9C9A48CCF741
:10EF3000F6891631F54D4C04875ED17BAF26BB9127
:10EF4000FB3076D057B106EC436F6231F9C0DB0974
:10EF5000542C9F44EFAADA728BEBCE6BB11E9B321E
:10EF6000DEC28D771DE3CBABCC41A440277A994517
:10EF7000560B297FF90846ED6244616339F40D2B85
:10EF800071E9C7552C92C86D64C40DA00F564E6D23
:10EF900063C3000DD8AE6192CDD94CACDBC0D71D98
:10EFA0008D4038E8F5C609941175182A1853B01524
:10EFB000A0BB7F10BA58935B096ED16682BB2D3916
:10EFC00067C94323C14DDFFE40EBCE2DA1ED917B00
:10EFD00070D930E0AAC13C7C43C5765985FEE5FB7B
:10EFE0009BDCC42CC95381985CDA1C431804CBF514
:10EFF000969AFDBADAE198691C9AD4D0D18B009F19
:10F0000045A88957C4F2FDCB4145C48D41F79621EF
:10F01000ED1E09AA517A24B154E0EAB2A9E81FC151
:10F020004899654BB4C9FA79490707AF4C26504C4B
:10F03000547F4851DD47056CACB3D7BBE7D19B0388
:10F0400037470BF8CECEAB5D28B2183400DFB7D00F
:10F050002B87C1BDC3C471B8B8B5085A2003473364
:10F0600010D81A63E0FD0890AFD6DBECA292D9432A
:10F07000908310F910E6209CD202CF81C8FB1CD0EF
:10F08000BE3897E03AD92BB05BF23E171A1229B17D
:10F0900024B56B6DD50B0D6413C64A9D67BECD6359
:10F0A000976688DFC7BF2E26FBA006DB15D6DD33AB
:10F0B0002BCFCE3857973983665BAD7F3BE1B922C2
:10F0C0009F70DE4B2B5F57648368C64C612B293AD7
:10F0D0005567E04777AA53B8DFF9576215EF323228
:10F0E00089F44B68335C45D69F52221C60FF8383B2
:10F0F00061F3D7E9A2259BE2B7CE6F83E9EF7100F8
:10F100005CF891BF65438DEB27D32554BFAEECA1CE
:10F1100097F9E1DEFAEFB5B9F88761A71817788398
:10F12000BD80A52103AB5880B0FBB9553D6BA667E8
:10F130002DCCA6044D8CFB9C5121F6D1C6D4990050
:10F140001A0D16EF905E6420DE6C4EC6352ACB4E4B
:10F150006F9682606BE1E08BEE3771CF5CF9FF094F
:10F16000DA28437DA4D3E3AA79C4115ECB9BC248BD
:10F170004E117BE4E052C5DCC3EB15238B5E4F4E92
:10F1800029AF3A3143D7E8B44A3F6B6D9974AA2C42
:10F190001637A1A0A220069E209AAEE3C2A95B0466
:10F1A000AA970727834B5A11AFDA5682965B35BE72
:10F1B000140181E54751DB40862ED22F22A683D051
:10F1C00062243C4593BB851B0EF7FCEA7BCDC5E072
:10F1D00079DB423208CF9F325675EF53E574E7135F
:10F1E000E2129BC80EAE7EB3D0A4FD36C8264801FD
:10F1F000964F8E58C5E5C76C57E9473A71C895E9EF
:10F200001D99B9C83FE78B955CC2F06FA25200CB45
:10F21000671E5EC534FA63922AB13B44B4E8527D5E
:10F220003FCA577AC3E336619614DCF142691B5D2D
:10F23000083B605C0A3BD4674F5BD582EF4C1B4AAE
:10F24000093F29DC7CCC278DC4712A44E07323F963
:10F25000BA76BDDDA5B87827F362B920C3F4A48AD5
:10F26000BF8F4BFF7FF24084722C7A5CFB11819A36
:10F27000DA225F302CB99F7791EFD20E7BE7330013
:10F280009C9CB4B381E9858974DC3765825A7E9E83
:10F29000B50890F5AE232CEE828E637BD6F9FC92F6
:10F2A000992F03BDF11C834DDBAF53B4166CBFB473
:10F2B000FF9C33442FCDF10162111CB4AE50457355
:10F2C0008D2798F2CCD4DCD464F631FFF6B4478BAA
:10F2D0003A78DBF335DB292E4A7A99DE475D2896AA
:10F2E00068908B2F532CEDCD51E4514C96AD168D7B
:10F2F000247FF6D9B9FC6C80CDF8F888BC7EC90BA8
:10F300006D09332FA01710EDE6A3BAF9E3E4460B1D
:10F31000CA3226DD0F16688DE668920B84AE0E2782
:10F3200035F30C368DC92157C89798DB336862EEE8
:10F33000B86856EEDE5FBE0F843CC7C366139FD924
:10F34000A1F36A682D26CB932C88E29C639E64D738
:10F3500062718B7E31A93F8407131B4575266BEFC5
:10F36000BB5858D66BCD0C0067F609E5956794D469
:10F37000CBE8B70A636856099C79CEEAF0C5182134
:10F38000D67B9E3E246D467FA06B5971EA1CB85611
:10F39000B5438F9ABCC7707D95F5DC2D7E9226A46F
:10F3A0001F8A95DB40C12EF699064AF613A3AF6C6F
:10F3B00021A1906AD311B0036A9E1990F6CEECFA9F
:10F3C000CEBFB14274624099CB3046304D945A441E
:10F3D000824A477B519B4AF0C881CA70FD8631AD95
:10F3E0006C4A0CE873ED5CAE2B9054033CE1D59D68
:10F3F000E74FEAA96568362B70926FF6F559AFC0F2
:10F40000795CA2AB9DD2A12A46BD07F67A123E7264
:10F410008B732297AFA7BC08D625549AE2A7CF7169
:10F4200076BA547FE909AB98C0B91C1135DAACE75C
:10F430006B80C6C1FE32521FEB23EA3A20817F87E0
:10F440000361D091196443B72784C3EEB6C49FC04B
:10F45000A4FB287595D64FB6D05D77E076D3683794
:10F4600087DC59D794AABDE8BD6903601C54868E19
:10F47000AD277565B0EBDFC9DB6567C1E2DC4A1B10
:10F48000B9E9A32435AE8EFFD3D4F3BFEF861DBDFB
:10F49000E3701D10E5394ED5634A0292E81C78707E
:10F4A0007640EADA6B56EEDEFBDB3D512D5258CC4E
:10F4B000DE79EF209E37505013E85693A2CC73119B
:10F4C000E2DCD1CC2501EFB972A25DAB8CBA75F24A
:10F4D0006B4FBEB86A3B7FAA45D38D7EF8F919BD44
:10F4E0006B60647855C740B7D4D7F565623B03F5C8
:10F4F000ECB01A935C4AA743DCB41F63411C668ED0
:10F500006BDA06433E3C66D8BAFD5C53411E30A818
:10F510002287D453D6FD7F33A570ED3ECECF8688AB
:10F52000DDC641394B17456BE5A6ACE16A699D36EE
:10F53000373A052FB4CE3B38413E75C11F20172105
:10F540004B3B4901553AF1C14FDC4D90C01EB728E5
:10F55000873D3C86AEA0EFC78428A5979EB123A81F
:10F5600052C3D8DDC35D0AE99AF7BB44363A3ADFA5
:10F570003E032BB094ADC70559C9DBD33B7160E79F
:10F58000BDC4C9AA1E132FB9D33997CF81EE294E16
:10F59000868EF8A83385FC20CBFD827A31A91760CE
:10F5A000C48E4379C966B85C2A49A7C93ACD788127
:10F5B00083766C09D728527AC51998281DAF761B17
:10F5C0008C2FB26C7AA87CEE2DED4DD675B78C7170
:10F5D00040E77E09C39A1F2E5C0277731EFD0E1D45
:10F5E0003B4FC45BAE4F492E6B668B72F89A44E07A
:10F5F000DC3046930A78B8B55A5EC8CD7F8C38ABFC
:10F600000E556F26EC331D935710F90D8E97E14A76
:10F61000F2DF7CFDABE6B2BD135C341B41B91F1CAD
:10F620006D2EA1C897BE14DD9D328354490CEB406A
:10F63000D3D0BF9BD6E293AA6CD1CB8109B7B69742
:10F64000563E971DCF2A6B6572402E4DF47483BAD7
:10F6500076B2035CEE77FDA514EEF37BB81B7D83D9
:10F6600060BE56F7587378B0165DC652E7F1C00C0D
:10F6700098044EDD8BB6FBA7D40E273DCEF5E510E2
:10F680008083F47577DD49CDAAAF55F8CF21F052CC
:10F690009226AADE2E96FE31C3AE0630AADEBC59F3
:10F6A000E136364B94059AB8BCC7B5223DF3DB4230
:10F6B000468CA00B95CCBBE4A538AC1874C6379823
:10F6C0009B542C9289D29F7812E178D7C437FADF05
:10F6D000FCF514F09122A091B7C25400433EF4A867
:10F6E000BC419B7A6BD7D8DCB365F356089C27974F
:10F6F000DC9D9AAC69F60A75B61AAFA90EF840A857
:10F7000062D055C0E1FCFEF55ECCE2FE99B3470A3B
:10F7100006045D3950C43EEDCEF51B77FBD33200B5
:10F72000F7D58CCC11CB89C6479488A52D95318C03
:10F73000B37D0E55AD5A3D9FE1880AD04C783C51BF
:10F740005CAA292364386489D8CF4D104D06C7843C
:10F7500066F18B93373F3A8E4A3859D32DE21DA379
:10F76000F08124CCDE75C6321652355E8A8A90AAA4
:10F770007647ED164EDFE7C7861A82DAD7438A5FEF
:10F780002F5A51B5D509DEA460556E98A3404EA8F6
:10F790008623C42856EBED6396097459E7EE2FDAF9
:10F7A00038A3BBBE1A8AFFF93AE14ED00C9C45AE95
:10F7B000E71B7D6474320C9C6895E8E1900F64D976
:10F7C00075D094C0BF1CA36A0A23E8793E2F34E0A9
:10F7D0001AB9C6298B7EFBC2E28C1CBCE5156EE70C
:10F7E0007CE2C8D6F3DA25FC5CE854A9D37E26F483
:10F7F0003930F14A084411225800EC0BD7CD2EE8DD
:10F800005378183418501D94615A6DF0FBFC5AFB64
:10F81000D76A56E7F26F07140160111C8865412909
:10F820007D2FB4512CE1750356A4E017431B2F50D4
:10F83000113CA3CE9C973B1A086DC99B1EA353474E
:10F840008D88EFD27D6028AA83119E56D007761A44
:10F850004560ECFDDAF114AEEF4AC3FF37A243D5A1
:10F86000834DD4074F9151DD22D5DF1A478DAD2747
:10F87000298A83A15960AE23B656AEB5D6A69EBCE2
:10F88000DA83A9F286D7F50BF2DB214A46D7162197
:10F89000DC38BB5775FDC72A24939CF864A9FF691F
:10F8A000068B543D811F89828B668851A883552021
:10F8B000B2FA39E824A37062C389778E2D07CF2F5F
:10F8C000AE76B0C527864C7C29C3B41AF2FE0F74FD
:10F8D000CF34469250F196557E351E13D01883CD05
:10F8E000A24FE9B2AC0912FC4729D9727A9C7ABBC3
:10F8F0007FBDAB96BC8AA4FBF03516A4136A3DA16C
:10F90000E34E188B5CFC25E86560C39A9F8C382019
:10F91000B7644032132AE88BA69DCE253AFAE59CBF
:10F9200046537666932BEA4DCA073BF9218AFEEBD4
:10F9300014CE96ABFF8E44CC95DD04077630CDF225
:10F94000FD484A25A8B5B62DC4C227A2547E5EB68E
:10F9500051AF61BBA75FDF8D51AF387E8989F4C09D
:10F960007D8B67EAEC5A428ED0A63E7946101DF494
:10F970004B2DAAE871771AFAE0F8101930E9FFF573
:10F980000451CEE3DC9B555F78A4E333F72309E60B
:10F99000B0D796291228086FC631B947A314141B93
:10F9A000ED51FA844176B09041BEE280CE129D3F87
:10F9B000C2EB4997FAC78241075D2A5CB6EDFB0CA2
:10F9C00095BADCE7BB72E8DB7CB1591AAA67F8C8C4
:10F9D000281CA5E9A0A024BBD43C48A9AF79A486E3
:10F9E000984F11F99E54BF92E0354777CFBF24203E
:10F9F000CB00D77938D127D4977F5B70C8EB6F7471
:10FA00007823300807AB47ABF22AD2E8A4BC99634D
:10FA100017CB55054B9B6FE847BCD9C1279476DEC1
:10FA2000419E586BB16347A741BBAC81CA82A8977E
:10FA30005A17EF698ED7ECDD1C9A1EC5D03EAD0972
:10FA400027E4CC1F4DD0F9561F1344A20026BC0258
:10FA500058006386A16CB95943E4DEC4E4E61B7A1E
:10FA6000FB37E8EA9E4331D496269D4B224A4DE867
:10FA7000A7DF2C7904E05E47DCBAC20786CF957910
:10FA80004705FD003473A66A01D817B3B039F06B8F
:10FA9000C81CA9E44F774C339F5392307E282492A0
:10FAA00038B08351CC2D94E99D0F31FA66325788D6
:10FAB00033BF47CA579B795328459C59D1639D66EC
:10FAC000CA88F8F8171AAA4E9267B87CD5901CDD40
:10FAD000B3F834CBCF9345352C1456E118934C0032
:10FAE0001996BA05FC7EC6D82F221D387F43DB5FEE
:10FAF0002F3014209C49A12140A6084A03C867FE64
:10FB0000AC98B5EA01CFF40BE062FAC80E7018CADF
:10FB1000E1837F85DFDB6FBE2FA37FAABA96876D57
:10FB2000AF2F558CCAB57971154111DEE9784EB306
:10FB30004A35CF1DEF9BE18C131B63295D41FD6CA2
:10FB4000F5BA0AC7B814EDA3CAB84CBB691E2D4F4D
:10FB50005E16FEB8902C56C72F65F8452BC163671B
:10FB60000E7325D2FD858644D1CE670843CE1AD9BF
:10FB70002D318E8552CB5F207689F97F86C9061399
:10FB8000316E6462E068D3C9B21C81264C5299443C
:10FB90006C490856B45D90FEE068798ADFFC245E0B
:10FBA00076922667B57C16BCDA05B88732A48E1D1E
:10FBB000BD797FBEB8F151E8B5BC4DF18C90DB3317
:10FBC000B442C98D9E443B50615D9A7E1A68585E6E
:10FBD0009E9AE0CBB95DB21CE286304340052AA86C
:10FBE0000AD76FE3A1BB1E5B26D8E7979E10F7D21A
:10FBF000D3377FAD9C0DFEC0E0B01011C57FDC7423
:10FC000085F0BE6F4EF7B745DF45C836B4CBCD3172
:10FC10001521D8EAA662D7A9A298723F7A8B98F0EC
:10FC2000BF783A14312024CB42E58B8CBA3B898AC9
:10FC3000AD370B91162DCC24142C32BB4E421EA98D
:10FC4000EAA2213947682365E811F41AAC20796BE0
:10FC50000BFF4522C7336D2E1272C493C35A67AC93
:10FC60006BC3B601981321E54E98779741003F3357
:10FC7000D909947680E276A0D9C0B81D74FD1E4CD7
:10FC8000B30462096ED53FED10CBC407FAB9D4C9ED
:10FC900062A4CFC587ADA15250468CD749C3165533
:10FCA0005802D224B62296248D71CF1DEA30EDA2DF
:10FCB000E54A3732D4C34488061A8E1DE8EE15741F
:10FCC00013D8A97DFC31ACDD657A51AB275FF73ED7
:10FCD000ABA17B1C40BDE3C1B1E5E10857ADEDCB65
:10FCE00042E0D42CF9AA61B8621172B4F904D34885
:10FCF000397FFCD45C78FD5215A432AE03DBD04CC6
:10FD00005F52B1A5015FA12E7EBD7E90E9032AF767
:10FD1000A6232E9EFBE0D8873F9F74752DB42CA69A
:10FD20009674FCAF12C253E1F4F48B165A6F7AD278
:10FD3000C42D6D8F0CBD76737A72C122360F4E7C46
:10FD4000BB17C2F0440AAA333F0744D54311C2D6B9
:10FD5000067A59C34B30C8A1AD4F0550599FAAA888
:10FD6000194F4C9D1385E2A2928012C3AF92837CFF
:10FD70005D39B849AF673A69A5A53EB7B7789D6ABE
:10FD80008ACDA1A46E337EA78E5C360521DF7AD59D
:10FD9000A95D56A6D40B1B27EAD9284230B12A7395
:10FDA000FD60E8A49D8CAEF318F2F1BE35886A19A7
:10FDB000234485637076D29ABB43A0EBB76BAFCC7C
:10FDC000AB949A1D8B71E8031BF2E232406BD46155
:10FDD0009E89F6B957EF7D292D1A7306CBF0D3A56E
:10FDE0001B9030884BEEF02778F66E4C32B163E210
:10FDF000560ED39408157381BE6618CCFB1891A6D5
:10FE00004864B08FDA9B98C013E21F1FC9B630C098
:10FE1000A5108963EF8237B220458C33A16B0EBAEF
:10FE2000A1DF42179438621A61A606B6A59AB46992
:10FE3000EEA9D5F554543AB5794E7D5876C2535053
:10FE40009001D655889D61B57BE424757294745FEA
:10FE5000DAEA9D3E00B000B9588FD3D88BE647AAA6
:10FE600090275BD7D54532994D2EADD71CFB42F874
:10FE7000C693B20D76A16A7D57091E25B995EFCDBF
:10FE800074AC4B2B7778E13ECF876636C169DCECEA
:10FE900003EC8B54B608683F78D80B4DBF3BD80AAB
:10FEA0004C240799A4EF0EEB781175AED04AC5DA51
:10FEB0003611812CD010FE6512DD5732883EF68C4B
:10FEC00055A447BEE80D08E9F001D0B1A2C8497BAE
:10FED000C3841E817BA172715180CE4EB4FE7B2DF6
:10FEE0008145DE6D58BAD5C8C73BF4E29B5FDBCBDA
:10FEF0008097D7B120CB78FEE71DA8D774E5AABBC1
:10FF0000D5DC997E47C1A916499F6A31824807040A
:10FF1000CF88A8C96F974982987537FB3459A2E4F6
:10FF2000590889DF7F76BE92A7A2A50BE9F5328535
:10FF300022EB78D1218735BC53C7E23179A85CA088
:10FF4000BA7AF549AC1720B961664C7C65F5E220B8
:10FF5000120C81BBD2CCE66BF2AC690A410F936301
:10FF60001FDC21D08AAD36C4B24D45A1034301D573
:10FF7000C7F9DD50A1C46F7F21D86914FB9E5024BE
:10FF8000A0351D552F7B2FF80E1D408779912B6EC4
:10FF9000476BCAEF5658A9B616BD9915744DC27174
:10FFA0005F40B1A3286264EABBE3DCC9CCA190AA9C
:10FFB00029510223EC05EC2C7703C68FCDF0CC231E
:10FFC00070C803EFEC3A2D431E4CCEEDD912F1F080
:10FFD000C105BF7C487EBC8B748CD9FF9AD3F76770
:10FFE00016C57476228C32EACF2B65BC702DC4C343
:10FFF000A56D997EE52882164E7DF6BE5AE000C0BA
:02000004003EBC
:1000000061AC6F3165ABD8A5A6AD45C112E87C1FC8
:10001000A57529E1274508B64F8C080E8D86E4B8F2
:1000200063247CC8807FDE296E9D7AB898DEC21E6C
:10003000A9D31B4B9F6FF2E602C3D7BE02E3286B26
:100040000C0BF4566748C799049691C98F669009BE
:100050001F7D0BE365C7F025917D947B81CEE35432
:100060002EBA68D094CE9E2D0B62E87F73FCCDFA39
:100070007BC22CFC5C760E45BAEF813B3A04B1CDD5
:10008000BEDC51BCD9E82EA09C7C8AE0E53D3FE86F
:1000900020D3A852D833A190F1E83A9796BB3B11F0
:1000A0004B913A2AD51B62298F14CAD7E1B24D5D14
:1000B000076E8A60C7D16C2B90B3AD6ACD67407272
:1000C000BF25ED2AC3FD7F12A7621476EDBAD53D98
:1000D0006EE29BC68131C611C176572326A09A21B4
:1000E0003B8257D8BD77F7D9231F4E1C22EF2C47F0
:1000F00059ABA189BBDA625DD774CDF78EC49A7D06
:10010000693D486A4C215774D938041431A06B7B7F
:10011000F7461E79CBC1B74D3064855AE6D8F7DC77
:100120000ADE29F9A57DA7F68F3ABDD187D45820DC
:10013000D0CB7AC81754E1DD62F4015B90BFE5E8EB
:1001400045BF421923061DB9B2BBF7AFEA585D5D42
:10015000F3AF4772AFDD62E31871621DCD59F47DD4
:10016000EF2CDDB20103AE88AF8C43D66E9C213FED
:10017000FFE051BBEDB20C6FFFC3B7DBD8F4A0AE0C
:10018000D7B6E340DE40DCA9428B0AD16BA80CC095
:10019000B704D344A9EF7E2876A5003164ED922DF3
:1001A000E3AF89D3ABB981636DB807326372C9ED30
:1001B000F2A1F9FDC0EE4C9508ABB84E8E3E53EF60
:1001C000C400A6A6B8C8F48E3E7D59EC1510A5CA89
:1001D000C6CBE7051AF99C385B52E4F187BC7F7007
:1001E000C27E4B830C22B3B39C7F6DDF1B4B17F495
:1001F000B31F433CE7C450606B4D28F79504A7A795
:10020000AA04BEA4844BB3796BB809E9556B937209
:10021000BDC13346BA9804E09A77630E31D0EDB988
:1002200055D6A2015A9CA853B805E149623AFBD8B9
:10023000C6ED5679B0AF2416C93BEE20AF1D58A2CB
:10024000315B7D9C0804D1E719816A096DC2C88CB5
:10025000A82D0DA720133F58CCC286FB5C0886F65C
:1002600034C38B27C1D4893937795AC19CA66F23EF
:10027000D7EA209615B812794058CEF629AB4575C5
:10028000DE70CBBEFD3AD461DB61B00A475330DF8C
:10029000A39F289E1367D538F18B27FADB86236C42
:1002A000C4A0A7818233DF953F036911DAC02673AA
:1002B00087B726C9662BA38077513F5E8F4F962064
:1002C000381BE839EDD7892EF8BCCD090B3006670D
:1002D000CC80725414E3F6FEAB7F50CB9D83D9DC07
:1002E00060D9126614485F39E568A51D2315577358
:1002F000E14C0FBD4670823A7BD092D38BE2E30E85
:10030000AF0FE9EE0828EA9EC918ED4F753951374D
:100310000702D0934201EED9B70CBB0B51D56BE469
:100320008154165AF28BB49B9206CC2CA24A8BBBFA
:10033000CA73C320F7CE2907116D3596A40C5D3A18
:100340008DFF9A3D4818B529BCF1C63FA4E3CF5EA6
:10035000E25048EFD03888DF81E91B92EEB89F0069
:10036000606FDCE5400203B1C21C54413544CF86C6
:100370003FA10B63E97FAB7A686E96D90B1C09DC51
:100380007A640E742688AF1701D759167D96BF3947
:1003900099577DA703B0E56BBB94189326A83889BD
:1003A00091F790EAE3C3C519586AC8EA1CC5BA2890
:1003B000E4E96847F09835E914F86931028C2BC5F7
:1003C000EA4A18387DDFD823F9285F214B3CAF4E2D
:1003D0002AEFE424A3523F54E675C634C3E9AA5475
:1003E000F578BB67950FDB3EC3F43B67ADAB0616F4
:1003F000A9EDAD693CD659E95C7CF907403D56341E
:100400002C9EEBB0AD75726E7B8DF0F0F29B61634C
:1004100073C125D7985BF404DCEB70817125CAB2F7
:1004200077A84C7ED1D3D9443F784A97D0E96590DC
:10043000B6789B2DD04F465639AB30C6C2436EC4FA
:10044000ED6FBB2195D5FFC802647E33BA65AA73F0
:10045000F24B802F08D691CD71C3CB900AFE5FC0BE
:10046000DF69F73B6E91EB767227BA0DC3CB2DE6B1
:100470008B444D59CFFA1B4EBEA176E045519EE00C
:10048000C5E8B5C01E7C6D70B6EC493D7136259A45
:100490005CBB35526EEBFE12E12746FB466C474BC8
:1004A00081D80DBF507C661F85F0D7E1162C1C2B20
:1004B000C77524720EF82F0C97EF5DD7207D39E2B7
:1004C00037B932F863E5C9EDA505ADBD74A85A90FA
:1004D000E3E1BB4EDCCBD9B22886C9A366E069B99B
:1004E00028C793196640C83841E59F5372A09F2FD3
:1004F000AEE26D7201A11573363F45A9F3E31E3BD1
:1005000042B6B64D393A9529771FC79BC322F847A3
:100510004DC1840CADF57E664C3BAC28F0FC9206D8
:10052000EC872C2C9DD3161A9DFE1E2D82700CB4C8
:100530007B229ED2E2DC0921B13B72070337E775CB
:10054000AAABAD37CD619A63E5AD98BE3D44385A4C
:100550005287CB5F34CA2A6B0C280F6104908879CC
:10056000D51D18F1AF68B5EC8E1EE816C66D128A5F
:10057000529F22B0C9ED5EA5B43F525507BA004163
:10058000F8FF3D175B797AB39B916A7C9DD676998B
:10059000E554F1E4D86B3B5C1D09B5C8E9128A0A41
:1005A000BE7C0F22ED8C2EAB3D326328E5CDB954D5
:1005B0000B3B43E7C4E82CC3A0890E641EC3A74AC3
:1005C000DDE86A1E184C970EFA621CCF6483BE7D6C
:1005D0009FC2AE60A4DABC93582CB31135E43982C3
:1005E0006CC903B48348B772B37E896E75204AC163
:1005F0004E14BF3D747EA3FB18643F8C5E9AEC1CC6
:100600001B5263E8D3AF59A70F778814563F33D5F1
:10061000F2838A1DAB6435DEB1AF484710A608658A
:10062000186406EFECB73E0B8AD6B60B28B90E7DE0
:10063000014CBFD6BDB802B0617246B0D21FAD2723
:10064000944A3F3728E71A272E66C45962F2F114FC
:10065000728843023E2CABCB910E6D2B1B4ED812F1
:10066000BBCFCDEDB77910688F8C488232B75E3240
:10067000731D28CF5B08B343A61F16B08A0F3067DF
:100680004E182DBFAE92B59FC1C63853DC40F60D53
:100690005DEB68A36D5A430422CBA8C26DF4BA6324
:1006A000275D6F38C8646C62D799A6153627051B7D
:1006B000F5AE77379594F3C1EF8D618733FB6D808D
:1006C0003273CF9FBAE7CC201F4741DD8E298B3B89
:1006D000C799A1FFE8183CFAAE58B0949E44F8D1EF
:1006E000990097E9A0DF652B334BA9EFC47AD511A8
:1006F0004FB294E72469BD8968BFDB5666AF8C9E14
:10070000461A11C4FC4E3CB08F9989243F55A66807
:10071000B8870CEE53B0690FB19CCFA619B7EF851F
:10072000A22B95BA9B0E64E00C5BBFF554F1CE583A
:10073000C91B77A08F56EEA3584AE427537E6F0E4D
:10074000DA7AA589FF81977410484421F973F15032
:10075000A03923FB9328E9BF3412C287B9E2D0C184
:100760001C2B8C7E860A6963A4E325C6B762B1BDE3
:100770006C3263CDEA9320F813A6F29461CD357400
:100780001BBC40046AA045F6E95B3AC06BF691C811
:100790008F3D66168F5105B6025C8CEA9D48A9759F
:1007A0005D9E4BBC95B4DF9C42AEC8CE58B8C59692
:1007B000B8DF28DCA5DE842B1EC68D4530107A50AC
:1007C000B15D74D34D1B017A098AD1AF873D6D4D60
:1007D000EEFFF56CFD7CEE5644B7FDA1F8A46F84E6
:1007E0009E083F3EF742FEB23FA9C257616C002D02
:1007F0006DA6F9615185AA39D20128E77BDE2B7CF1
:100800003CC471D90FF720FB651BB1EA098EE27871
:10081000C06A9C87C79AB66032F3025FE6A9668910
:10082000A7B3B5BA39AA753106FB3DEB67C2E6B28C
:10083000A11A282DDB8A9BDE39CC1121E532A5EAED
:10084000331E6612B1A1E257DF23383C2E51A715A3
:100850003C77C0CD732513BACC27A147D5B2B7706A
:100860003CE060C6476FDCBBE595A5370AD4E05C89
:1008700064CDC7600DC1816E9FF39C789ECBBEA4F2
:100880004FACF8B3CCB8EC0BA37EE935BE6DD32BDF
:100890000B5125F09CC497D0CC6DDF8EDDAE80EC83
:1008A0009DF3E3744CC4DAB6EFE4DF54C5787F7A85
:1008B000EED0A54AE7E697EB8EA5E770E14CAB9B3F
:1008C0006CD16A7D71A2C192419B84024AD10224FB
:1008D000D4FF774EAE26EC6D3973BBDCB28D3A5740
:1008E0003AD521E9616A13E8EF691439C2C96DD3B9
:1008F000D22D185DD5F54FED985D012643389AB29B
:10090000388604B393E08B6C7AF2604E165261F233
:1009100049122FBBD9A691071B33EF96BC4E996B9A
:1009200082D9204E9228866A5BD7988E04D1EF3800
:10093000144635D1166CE27072958125376919120B
:10094000312A268DA36724209FD0CAFAA1CE36C0B3
:10095000978E89D7D1A614D8BE5AA0666371B0F914
:10096000466C5C36FA6363D790C47FE21E086AD394
:1009700019F93CF8ECFF1F269D0BD6687DC9A6F33C
:10098000D47BFE8623E6EDBAB1CC66463EB27398C0
:10099000356011756FF22BCA916769C5B284388FC3
:1009A0002B15B01006B4217ECE503E815E69C0CFBB
:1009B00098AFC4BA6C101FD8EC3FEFE4CF6A47770A
:1009C000B516FD9F5B79302D35809DF41779047540
:1009D0004A7E4AA6D33C28B5FD873583057C14F8AA
:1009E000362A3296F9DD14243562EF865050113CD8
:1009F000F2C2163686FEA015CA9A89F0173BFC088B
:100A0000013C138CB4CED2E24C1FA7DD41BA8D8ECF
:100A1000E0AFB31CBC66B44174E5F52DB63AE04DC9
:100A2000296AA79F47473400D7B611652CA362BF38
:100A3000E005F12AE806BC51AABFBA30D3C5D9896E
:100A4000F2F486EDCA1627B449A9009673B3352A85
:100A50002585934E590ED26C51042B3A3603BF1C98
:100A60005BF39AE6940BD6A76A57155C653A7562F4
:100A700053972B8C48A7332015598084AAD13EFF69
:100A800001082A9C4F358E9E84BEE7A3E50EAA512D
:100A9000517CE25E4DDC34E4BA3E779EBB4E2F2B98
:100AA000BF07CC3B9B3F99191C9346134CB988DB7D
:100AB000D87CFA8B3DE994323B394B3D04744A9F14
:100AC000CE4D4D66100B39F94B2D27D447376F7D2E
:100AD000BC3811049E62EE78F69E3D024461A5F298
:100AE000E8CDFF270FA460B5404C56B0A137F8A45D
:100AF000B8977CA6F456E335F08B79FE48DEC6C87D
:100B0000914A01E5700674F2A2F02BCB2D3D5E0DEB
:100B10007042A28F89D06AB9DFE903660DFF58B32E
:100B2000B700B4FC2A8B6BE6819A8E5FBCEEEDC8F1
:100B30003D039C524CA72B15258A2E97BD540D3D85
:100B4000D835FE91FFE399FF71E280F556BA55A9B9
:100B5000BCE211487C4E5A1584170A0CF32D5691AD
:100B6000D6D0CA7E6B3756AB528B2A1A21F41A099B
:100B70004703FC4A87FBBC197FD9F553B6F1A0E8BF
:100B8000FB71FAB6A800A07337C76BA183B7EE6CF0
:100B9000A5DEB6753166CC1C0CA40102026AAEB3A8
:100BA000228E1818F283D00486D22B2AA9FA75DF78
:100BB000EF66B50554CEDD2C07DAB586D051C25E9E
:100BC0006A6909D5134E43060B758B694C7627303D
:100BD00044A3F312B19BA08F19864514941F0A2CCD
:100BE000EB31403F05D3C26278BD569F8B4ECF3369
:100BF000A8991EC4602A8A778EEDCEF5D9AEFCDAAC
:100C0000FA3997757A674ED8020A3CCBCEDE7D76EC
:100C10001EF68DC667C9A6FE723ECD31CC70CEBD24
:100C20004827852DD90FB51A1C8E329CE9729C0875
:100C3000F63BC908F69CD3F944B42EABF40CA5FCE2
:100C400075AE794AD03E08DE1E9C486764D6FA62CB
:100C500008A273ED9A5CEE76C426F3440E874539FC
:100C600043C93A0C3FE05D32A8F3DF73D4D97D70FD
:100C7000778FF6BC79B0735800730BB9F3B6C26BBB
:100C80009E7218B559597F6055F6B0E14AEB8BA3B7
:100C90001A4CEE6584BB6C4EB6DB85BDB251C85DA7
:100CA0005B4143EB4AD0A7B25F4C19F12F1F7E4541
:100CB000E0F09FE89B2708D5D15770EF6CD2160F54
:100CC00095DFB23CBBB2EE948EE3E95ADC519AAFA9
:100CD000DE3199D1BE2C2D1F3AFDDF3E33EA2A606A
:100CE000F3DF508FA598D961A3D6F963965F76415B
:100CF000DF7729B5C339CDBC1F6A5133A1ED5B3312
:100D0000F35EFB173C0798A80C5532888C94EA03D5
:100D10006ABB51B5943A7DD601173D1378A2FFCC3A
:100D200033B70B81B35F6CE1715A2EFF63069C6C85
:100D30006C2214873AD0D140E7C3BEA395E1D541D8
:100D4000B5003BF9DCB61EC4CA7C1B2526ADBEEF40
:100D50008D4538579F25EB22E5EF5368A468ADE435
:100D6000E443BBAE9991EAC5B8C5FDD93C3C53B14B
:100D7000A648A7203AF5765E7A475CE34EB8AC27E2
:100D80000E9FF8BA297B0355DF1FB09868A6F58F30
:100D90007A0C57EC6EEFAF510965D843DFDA532078
:100DA00025A002A22BC90ED6B2287E7F30AB537984
:100DB00036088D967D84CBDB1C7E885CA765F9FAAE
:100DC000EEE055869CDA7B63B91CCC9DE65EFA7D2D
:100DD0000BE54C09B6CA2B8EA716AB841668A9354D
:100DE0005A67F7AF2EDA2538EFB86197A04386F936
:100DF000F6148E0F8EA097CAC32470C809CD9FBE6B
:100E0000E4C63E70CD9B6AF47D8A5EE1EA5E1B2DEE
:100E10002E14C3550428B8FB068E30981D92474CFB
:100E20007A6B6240FDF3DEF80B28968662722EB96B
:100E30009600879CA5879B95291CDE36FF04CE5320
:100E40003B25AA66A86D46B4CBECBD979F4782466A
:100E5000AE5BBA15EBD4EBF37A724B5C6A1887ED94
:100E6000F31A0B7FF0640702FC7A72B82BD060464D
:100E7000E40B2B02C160ADBA53E1F8CA898C770745
:100E8000D19FF7D0F728A4AB008654A6F2791DBCF9
:100E9000ED36A610E973FC4273487CAA22E344C3F2
:100EA000D9FE57D359A99BB7C412A809B742DAD5BE
:100EB0005F32FA34BCB015D0AEB01079600E01517B
:100EC000712930E97E38D41E5652FCD37F5C9CD801
:100ED000F1AFB56AD37A20DACFFC64E67C63075FB2
:100EE0007FC6DFE0838641E44B25F2409249F1273B
:100EF000F5734AB0307351C148BD9884C02B127C41
:100F0000CC286E33237B39F94D49DDB00C9353D196
:100F1000586CCBD0D0D2E97060BF3085B3DDEB63C5
:100F2000A23E13E7F6E83A698FE4C11B542412F29B
:100F3000D3ABA9C9FBDAAAA62FF6ABF16AA0274C5E
:100F40001E95AF0CC77CA4A219EA40015EEAB7392E
:100F5000A1B585A50812A8F04FDA72F8E9C49E443D
:100F60002BD80E05B61849DD9C1C9BD66ADD90D3A4
:100F7000FC6F3532C5E9643E4295E481428503FE4B
:100F80008826C03017F09A45A4A51229F8ADD3954C
:100F9000ECB377A7C223476DD9C506C5F43B8B6474
:100FA000B47260B7C3F76A4BE11E998A6CA5B66A42
:100FB0003A3690B8201F6478BA3B6D78808E75AF52
:100FC000DBEBB2E84D1E16E3B0160624702A338F11
:100FD0002006B10985C7B7EFD751939887DA771DF7
:100FE00005AF199FD2880CBF078172ED75ADD53062
:100FF0001DFE8B4EA38A92280693BF16B880CF8918
:101000002EFD6B320C4A87C5B08340EC1419FA32BE
:101010007A8CC1359346987AF6740B5107349BC885
:101020000BE3F04FC50F6D84AEF327C5743D235E0F
:101030003B532A45A411EC9606052E226B6DA9E8B8
:101040004A6FF216AF32C280F88DC7A56A2F20A86A
:10105000B81CA6D42644CF086E6C09EDD54BA3D29C
:10106000A21FCBD51BFB83A32E8E038CF90E8CCF36
:1010700023FF003D1F525D7FEE2C35295165E17441
:101080001602E33E4A752CB5C4EB69A7E02982E15C
:10109000E730110867A1D786007F90FB095D46BE47
:1010A0002DEABA0338C7C4EA1BC16D1B3A7E0ABBDE
:1010B0005B197354946BD9A34C326796B6567C5423
:1010C000FBE56E1DECE67C99A84B31B7CACEFA8DD4
:1010D0008B0B45EFAB35A00BAC43EA05452118AEB1
:1010E0002690FED4F0024399295D3333DDAE6C25A2
:1010F0000E56CDAF32E037EA5124E9E82B62DF0E1D
:101100000856F96A1CEFDD876AFC5E1934632D22EC
:1011100048257B780A34FC97D6AC26D20096B4D406
:101120005DE4745D1A911CCC477B6946CB43470C48
:10113000A1FC17E3BFF2C4707A79D52F88E279A6B3
:10114000B82B43FD59B00D583286FAFD1D8BAC2FDC
:10115000908991D0292FD37A8492F17E1E6FC54257
:10116000A04788F92B242540C5E06104CDB706844B
:10117000CC5E5A14687BAA0AF31CBDB409B817DC0C
:10118000085A4A274B633FAF653B75A02FD28E3379
:10119000F6C39BD75240024AB1430DFFFDB1B4B92B
:1011A000A54B793A0144383A764A0561D4EA1B5F87
:1011B0004C425C07691CDC8ABF9562C94F954B069F
:1011C00060FE3AC393C14C738B3FA15E1819EF8048
:1011D000F8A7945E55F1ABBC8FEA339F9E509EFDFD
:1011E000F591A560F09ED012BCEF1BA832546B7233
:1011F000E5B8615DC7ECEA9801AECC3888656787D1
:101200005E43FE3C1864A700665525C9F83B8CF286
:10121000C54B0FBDA1125561C87DEA6DF30CCA6BB9
:101220009C67198C8BF92962BB97C7B4859646CD0C
:10123000908416040CFCCA3239E150B95210133CA8
:101240000A1D622CB645A0304EA179EE14EB44D3B2
:10125000CA6B9F76890B50421C83551028FF5FF3A1
:101260009832CC1807C79F6596EF9E60BA94D63F18
:10127000FBCD8256D653AAFA93FC973BC9F73FF9A8
:101280009B219A115D710A073F16685EFF0B6B0583
:10129000BDE506D3331252FD92CBF7544A646C6518
:1012A0006CB790BF4D901376E6AE38BF8661BAF347
:1012B00046FAB2DBBFE40F3088C4522A2FE0873EE3
:1012C0009F4D39DD4B7F5088B7F7C471650A8DCFCC
:1012D000F07C8E5F20F89DA6BA6B7640C9133E0E57
:1012E00019E6DD964DAC37FE92AB7ABE46FBA2FD09
:1012F000A379309B8DF0D3A06EBDD44BB7CBC90082
:10130000466D99CD7B2B5C6D52E6A5949C7D449BEC
:101310008905E415E1084A5ECFE59305BF7B0DE63C
:101320008D7274A44EF9BFF0E9F6C2B3372DF21FE7
:101330006C9B062A187F80E665604785A4AC9C33C9
:10134000D6DE16B8E4DA2E27E9A39FCE3496E82637
:10135000C70BBDEA80B6BDC587D9CB053AF4A4BF9B
:101360005C6E2BA4B7A7A372B726E7E78BEC07E167
:1013700004FBDBE3F2B02BACDE8951ABDA165CE2A6
:10138000650465AC9EA3DDAB260EDDCD755679D028
:1013900022074B48B09DA3CE365BF72D36C1CD3327
:1013A0002ABC8F62339EB7A7A7D428B18E697E4F1F
:1013B0004DCEAD6476AC4B5964C4B0A92F18D02281
:1013C000DA64F24C8A630EBA07AC56C89EBD69D97E
:1013D000BED5C23AB78250180B4D12834204D9E1F0
:1013E00029910750D013E2C7A8C8A0D8B014161688
:1013F00033C32630DCA6C5EAB1131FF9C8E623FBC8
:10140000370907436C2B2663768704C8F4E9206705
:1014100095967A7F141FC711F1DC71B7DC93E5B4A0
:101420004EA1FEA879B76DA1E046CDF284A2BF7FA0
:10143000704D79FB17D618441D56D40073C9F4DCDF
:10144000D4E547E88296B5F2AD16E209E764515358
:10145000BFDFC444ED81B143D623502DC83550F7CA
:1014600029DD0A0FB28A1EAA5AA5D6C8D7B7B4D3A7
:10147000A2D15514386C3CE3CCFCD96B56BF1B058C
:10148000036E17E4F61E80C1EBBF9E1CCBAB280693
:10149000D6F8325ED4B740738487440B02623B3483
:1014A000C1D0F4791A5104EB16F066DF9CE1BA99C9
:1014B00022298754502A3BFEB5FFB81CAB69DFE5F3
:1014C00011C84D6C137F64DE220D32ADDC199835E6
:1014D0009A40761CB84D827461611858A365BAB7FA
:1014E000B324A962E054D51358350FE09F1FE05094
:1014F0006B5F6B2A62A65D2F452A02C0938D9821EF
:10150000EDE8B9D59EA373240EF38451D88F38E546
:10151000E64D28E47E1B577735117B4E9F178DCF04
:10152000B1173B7317DA65D3183B9C3D68E5394129
:10153000C327D2380CD8651468B0EE41384908F397
:101540001CD76EE8760EA6B328810EA0B61F29B56B
:10155000A912E07BEEDAA9EED54D2113CEDC5E298F
:1015600001951693FF58CAD98FA9C74731C8B273DE
:10157000F312A9A9EB16A236BDEE8AAF7EAFE18FBA
:1015800023B02F91E2F573F06126362F83C11852F4
:1015900059364B95C794F333F242F87DBD7B318DBC
:1015A0008FBB2960C99059E1C7FAF45B93A9DEEEBD
:1015B0008EB36444A3FFC167E9A9B9F6BFB2B263B1
:1015C000083F059CBD096BD9EB0D7137477ABB63AA
:1015D000B4A1EB4E80BB5D71FD1E28522506AADB2F
:1015E00066602CDBB776DA2C8ACB3AEBF9304DBE4D
:1015F0003CF6867C51E127F7217B14C70FE5F8F014
:101600006B26E8B4F53AD172AC9B4BB300EEACB0AC
:10161000F8A78C323E2719F2089D3AD40B7C364449
:1016200029AE9D95345C1D124B1AE21AE96B2B43CF
:10163000FF33F30D4B34F46D000C1D7404FD6FB2D9
:101640008279FE6F8A01E6906070541880E7303A24
:101650001BBB07461C9C6922137E0A1FAF0ACAC81F
:10166000A8C302AF49E906C7C466C6E1F5BA920A43
:101670002191584C426122D6C5C1F52DA7E0C6DDA7
:1016800091BA7F5D79F41A1AE6D74408B7ABE93509
:10169000017605CFBB2166A8B23B92475FF34DD2DE
:1016A00096180B34D078270C528659AD4B7A1932E4
:1016B000F67E75B9F32D613C903195A99BF8714B7D
:1016C0001397191D4DBE56F2E63098FD3D4098C760
:1016D000CEC8F09357E6AE13A01D4585D178010C16
:1016E000ABC3EC7AC385F8CA14C904E38ACB6CC3D4
:1016F000FD42970479AE13BE08F1E01C061DFF59A8
:1017000004EAE8F719A91B76427FE04E6A1460905C
:101710002CE5465F270880D78409312FCA2BD8B51E
:101720004D13D73966097A5A963A0DDCE820AF395D
:10173000D52E6DB8E7B22AB44A5EEBF4523CE2F61D
:10174000AF1C10CA16A435C473F3B34F38D8790F41
:10175000091A11AD2DBD7343C90CD5CFAA3064153C
:10176000C576FB8D365F7861EF1BDADEC81C192D5C
:10177000D3DEFEC9B017374BAF75EDD82782B5570A
:10178000413ED6D1A32D15575D5BEC4198A4FB6279
:101790009DF56D8EF372B1B81574DA3FA26C5422C8
:1017A000C2CE56CFDFBE73FE4CAABAB79DD0D706C5
:1017B0009503C76FF55B05F43F4784B551AF382AF1
:1017C000C77339D8E6DA0B25D475A4832348E664B9
:1017D000BAA8DBA52A1CC6A56E6D0E1061DE093AFB
:1017E0006FA5A0D31747342BE35715C5C8DFA43F17
:1017F000A323914E6AF1AC12A3BFBB18473C9BB91F
:10180000E852BFBA518AEBBEDD2C3B501F0EF89355
:10181000732BA21F82ACFE11EE3E869542251FC897
:10182000214CBF8ED53C8025873B52356C1F170459
:101830001C6F06BA7F76EBC4B5EB400B045F9B28A8
:1018400087CE373EC59A624765CCDC4D6A63E52D8D
:1018500079CEDD5850C1A9B6923D4A13F3CFCC8B57
:10186000CCA33ECE303781379DED0FFA8258BE5360
:101870000CC5A60DF3E8AF4CFD5D3ED9C7D9A6DA7D
:10188000DCC5F4FA9725851B6E5391B9F2D0AF1CD5
:10189000EB4DA014CB9D59BEFFA2AE6BF51E688C1C
:1018A0004A6DBF46C4515B8121B08D3FAEECBE4C4A
:1018B0006CAFF5297AD42F60A5A53BA24855B38714
:1018C000CADA5A06B4A7BCDFD7647DC67D59EB4E91
:1018D000F4E44420C3D8A3ED5CE2E099687C2D11C8
:1018E000BA5263D8319619836E419535B5E1BD7111
:1018F0008746AFF8ACD616371612F913962372B78F
:101900006E5F1B6B34E4712D2E949CE760A24886B9
:10191000E55447AEF94BE08B18795992377EBC926B
:10192000F5E9739293E63BF0CBFC6780A8DBCDAA88
:10193000A63C4F707B980157F16A5BD5ED6275F458
:101940006D26A1CACA2D01DFC1EDD6808619A7C0B8
:1019500056E9B7295AFD9C7E49D9F015BF5EE5AA24
:10196000FBF2380CBFE0E5C5C707CFE34BACB2E3F1
:1019700017E1EA7EFA3B12F523ABEBEC741A09CEC1
:101980001940146F12AE8CB7C6E7AF9511B85BBCA7
:101990009F266131208E1B310E8639A94A55083F9A
:1019A00050466DB712913B5BBB023733243CA10814
:1019B00068D30B393E205A050B86CAB703259D789C
:1019C000F89DACD778C02F4A850A2E7891F8D82494
:1019D000B5B05DF2D785B94E0C1AA4C0C8CDF8CC0D
:1019E000969BB5C5ADCB561F44B2910ED5469B8292
:1019F0002DF42B3F16DB448A5EFE7BDA7681A91A32
:101A0000C4F1F0CF7401B1837C2B0DD74E64954B9C
:101A1000D8C54FF407692175740BD4C2E32EC89959
:101A2000D165759CCE70F5AFF78E2216D7326086E1
:101A30002BC08554A102744CF11DFA65943860D214
:101A4000A39237DE834915FB5FA91C02F011D7660C
:101A500083500E6E625CAFDF39C3293A37EA41AB7F
:101A6000023CE55F9C39318DA667823554243D6D7B
:101A7000C10E3987361C8CCECFD900A2B9D91F53DD
:101A80004C7D044B08BACCA05F2205346FB11634EC
:101A90007CA9EA621F1EF18F223E73412A8A10EC54
:101AA00031B4ED3C37787A47384D0AA3B3498C728C
:101AB00095F3BF20A860E4455421149F25D2FE036E
:101AC000C971A1CFB5EDDEF5B510E660A0CA231D42
:101AD000A8D3E5AA536AD757649BB8A61F22EA1F6A
:101AE00003042E268906BAE1784709745AE9A3ACA3
:101AF0006ABDF55D9064E82F528B4CB5139B6EC6A2
:101B0000B4C2AA7CF048F8775066BC31931A88B505
:101B1000F386CBB7A47A32DB92020E7FF8EA4D3F10
:101B2000492F6267699062C9B9187C38FE346044F5
:101B3000ED46CEEDF435017FDC3A185795D4A8C2B6
:101B40001EE82EA1651FB2F8B65F4B3CC1743FAED4
:101B500058A9254B267EB5B84A0F4CA3AB1A5ACAD2
:101B6000C9A27B7BC35A9EFD50D87FB4973354786B
:101B7000F05271C01171B18C9729E440EDE8ED7419
:101B8000B99FE0CA272B08230B079B0D5A91AA2463
:101B900051106A1E73F80A94977D404B7217830B9D
:101BA000FF35625DD159DBA4B1ACC25FF79AC0C208
:101BB00081C2867F6B4A334814DBABC87781F91545
:101BC000AE6FD424821AE2FE77FF8DB54E6A52B30F
:101BD0006BEC70B44C1EAC610F05DAACB38047A35C
:101BE000A80E6292C1EE8514F076AB23181229B4C8
:101BF000179015C4986F72BCD88F3DCE36332F998D
:101C00001F6068BB376B1ECE077CBEB2052DD0446B
:101C1000610BAF76ABF310301DD15955E64DB09D39
:101C20009DF89C975E85AF6557417A6EFD19C62079
:101C30009278DC959BCCEEC1F9FCCA06C0CDC3827C
:101C40000ECF3F5EF5711129CA5D33E8D09253146F
:101C5000A17D8B5F2BBF4973C6A0E10277068FF38E
:101C6000F33C134EC17C0DFDB24D2B09EA88748EF6
:101C70002E4D2F0B8A5D0846230CED476B90F52601
:101C8000649559B75A59D0B2376F3D303D91C36B07
:101C9000982CD068F719E406C95E73F2B10EE544DA
:101CA00013CD69CEE290F1DA194789822A4B086692
:101CB0000232108E1BA33BA8C5E118CCEB10C3F277
:101CC000DD4176688E3B9B9E95022560D4D948B253
:101CD0000A58973428144A30E4B3CC87CBB448FC74
:101CE0005891AE6A14CF3D6A334192B5C5CB8CEAA8
:101CF000AF14167F05BBD4A523ADFABC25DE535720
:101D0000C0915913FCF034F687EA269CA327057A84
:101D1000B675824EBE09013D5C34B341A80C235810
:101D2000F85CF36680178513D2D8D26D473ADCE6AB
:101D30008D71C711EE17D2FE95BAED68C943C4D8AC
:101D40007982B4494D796EBE322DCA565EBBBF84CE
:101D5000A69A60C81A88FB178B729C9080BBE761BB
:101D600031C0B54F86BA0EE75972CAFA36339ED3E0
:101D70000B4C10CBD4791845F95E7EF53B63023DE0
:101D80009863EAD258CE5EBA34BB880F51FED7743E
:101D90009C0065A32EA2C2082CA3E38BC922B33BEF
:101DA00099795F2F45DB1F980879D9139FBFF3DF1F
:101DB00075D2596F977505CDE3411C1753DF1C6D24
:101DC000AED605BB907227223C5FAF332BED422588
:101DD000A739A1E7F74DBAA32A447B7950D58E40A5
:101DE000F91678BCD86583BFE12156D126C35B665E
:101DF0003E8F3555DE49AD8B7AFF72A2E94BCE128C
:101E000063952FB14947A75D2E6F9ABA99CED574C5
:101E10004C09E5031D849A9F536AD4509653F5A844
:101E20009AB8940791D1820D68418D4CA63A78C436
:101E3000E1C6FD6532643A1F3D2C6F48977FC87636
:101E4000F0EC9B52883F77DFDFEFFDC228C367814C
:101E5000E674A5148CC210D903E9EDD33240A24D2B
:101E60001BDD7AED3E8D5A6659B6604B7F011CA092
:101E700045F50611123EA0CD40E88E56F12D4CD608
:101E80006A6FACAAFD3DB306FE679891E58CC387E7
:101E90008650C7EDD4363BC725F20F40F3B15A4EFA
:101EA00038203239F38C6647283CA2A1AD2D38F397
:101EB000ECBD8529D2F39895EA1F934BD4EFEDAC96
:101EC000BC8BA75BDDE3BE011BD340B113FECB8F00
:101ED000B01FCC201BFF231EEF452AC2F901FD676E
:101EE0006DCB426DCEDFA6BD62385F367E8F72232A
:101EF000F6D65D5EF993431C790E0A5C134970CCEB
:101F000041CE521D569DA1A9B6080EE9FFB473AD8E
:101F10002F79A47788C27E63B05181D5F407FA4245
:101F20003B6723FE5E6E9E900142F8E5F07E60C640
:101F3000DE5F3E10D60DAD495B55539B11E8F700AF
:101F400060A9DC312C476B25470A940AFF12D93E61
:101F5000CFB4CE42FAF358178FC2B02B491D3B2F96
:101F600028AE80724E43DC8DA83CB22403FF6A0089
:101F70000B572B928B4CBF0ECD6AB967C2C1EB5683
:101F8000DC5B28FB21637FEABD9D6CBFBFFE636AFB
:101F9000301B54F8212C3380F9BA87DD599AB8E404
:101FA0004724ABFE4AA0B9695ABFF4DF7ECF0C913B
:101FB0006065FDD61B9C60486434786CFE22FC088A
:101FC000AB1C802BB3E57B9D3B3A7CFF0ACE84782B
:101FD0001B86F3C501252DBAC1746C077DE64171DE
:101FE000E6B5C0EE358A32C42C617A122DA9E9BD5E
:101FF000AA416B1A173FCBADDF8F40C26572896D66
:10200000A032F0D439CCE403E83157AF171E2CE1ED
:10201000766B6380D4EE6A7186F16FAB242A6EB65C
:102020002A9F904984EA6B9B098B4C1F74753F650E
:102030000AE06F4A0449A21F8FD1F1B072D62D5F1A
:102040006D94D00891331E76CBD1695AA325CE1753
:10205000C7933D51C1F987FABCB4FE5BEC164F53F0
:102060002CAADAC383F583B9FF34916172B33620A9
:1020700018DCEF20BACE7CEDB3AC466401EA86D919
:102080002BD12F1E5CEB7ABC060290E42ED2B1A3BA
:10209000CFCCB774197E47CE4C6F72133E705C4341
:1020A0008185CBACF55F3C811A23D0976DD71E7923
:1020B000155AC1EAB32B84B528F0C67C8327280FB4
:1020C000C1E632F355F0702395180F00B191789C5A
:1020D000309CAB4964E4B33397802B642A5E2A4A70
:1020E0006268253195F519E6D3BB3FB402BCB080D8
:1020F000AE9A162CF62FBA3D90C11ABEFB754C2134
:1021000010A96D8F333AF9738B48D7D065441AA361
:10211000FA93F266844088F437A0804C7D255DB741
:10212000DAAD5693AFA26D2CD3B08C7B7DA7940013
:102130000BAC877519138ABC7773B64C4619AF96EA
:102140006C61721E52037B86EB5703EFD16DDD9FEE
:10215000EFFCDC3C4492C659C54170E024C2B15743
:102160000704CEFB9723394C277F205D172DC00035
:1021700009C02CBF75AC5AB25A6CB4B4EF05C0A9F3
:1021800020433F18A5E12D974AD5804E0F3DA4224C
:1021900000F084281991DD4DE4CAD4F1F89B60BAAF
:1021A000E34EDE78589EC391D8621FC947D21E8B7A
:1021B0007B9333112518C6A79ED17792BA13637506
:1021C000585250C3B7B02636517FCDECF4D8FA68D8
:1021D000459178497B4FAC2F6C787FDC58544DCDBE
:1021E000B1DFA8D2F8FF37929724FB9BC41D57306C
:1021F000525B0959C6E26008DCF3241B4DCC910BFD
:1022000022D8E6E4C46AC3352D3BFE323EDD8ADFC8
:102210006B45E1B77DA51C501670316C266C2E32D3
:10222000533C2D27D546D87020F10404A2F673281C
:102230007710981496AD204D539B0249C45D70935E
:102240009B11ACF1D73EA5E54ED3C92D965463271B
:10225000A743D7DCE46F07997AA09C4E0435E3319D
:10226000FF4AB54B72BE9B9C0A20F60F1145E9CF81
:1022700036BF168872EDCAF3EA4EF7A7578CD8E638
:102280003956A497895583DCF21F626089963130F4
:10229000BCED36B1C6E9024D0A3ACFC4A40F7BA407
:1022A000DCB61A75011700FB322DFC4ED403E08D0D
:1022B000F7FE32F705091109BE532C8FC03068D6DE
:1022C000454F014ED18A4FC20D67854DE72C8D17C2
:1022D00088D1C48ED163E295FFACBDECEE9C365F35
:1022E00073FD76B49B3CBB476BF4415B2F76A57DB9
:1022F00021639A378AE46A9E5D9D0299951AAB3FE5
:1023000003570E13C13106FD9770D8A70A09A7D14C
:1023100002A0F66DCDC4EE22903C4860D3BD800C87
:1023200038CE969A5717650088E1D320C31DD16631
:1023300074E20C3AD43D3389FE4D13E811AF6D972A
:102340008893CACD280B310ACAA145B96AAAFE50A2
:10235000E06A3483DD0E1BD46466E26D86B7CB770A
:10236000E45FED5C027A4D20FA38F94A21FE0367FA
:10237000E34E30E131C0DCCBCA797A0E14336FBB47
:102380005F81FC957C4E3EE493CCEB4BAF4A30DB57
:102390003D8BC0C3952F785CF799DC4D3A3F99256A
:1023A0001F293BF44B173AE7387F333FA764C0D966
:1023B000E2EC33BEED32D5E1522122C62A9854FF19
:1023C0003AA628A5150E856125A0ABEC750D18352C
:1023D0009878B0FD9085093D38776D6D584B56540F
:1023E00034A76F81B23FF2EA3343A300E55B59D1D2
:1023F000A70F8E5A79AA4EB2901BEE6F06CB152509
:10240000052AB6312CB63FC85D51D33305EF7A8625
:10241000F2E421BB503133C28EE01A1309A5AD1F7F
:10242000FF35E0C7728A8D1E37866256910C1C5CA0
:102430007056EEFFD5EC7A195D570A82B29056E5D8
:1024400022AAC66FFAC0C82F5D811634180167F83A
:1024500030236DF0D64E3ED94F22CB2E74B98E99D3
:10246000A1CE3538C4D1E39EC2AB657EBDDC6B76B0
:102470001C3AEDD2CF9B7F9767A00AF63E0A09ACC3
:102480000A5B0796F49A1F0B9BC58FE752456B8238
:10249000A57A2C3BDE2764E6B138A8F8E40A7A88EE
:1024A0007F2BE05492433C755748C76700A59B912A
:1024B000CDEBA66851C1E3A370A2D9E18E49E370C8
:1024C0005FD30C05635F8C8BDC348899CC8CB700B0
:1024D000D5F45DA7C417F596C21DFE5848FC79D007
:1024E000ABFC4264F6F9CE96E514D0A90ED7F045C0
:1024F0003ED06D59C5A8C17CABEB55A4FE499229CD
:10250000160A58E5DB74032EAE421155992BCDB453
:10251000A524CAECDC7818BC3128E53D394EA2B2BE
:10252000CF337A6B5A39FE4B56A0A1D47C01257C5F
:102530000C9C4D8662A21427342F9DF620224D2834
:1025400008B8AC8BBD9234E57A9A08231F942D15F8
:10255000AA353E18EB23588E25DCC11F85A1926752
:102560007CF4C4D996CD2AF9F5D6B74657BB155594
:1025700051251F74BD4EEF10378CDE312763625931
:10258000ABF5A6E010A08548FD6D0D22E02536488C
:10259000679AAD959D8B4F83522C6F8E8DD96AB6FD
:1025A0008C9FC60B77320312C134776166F856C030
:1025B000BE01174CE85501B67E454325B20283B1F2
:1025C000CCF05B1432159D483E4E66D27A434329C7
:1025D000EB756857233356F78587C7D176C34C67A9
:1025E00005C8E0B7D2F575EF12427BB4802580A212
:1025F000EB5D7CA8F6EAD36BC96B6D64FBA291110D
:10260000157E5C5D2F940F949BB54EE63D2D87D1D2
:10261000BF138F4B4412082C5BC30E6DC688996C98
:10262000E446CA7DBD9F345457FCDB52F329221582
:10263000DAB901D10EA68703DEC55E7BB5AFBEEC6D
:10264000F46DF913BF802D76E1CAD287DBD46EE238
:102650005CB2281BC0BAC39F5D503B289BF96EB784
:10266000ECB774D6A901695BBF182D217A2F6B7660
:10267000AB834DB96EEA14B4DC4EB0433ECE7D055B
:10268000F6E3CA5A08BDB0CA14BBC94A412304EDD7
:1026900055830B74338240E5CC45CB0F7D9F643767
:1026A00069570A6AA9150E9D02F8BA278240A4E864
:1026B000C7F07FBC24D262B9E64E0881E4A06BB7B4
:1026C00090E5E0524D7356F4DF8BC7D9859D70C4F9
:1026D000462905F6E8C35675F4198A8D7667821A7D
:1026E0005A819A7363EC4D0411BCA54D8F7621C2BB
:1026F000B657318638C0DB9424D6B373590D826542
:1027000026B3222C31277F2345445179B93519C688
:10271000A04E02FA3B1D47DBAF68242324BD3C9941
:10272000A57D7893A61F3F1DC7AEC7F00DC4D94243
:102730009E7B7086EB2974BBCA0AE35EC88A83CA93
:1027400035BD81EA1CC8AC4EC7DBDCAB905512ED41
:10275000F24D44994187846A8DCBA6ADFF09226C66
:10276000FA0CCFBC346914D1A6AD47863E62C85F6F
:102770000978D391CFFCB7D9B3666D0B6BCB31B968
:10278000A31E3030E7C9743FFCF54D163592437EE9
:1027900053A33312FF6519570FF926057DA57473EE
:1027A0006BBB301C9D5DB2863E55F4167D59B39BC4
:1027B000D3508476E9051FBD92B286840C30208107
:1027C000FDAF6C70CE478426DF5ADDB0852A229D8E
:1027D000BC5DA882F303A6C76E4976BEF1C8DCBA19
:1027E0006C8B1AC0D66CF4105AEEA74AB7F3ACBA89
:1027F000DFCF66180C8CBBE2AF5552FC0CC0239F98
:102800000CA136D79FDFDD44113876BBA1D355AE7E
:1028100098EFD78B52D8D2CC39AA3625ACB3FF006B
:1028200077E2824FE06311771B10D5D19054604C52
:102830001F6557D2BE14F30377F081B3096803E72D
:102840002F8C163DA1589A0ED3FF83F4F57E9D235D
:102850002FF64CAEB94AC5DB0BDB8D5A36C70E36A8
:1028600066341B2B663CAB93D9356D84D82CF0D6DF
:10287000AD61CBF37112A879CC366131E2B3C158A6
:102880007DE7A737C090EC92FBE5CCE42CAEC425E5
:10289000970766F79CC027FD64060F0D46CDB73F2E
:1028A000735237E5C296FACE9D06DA6559960D90B9
:1028B00014A3494701796DA655A2F4D4D9C0E322E7
:1028C000D47CB66E8B936148A03F44CFD76A5C0B33
:1028D0002EFD975130D25D98E3C2CB1E9C38494201
:1028E000C1E23069BF002334849D1344D1A9541C34
:1028F00046E82A028093C936ABBD732596D07B2B60
:10290000C7C926083301112188616C6CF79010B299
:10291000DF29074633B9D9266ABD240A7EFAB8866C
:10292000DFD08DC19776DBBB459A2C74E3D55AA7CF
:10293000A65D32789FD6B3CAA6FA4A538CE387D1F4
:10294000E8D2C1A36972BEE0392A707B4E2EEF2A0D
:102950000EC31EEC824AAA93421877206931A8421E
:102960009803DCA60A6C726D5FC7705D53CD2E9A1A
:102970001F4512CF66D2E173C5232C8DF8B00E0E21
:1029800055084C4C38A90F81A66FB7069CB997B073
:102990009280DA03C79BC7C0F910C4D49BEE13A979
:1029A0005A4DD6EA0D38B0B09A8A3ECC0ADD24F1F1
:1029B000BF7FF99D11361724840296AA2874D8F295
:1029C000A5CC325F91EA0B0674B1ED8A77661CB62E
:1029D00010E75C92CD084319928CB86C7E7B5C2426
:1029E0003D5F014787489CEE45628B695519C1BF21
:1029F000DB6797EE7569A297C3AF90CA30695B93A6
:102A00005E1F9A37F61C7C7F722D72A2648692D963
:102A1000FF2F17837F36BD8E2D8EBC3D9B386ABA43
:102A2000A015DD45A1575D2B3144E7574D03DD77F8
:102A3000CF0B66437B0B1BEA5029BDCA8DC9E7E467
:102A400098F5BD4AD739F8E1CC9C0136B258B8495F
:102A50003B926DD9EDE9B3C183C59B329E4D18C041
:102A60008A9B1BE0A15456E124D28C342EE915ED4B
:102A70007334BBDCED3C27827AD03B149FED656458
:102A800009F661E2A0D467206ADF14800A5FF15D75
:102A900097D78F9BF7C3ED5D754E28F5D05A0B9CE9
:102AA00083179F7F51B2B480BD9DC6F6BD0133D759
:102AB0005CDFE91F2A86941AFE1426E5103C7C93FD
:102AC000E7A297D642E2B0F2292B3D39ED89AA164A
:102AD000FA146A1004183CF3AB90728844636FFCDC
:102AE000ACCDFB501ED1143F236B27267DA0B9F13E
:102AF000C2E193BF2BFCACD9F2D12CA3133D6C8B5C
:102B00009CC9752F991520D4E98000288895529F7B
:102B1000056BD8B92CCD7DDA5885D98EF0926DB57C
:102B200083B2F562A748931C950D01F59EF1C07321
:102B3000CB99FDC138D42F0A6F9F95AE316070F2EA
:102B4000DAFB95F0391074299993063FB1038EFB97
:102B50000DA8A9826D8408A667C6AD550478016CDE
:102B6000CE13261AE157C4F0ED7C62B9624BA8AFD0
:102B7000FA13F592812FE96F74AF85068000338ACE
:102B80008CB07D8819F5284091B4E8A13DFC639F85
:102B9000BABFD3E9213FC8F43BD5892E04C188933D
:102BA0008D4D40C94C419DB316755E91BF183FCC09
:102BB000A7F940159B4397B6D58FADB9417B3CD360
:102BC000E3C16D48E3DB77FE0DD73CB7A631C35EAA
:102BD0005CA5C96359CC7C216026CFC3451C02D8B3
:102BE000053E6D8C50F55904DE3B24883BF9888204
:102BF000B8E7C3D923647365531E6FD9EC3417A7A4
:102C00006A34A3E3E1C5359ADFA9CAAA52CE5F1C94
:102C10003C8694C5D055B74DA4AF5647AF99917C2B
:102C2000C2034C254394E463088F305AEEB387BD4A
:102C30000E2C3432D7FFAF6991E5F5698D863C7271
:102C4000AEEC858B589DA1E5F67953BF6EA4160EA8
:102C5000E2D3D0A4852DB07DC8EBB8112483AD2973
:102C60002FD3C97CF0066BABD9F6D9F3A9CA414F73
:102C7000B1C8D7F6C7AD3F85085F8257E99FC56ADF
:102C8000A2C51DC879CD7F9BD7859CCB995413A82D
:102C900021159B9877B7C0BA34F94686EBAA2A4A21
:102CA00029EB7F6755644CDF83D1E8EFE1364BD3E6
:102CB0002AE863F5C246A4B964879E221DA498DD64
:102CC0002C7D77F68B070FCD9F732A715DE70A7114
:102CD000D2017BF8F262CD8FF8A3DD711A20BB8898
:102CE0002A4B1534861DB86CE6251ABFFD1B0B5107
:102CF000B7DD10828D13100CB29487185ACF52C8CA
:102D0000AF1B2C68B488C78335176061DA3730137E
:102D1000C4E36D2F9976957C8041BE54180B5A7D83
:102D20006621F7B6143128381E38E368473BAE31C8
:102D30004D40CDE0D7B8DB76F181AAAE8F55BD35D9
:102D4000E78C18B23BBB80FFFC998AF8D36C85F7FF
:102D5000D7BDB605426A1DA535C410329B8A6EDB0D
:102D60002FE1F6A39896C511F6B582AABCBD9FE1E6
:102D7000858125B206E4FCA0D5480BA3422BE41BB9
:102D8000A0CF9F0930ABE6B8780141F79F14A53E6C
:102D90001AED90C424CBCABD7B65873B755F476C39
:102DA000243CFD671D19771BA8AE328FDCA8552681
:102DB0001107983C1BCE4C2E2BFE41BC4222E9EF62
:102DC0009D91A62AD260FE3A7F9B3C1098865417AC
:102DD0000FC83FB1C8722271A8F2045A4A5D2A8115
:102DE0003517C66669762B89C0D045BB6BA61A63BA
:102DF00077FF2542C04004C4EE8453B75C79A22D0E
:102E0000C9C3F4F6574C2A3B62A46219710F1A3DEC
:102E100048F253DAB0FD52FC92BF3350FA1AE1285F
:102E2000AEFB5D5D70359C64CB2E1AD9F7E3A2C270
:102E30003EE567C23FCF2EDB5AC3CBFFA5AD64276B
:102E4000A00A747581D3C50F35F86C7C7BDBABD9D8
:102E500006A0141BB2B8B0924391410C63E3345303
:102E60006491964C737DDCD88D1444AE354EC78585
:102E7000F4A03459493B78F005AE9F5E904C4088F1
:102E8000525DEE3B99132734C4E941644BB22EA244
:102E90001243EA38BB30330FDD8098657299A8A0E1
:102EA000D9A3F419889C6B3731F786628315FFD359
:102EB000CC9F9C0978A0C6FAB6FB6F75B3C2C75504
:102EC000E721214AA4A04496F2C3D3560F9F380CA1
:102ED0002B36402CE7C91DBC59C9B54AA990C7FD7E
:102EE000BDE557C750421FB9226A48BC933E01EE68
:102EF000189C927AF12C540090F51165E614FB6A47
:102F000003F5FDB53B26402CF09F77B30AEA4C69E8
:102F100028F1854ECC6CB03339922A043F7D894B21
:102F200016702A127BF0117EC036BC30E286A7BC38
:102F3000D741082529DEDCE8571CFE5FC6D6984D30
:102F40007090F8692103777F747743D1D9550CB716
:102F500000C80280FF8A8D4FCBD16F8EF5AB46162D
:102F6000B7F58228B9BA43A5968DB1389BDF4BB926
:102F70004C9257C442104C9BF3FE8DF6DF0FFB20A2
:102F80004986591B0F0FE342D1E0D25C63DF06266E
:102F900070A9C0E38798CBA0255645519FF30AF04E
:102FA000B831E2A2B9D044F827237E343FDC1215B1
:102FB00055B3FC7B367C683F570901E96745ACA9EE
:102FC0006FCBB7AF4678CC682EAFEE533B83436EE2
:102FD0009A720749941276303C96A66530D963FC04
:102FE000BCB915EE05C7943F451AF2D36C04E096C0
:102FF000CEFD4B6EAD1B0B3BB4713FD485867FCBB2
:1030000066CC0FFEE0FC50666BE3D7E4C12D52277F
:10301000F29F37777414864E88040E5507DAF91C30
:103020000AF1FAC6C9DCC1DB6A9F027A37BBB0403D
:103030000256686E7EC54AEEEAA4A02AAC0B49C8C7
:103040002F486B8ABFA77EA3CC9A381DBB60EB27A5
:103050001C49FC622A9AA78A317203133BA9136B9D
:10306000A2CD01ADFB163B2CF2A9D5EAEA555B686F
:103070003E1865B70422B155A5C20ABE58B82AD772
:103080004B220027957772E56A0DC7C3D95E666942
:10309000C42895D33ACC0EF6EB12272E331A9BC1D7
:1030A0008C8E085E8C2061BC33922D6FEF39BC3959
:1030B000ADA7E9ACF994DA7B0969FE015B40E0FC5D
:1030C0003D55FD74604ED6E6FE1E580703E8756652
:1030D0003714A9C51C5EC4A234838E8B1B08250639
:1030E00053E6A58D0D460F0C5EEC84161B92FB0F6C
:1030F000C7006052A62DF70E542DEA9C1335C2B5B9
:103100003239AE9D07B9746D1221CD2E38321AD9DD
:10311000CDF5D08ADC774459C75055D2BE7BE3E465
:103120002972EDF5B7F5332B52803657BE64DAF1CC
:10313000B176FD04EA8467978CA109070EB11C23C0
:1031400093A8B99CE4077E606C1C881CBB1186792F
:103150008D76DF7AA6898548FAE14EFC5C092A1D46
:103160000988476B79270538A272E2BBD0057FB08A
:103170007AB71644CCB90B936C48E7C355BFA58DFD
:103180006986AEBB4CF738088DE746C5ACA8B330AE
:10319000653A1359A584A05922C46ACE1ED01CB921
:1031A000784BB9DF494F29596E3DEDA718A641CAA2
:1031B0008CC0F55784C70E6E44AB41B4C62A0EBE10
:1031C0000D2D34F9640EE6AE46D78D5DF799AC7ED1
:1031D000CE9BEAD4385CCF9E897EEDE4F481FACAB6
:1031E000C4793D150355454A31B4E622D45138E03F
:1031F0006A502CE4901AEDBAC20758C461B43BCDB2
:10320000C90FB959C1017990E084A01DA1E0BE9F0A
:103210007C5F084DCEEF9D9B6C19D48E38E074B165
:10322000598F52B98E01D6C829799F39958A248C35
:10323000379F2D08D019A3F9799DA50B1E2A7DCEA5
:10324000D716388EE452355EABEE9416C2E0C76FE7
:10325000E2668114FC918D961353C38E9629F1C4B6
:10326000934513D19A45155D094793D87A0364D6DF
:103270009B8BAB20468974D0B5FF031E219F5B79E1
:10328000E8FDA3607DA6830C12175CFFF7EE8BC3ED
:103290008B9891E7D2B16E0F8C644B7ECD462C5645
:1032A000F4A007799C4EAE90B0460CFECAF039FCF3
:1032B00002C10E1BDC57F8486A44C2DFB0638CF8C9
:1032C000D496C99296285752B9615D99B5A0408AA3
:1032D000DEA212CD6D8A6D02175FD2C176A739CCFE
:1032E0005C07209259E18CEFD8058956374A0107CF
:1032F000A13C716B7BDF28FAF9CB274C33AE4C5FD6
:10330000CE53C9B44BFAA155D318F71745598C873A
:10331000043A25B4AE6292455B998E273330E8DEDD
:103320001EA6246585610FB7F6A49E1D4D391C337A
:10333000E35061DAA0DFA63B3DEC5EB1C23C88B74A
:103340008542E2D3AEBCFE2B1959BCEAA576DB8ED2
:10335000F1F10F6E2312308C74174CE855ED679520
:103360000679F0997B5231274F496D18499B1DB65C
:1033700047316F0AE863B07D7743749FC6A8D6FAD9
:10338000C9DA967B54B57153FAF6EAA494A6EA8C8E
:103390008D2881BB5F0346F45CADCC90323FF82DA5
:1033A00061A5137751327FAC621AC6BC7386F17582
:1033B00027C43BA94B371A2AA912FB56EFB05F1955
:1033C000AFF6EFB770E89CA01DCF802859372ABC14
:1033D0004A3191A1B0682AF2AFEB773CD31761F183
:1033E00019FDD5004E1705EF33A067E9AA0101A129
:1033F0003A44E386717E71081095CD597725ACED7E
:10340000851B65B454E957B862E0E9995DDA3B037E
:1034100062255FCCF99681584ECDCC7B553D080393
:10342000FD835ACAD7EECE3EF7800E7553A381FEB8
:10343000ADA8389481E27C03B117398C240EBD1CF1
:103440003207C0B2AF3562F46F3228381E750B58A0
:103450000DB04460E8CE442AE90CC13BE20FEC48D1
:103460001BB4A523E73D051D8EE8329969F42DD0E4
:10347000B3A4649C70375744741A66AC7E3086FBE4
:10348000022E4D0E2EDB0416DF23E1EC385631E719
:10349000D2045DA2F3CB5DB12C476A97A062A8EE7F
:1034A0000F19FD1C12C504AC52EEE60927773F3216
:1034B0004E60CADC5460BBB41EF042F0A6931D807F
:1034C00075F4CFA6CFB3C10387875D906748F9EB4A
:1034D000651F7372B40E950B390BD18EF22500DC8B
:1034E0004EA2D217BDBDECAE72AFCF18CE9874A36A
:1034F0005A2C1E8ACBC54A9396C26646DBFAAA1797
:10350000C8DEFE6C12D37B847DDBC9FD82BC1A84CD
:10351000B464582186DC96F90BDF29E20915C7C38C
:10352000ACE76504BE3C6702A7430C2AA477B04F02
:103530002F318D74C996558ADD0037E4B025B90E58
:103540003F666C7F03B655CA2BC0155742B22DB9E2
:10355000987A391FEFEA3C17A9ECA1F192B438CC64
:103560002207FE315989ABF0E1D99AE8D1EC74E732
:10357000B972D885E546357E0A541DA53EC37CC385
:10358000B066136871A1E4FFF953127E1AC3E4C652
:1035900037D6C22C2BDB2596FC37CE58AC3579E7D5
:1035A000E0C6C9CFEAE782224BE09EAC2142662505
:1035B000D1DE1509CB799BFB2267147D00C96E5FB4
:1035C000EA1DFA02A45D2C02200EF31E5BA3B0A13B
:1035D000FCBFB30B88B81849E4D4AD5AAE6251238E
:1035E0001F98F8A4C1DC9B6CCCB4942DFF4F61C82C
:1035F0005B813775092DB8BD84A9EFB7C71C394366
:10360000CC031772383E5594BB389CFA2A9A0D7E2B
:1036100076281367417BA34A627313F609873D82BC
:1036200074F538E9D6CE69C838D80ABEA95B55ED1D
:10363000250EF474102DB34171BCDA983A20D1E70D
:10364000B3A5BF86376D14A3419E59977694E39D29
:103650001FB498F7A5DA87D290D807F054E58543D0
:103660006063CE2DDEBE2B38F7E88AAA7384BAEDEC
:10367000933977C43D42CF055155C7EB2F96C79676
:103680001B80D5E9CCBFDF80A40D23DAFED3A30FC6
:103690001BABCE02EEB25D7D86AEE6BFB95B44E207
:1036A0007A8C10483EE094A1B45BCC05EE4417C080
:1036B0000D83EF908EE01A13CC472CCF0B90A68F82
:1036C000D247F56F678E32E1879659C29F8A4401CF
:1036D000FB3CA1BA28344585E930872DE93CCC096B
:1036E00080A27AC91162E158AA80360BDABBAE30EB
:1036F0008A3C1EA25A81D74FCECDDB36EE0210D5C2
:10370000A4BC587DD6B8FFB94FBFBAE048EC0F90C3
:103710001ADE2A2C6F097902AC5C756E7290D8871C
:10372000A471E1CB8B721716DE92EDC6D31CD3C702
:10373000FD1EFE0461FA65618BE55EB0047858B841
:10374000DAE66C7C61728F62030B50942F4CAAF9FD
:10375000A4A1D083DA8261AD737BF3EC716CD249A2
:1037600090A4AB44E94F34297C8385B196BD17A062
:1037700086A171E4124F007D9F84B0C1FE0356C53F
:10378000B2A70C27C978BD5516C99F88BF29334AEF
:10379000CA722B2BE9B5546D2AFD954D4A445863E6
:1037A000438BD9BA65F56A59B42059EE64CEDD373A
:1037B0004460D2F9ACA549D10AE0BCDC96CCA46740
:1037C00097CD99A8CDA773023DBBE00C5EF5908C18
:1037D000C11E10BB8284921C66D3CB5240895EBC52
:1037E000472F42B5337A685CA8F1DE92D95D45BDBA
:1037F000305ADE0488C67F485E042DBDF128A0152E
:10380000348ABE27ECC51DDCA7C6968A4F5B9A8E0C
:10381000E986DC8E3F5E884B614CE33F0A22BDB3F4
:10382000EF5DD53541D8D4A97A5FDEFF7E89201BB4
:103830008EE285E6D0F13600D1F1C69326C6B745B3
:10384000BCC04A9364824669B52349B1A6896D28F4
:10385000F9E592BBEAE1D2DC427B24240D57A23485
:10386000A43A451077A91A286D4F1EB09CB3F742B1
:103870004092C1F7F065394C1932AEF57DA5C163B0
:10388000C26E9FABF6D07A6A7EE0B340FFB52B8064
:10389000871C8C3EEAD364B0ECADD1A1D562852CF7
:1038A0009751F72FF83D96FB8A153711DE1749DE41
:1038B0003DEA95280C724B447DD7E8F1256E3C1605
:1038C0004DFCC5651B690D2D65CFCBC63BD1F76798
:1038D000C0A2F2DC636526B75CB6078D5C22C9DF47
:1038E0003AF65C911E4B69E136FC94FBEC83C5DB38
:1038F00090AE9997388F440DB59CE40D8DCFCEBA1C
:10390000EB754273F9AF6D4D73021FBBE82E6779FB
:1039100051234E220029CAB3638322C65DBE724082
:103920003E92119D20832CD1BB62CA6441E9AE66F0
:103930001444836A4ED9D7637A5CB2664E8C3D7468
:10394000E5C563446B1B8ACBB5C118F7DD6C1EE27D
:10395000F614443FE5A24FB744E04895DC95FDF6E8
:10396000C1A8A77DFF8C1D50C667E948615958B8AA
:10397000B21C692A629486251C3517644501E05CF7
:10398000D84AFE3D8AF03E8C0E7EDA070A629E38E7
:10399000C86FE5C9360856F5C6BA93DEA9650A7B35
:1039A0003B8B59DD26585F2D47B5896FE0B47078A1
:1039B000687A92E492957441671AB847AA49770FDA
:1039C000145A2F2CE1B1E15B1ECE07C45421FA65D5
:1039D000BFC480835D62FDB173DD8ECB59B0D75E0D
:1039E000858CBC629CD82DC2164608135597D4709E
:1039F000E43552C225AECE17275BB024515CB446E5
:103A0000B03E2370D28479BF09A555DBE0A5CE5C1A
:103A100093061AEABB233B4541D7CC968E92B5FE5E
:103A2000F1D85337DCBE176C72EFB324B6B9F2C3CA
:103A3000A186940502348E4B29C9C796A56DF6540C
:103A4000A61717E92E060F8F664423F3F3AFF01D78
:103A50008CB9C7BE390673257D0775C22BAB33F50C
:103A6000EDC8731363AEFD800B4648844F1C51A70D
:103A70002EE17E72ED2BF2E9D5271D18F17E49D19A
:103A8000B14B581985845AAF0FDAED25868BAC7C83
:103A9000EE94AD4F62160EC9DC9A1F6D03E3885E8B
:103AA0001813FAF46503F85655B9A81B0EFE03EA7D
:103AB00048396692E2DA5385C614A9B260B5159FFB
:103AC000914A81F077E1F7B9BC4648BBB260B826AD
:103AD000A3B73BB194F84722FAD273E4270CEE6007
:103AE000ED8ED91D34E28499D03E8E15749BCD9312
:103AF000EEA8657FF044AD437654F07F3F93D6A6A1
:103B0000BE5A34B2F8770156BD15ED710BAAA5FD6A
:103B100091B1D02B02EFC1DD192DF0F0D06359E83F
:103B2000CD3AB8F8665D9A9F1AD6C9E9DD530E50B2
:103B30007779A8F3BF349EAACCD09E99F73810BBF2
:103B400079789248FB954FAE8AF0366BE4A86FCB3C
:103B500031AE04DBEC92D21AAEB3E09108EB032A4B
:103B6000736F534D0DAA390D0F7AAB38AF3B417FC0
:103B7000D6993C5530B75989D37493CE09B0A4482F
:103B80002FC0F1A6AB168DC854FA82C0C363930C44
:103B9000968F5B280D2B87A05239902F385E3559B0
:103BA000F35B90B72A4B419CA967D9A14663568B1A
:103BB0003ADD5D4C793388C9CC5B2541F72A4064F6
:103BC000D1DB66759E9692321437C9360EF4E93B06
:103BD000638F95BE1C6F4881B9D1FEE1523D9AE1D9
:103BE000F4F10B5A4627E5D15E6E90B39E855B27B4
:103BF0000037A41AF6E4A6FFF58B973A2AC77F0E82
:103C0000B73C22EC30CBB62B8FE70E208A38756993
:103C1000B2616CE785238987305F6C3D98C314E9F6
:103C200056C82AB709083365FA93E42344A7617C90
:103C30008731BCE0D16D836F4DC54B5E035AA2E95D
:103C400074F2F5B56549F5BF154761394D2D51D36E
:103C5000750307057EF0133DFAD8A567921B2573FF
:103C6000C45033FE36F16A08A073B9970E801CD693
:103C700078A93FA0C3C764F9BC145DF43792537DA3
:103C80007CFEEC4083EDA8E3B7BA7E6DB573EC3DE6
:103C9000136D6DAF001F621580E92E1A16A27DB359
:103CA000AF11BDB581D6DE5BE748BA914F5C8EB8E7
:103CB00001014FC3939F7C38D0AD8F607FB31A81D1
:103CC000FD1927F1640D031528E253950DE310FE4D
:103CD0007BF6838BFD9EF7A27C550FE6AFB18EA7D6
:103CE0005F71D55C89CA721EC9EE66E17E4FDCD772
:103CF000F464A222BF4E995776CC87185412A59D22
:103D00002E6A28513D29A25EB83F118029ADC40812
:103D10000E818F2B76BC05E62F02FD4E33DB1A8910
:103D20005B5A94DD983C2160E118B044DA198313A2
:103D30000027BDBE2184461DAAB82B47790F2F014D
:103D400092CF1A50A8F2DD80F6509AC5BD6DD7FD0E
:103D5000DCEFFB6F7D58A71CF5F6B8401EFCB97A66
:103D600038ED8666CD13B0F6C21110EF7AE953CB69
:103D70009F66B4DFE0AB53964D1FB24E74C93859FD
:103D8000B08986A059EDE3149CCD12BAA42C7E43D1
:103D9000315F66A1BACA28ADF79DCC821F3D514A5A
:103DA00057DD5AA8404C124C38100008A99AF976F1
:103DB00077F38DAC706C59CFF8316ADB8EE20B5023
:103DC0000F184634A19322E95B3FA5F903E0CA1717
:103DD000A1A010CF311069F400C11E0E4BB49DB0EC
:103DE000468C9DCDBA6FA1D5393F52022D5BCEDBFB
:103DF000CA900B60953BD13881D95F25977CAF067F
:103E0000A69016CDADFF9E8B68D86CE296BD97C785
:103E100041BD4594F94C70F69F8EBA132D017687FB
:103E200014F4C4EE335FEC7E53D291FF3ABC1FAC66
:103E30000425B657DD1D635A87E3ECF2CD4812A87E
:103E40008F14479675A105D3E6DB23952EE2B07D4E
:103E5000A27A7E926C3650F2520BFF99F1D98AAF5A
:103E6000D4354CBC921D2285496CA6F3C1C33FC317
:103E700034F9D3F0269A729984B35A3DBE119960F1
:103E800076D1FE6FDBF06BD6D2EC3AC5BAEBD9A691
:103E9000E441039DC327014D4B2C3A703DD58DB5B0
:103EA000237B6F445CC69DB9D7C502FAD13F2FB7BB
:103EB000A6F0F4D63D0DA4D502FB66449CA44EA901
:103EC000C0D0B229AD92274DD0481CDB2F8E3F6564
:103ED000288DCBD084A067D20D1BF8A11894A81808
:103EE000B9692FA480A25DD11A4D117A4C6743CCD9
:103EF000C8DCFF6823FDA00630C25ADA2D3400600A
:103F00004F298973DDAA1DB5817992088C9DCDD486
:103F1000AD3B604F11821E08F179C9630B6BBAA7E4
:103F2000CA9EEF3D720681B1BBE5F5EBFF32390465
:103F3000199030AAD3117EC30C0BEBF3F80E18883E
:103F40005037881CCCA08C03B79A36472BF88D6568
:103F500081D6CB7488239C0758B4A5A44068353219
:103F6000088C9C39D23AA172974F189EF10A1A20F8
:103F700085C9F495E509679BC4933DD9026DF6CEDA
:103F8000DCD112660BCE6CA4001295FCAA069680BA
:103F9000674D020E44BB0B4863775D0239E850362B
:103FA000A9040EEDB108B1EE2217552DBC3023B98E
:103FB0008B4DE67F1E060C87B0CC8D4183F4336BAE
:103FC00090DA6231EC95EA7A4D7450519C0835DAFA
:103FD0001427701F4A121ADF958C87E7FD9F92CF36
:103FE0002E6972344AC38266A1BF4789CE57D33B3C
:103FF000B4675C9877FF5654E4013E7985BCA2D043
:1040000041672E4ACCAE1344CFB3A3799F8E017B78
:104010005A6595B7B73C9FEE0921E854D746EA1C8C
:10402000DF32BF1DB0A4953870264E30D83B16073E
:1040300051F4D58E2920F5B287209AE485812D424E
:104040006931B860974D0DB51AE8321A84C703DCA0
:104050006FF8C9F7392166157E0DCF1B6BA49282CC
:10406000F59E77A49E2FFA65BA908D2879B0DF056A
:104070006F68658722C9E2382BDA6F5CCA1FA777A1
:1040800018D1C5B0ED71775840B0E3B9E9F6D3D790
:1040900068455B4FAB94C0DDBAD5816370A20FC495
:1040A0001F7DE37ECCB2AE21D3903A067635660A08
:1040B0000B8B276E8B833CA74B5B599C4FBC852099
:1040C000AB0527D9DA99FB3E46139698677F41B630
:1040D0005EDB5A1CE3BBAA100C1A3D9A928F53DC8C
:1040E000639EC314EF4251F2C57642EDF3AFDC8F0D
:1040F000D1479D7F75162CACBC466F0792C4BC0D92
:10410000AA1279E92819E86DCFF6B76866F4A0BD60
:10411000F23C79E23674AD6C745A0EFBD6C53CB9EC
:1041200023D4DD78F0E07986676C02D99DD89C10A5
:10413000E232E1DEA44B60A7427468EC0DB20BA73B
:10414000867688B67E9ADB6B9853CAA51503689568
:10415000A382870ED5FD25679A5FE969B117752699
:104160002ABC9A131DF219E809B8ADD0DF15E7F0A3
:104170004C353589C76A2535D84B4E73703A5A8A03
:104180003DE23480207D11B981EE7F693AC324D4A9
:10419000B7441226B354467B0A08BA7B4381B6342F
:1041A000EED155142E25CD53A30EFAED677FD94CD1
:1041B000BD9F4DCF9C6348589ED030FF833134DC87
:1041C000763C6CFC452F82C1F5696412E19DB619FD
:1041D00043128300E3195335126973C45116CF306B
:1041E000AAD9D58B13AAD3F3D4DB2DA90169F10188
:1041F000FAE84F58175D714650BBA1F15DB6E8373C
:1042000016C5981F82D7BBFA4ADA0754848E8EE30C
:10421000554C1AC9DD654F91DF78843157974A05AF
:10422000CE380A9D1EEE4114146AE20304D2DA75F8
:10423000E903760B6525B198C01E727903D149094F
:104240001F5F95F37C4217E8E2ECA623A2A55F82EC
:1042500015FC443795BCD32D0A485FE17EE2FDC8CA
:1042600010EBED589BDF4E5BDEB165156D4E3F8F59
:10427000BAF493666A1A7F6DE440158CBA2E4A64CC
:10428000E880AB6C84D66B423B5BFD93625A30D9BD
:104290002E327067AC18962D2C9028F0F0CD9B51E3
:1042A00021252F8F461A463163C458B48882207462
:1042B000FF7C2AAC2734F417D0C58235B3BD59FC36
:1042C0008CD6B8DCB2E82350CAF673BE4BE3125664
:1042D00017813E4A1BCB7F9C3C303D06AC5E7B6920
:1042E000321076E20EFA217E531F50EDF16DF1FF90
:1042F0003EDB11A07D17A1A7CB971E2F2D612A2889
:10430000F62FAFF7B8DEE6ABA0E15E2CAF5F8DD93C
:10431000814DD3FB8FD5BBAB33D8A967B13D0C081A
:1043200064152A53783DC543BB0267A627580E0182
:10433000A14772732F21C1317C2839EC3418FEE17A
:10434000BC9A0DDA567EFAC34C9CB22A6BF8BD3C7F
:10435000B7A2747E88E21967E1BDBB1C5859365478
:1043600042AF254684E91B89D6CF7E885143E0C6FB
:10437000B4F686F7F7634CD7D9420346E93E0BA45F
:104380001580CB4A9C4BC2C9ADD4BF0EB943C40DF6
:1043900098D39F7567E4B9DD1A103A8439AD65BBCF
:1043A0000AF95E86F7448C2EC56BB62C7C3FF5B0BF
:1043B000AFE04045A5EEC1CBC94F60C1A01AA940EE
:1043C000E2E7D8ED5FF994F41FAAA7B0C07931BF36
:1043D000802807E71F45E079398D6007132F851B7B
:1043E0005796228BAA90830A0284578E708B42B80C
:1043F000DF58F87ADDF992CC73FF5574410B6EF3F8
:10440000CC7D5F081EAC123077BC6747409029E531
:104410001385F2C5747DB0D1FC06A2F9C5829192D4
:10442000B465A580D1680449A4DB522FAEAFCE702D
:104430000D9A3BF05F9E3984E6414F0588C51F53B6
:10444000A7A3180E474D139920F4A8F62BBABBC7A3
:104450008D67A175001DAA5AEA69004DEB82603A8A
:10446000AED431A76F8B0AA62E24CEA20594D21902
:10447000776C8A2DC13FEE7A43964B8FE687E8C072
:10448000BFD19A09C4445EDA2D12E91BE4DFFAB900
:1044900032B3FE8872A186660174B1B834886E9D0D
:1044A000152FCD6323B06CC4977BE9782BDD935D2A
:1044B000A2F61226513F63BB6E35EEA4B93038A781
:1044C000A7FD215DE38F7990A3BF4263EBE4888170
:1044D0003C8C1098A8E44F34DBF91BD92E447FBCE8
:1044E000A541D6EC8B9D14E7BE43F6AD5FBA2F28ED
:1044F00043E26EB5988A119280AA4860C980F4643C
:104500009FC3E57F69BF2047B8FAA1499E21798DF5
:104510007650747A11DE162A0467CF99E78DEDE3A1
:104520007913E3CE8AA9C002C6DA078900193AA036
:1045300068DB9ACBA5F8681B48B540A4A20E32638D
:104540004FB2ABC821040924351D4C62C8BD953259
:10455000B0C1C572F20C94B26D30ABD1A7A52A8759
:10456000C08462D7CEFE4D662C05F38B1F7E52FCB5
:10457000379BC20CAC25290EA264E813B195036FDA
:104580005CF9DFB7590001EDD33F69B2C37DCD407F
:1045900021FFFC0C1868E7FC88EF1DA70E83AE9086
:1045A0001ABCAC2F732422FEBC1850E52774EE957C
:1045B000BA109A77B2D8F92F5B35D428832349B43F
:1045C000C974FD02161DF4D6D843AB1ED65D2594E2
:1045D000DAABCBC1EC635C27DDA5EF79FB714ADD7B
:1045E000E3CFC91C1AC5EF6754541794A14C06EDCC
:1045F000FDAFE91F63F7ED8F224A1D550E3C237F67
:1046000081131330E0E6CB7F472E1B2C851818AEA4
:104610009C9F761BAF7BC976D7CA50E8773DD852AE
:104620005EAC4C79D4E13D1AECCAEAB987884E6F8A
:104630003D1BAE383D2203C7A2D03631EEB9B73E9E
:1046400034B9B3FF7797476BA5079CDE1FEB0722B2
:1046500073095A006DFE7F03039131406199B9904F
:10466000D81681A708EAEA79CF36832A6AB34E3092
:104670002FA503AB052804D7E90119473280D97B60
:10468000E4421391C35C44E42B7A1723A5C91CF9B7
:1046900096F9E9ED511DB5BB55A0EB7E75FA15B144
:1046A00074B5E72E97370B20FF755BEC1DDD1752B5
:1046B000C0528D17EF21777474AE4D5FF02F1B56EB
:1046C000936E41223BB75BD1AB07CE7AC4D803E9E6
:1046D000CA226080CFDA5C17688C3B5AAE750363E0
:1046E000732DDE46EF389293F798A6C55C18AB455C
:1046F000BF045C69FD7746A96593471E64D3BA522F
:10470000F2C6C9957109B658500B2A08CA8B5FE4E6
:104710005A81AA8689348BBCE7E8F381B7B5322E7B
:1047200046D9468D221C4136587F5CE6CFFB3A10B5
:10473000B6643C119EF824A9B0A3457431C9B19167
:104740008213C2AA7BEF61A367BFC867CB108064E6
:104750003F600DCB384318FEAAE54FFA10F49C9B3E
:1047600010ECCD25C4F24E29FADC2655C1802D6807
:1047700015E9EC01E641A4D66E76F7E0DA22DFF423
:1047800014E74672FD3856733F41BB384BDE87F164
:104790002A2F1EC559663B48B7FB92C5040F306DE2
:1047A0001BD33CC95D4B34523529BF6C8F4A5849E5
:1047B000B23F2BD57DCFA7EF489112C36668E0EDDD
:1047C0007F6B964B874066EAF181701B9B513A756F
:1047D00022B71FBB94123A6CEED84D829E372387C6
:1047E0003884750CC156B9F987E864AFA7357D41A7
:1047F000C863AC6C06CBC8ECE3313812F87EE058E5
:10480000D57912BAE984E2FFEA91E81319D81A6B54
:1048100090B8DFD0C0E3F452964C45726233D8357D
:10482000FE9D1AFF4371899DD66CFD2D408BA06BB8
:10483000AE2B1C5CF0B2811ABADC1A73FB0654462C
:104840004CEF455640792E7741A1FBAE7E28C4EE51
:10485000573C04A289E836EE6E8B97E9E2F23353B7
:104860002285D4719842221BDE2A13EDC765516D53
:104870002D71854BB2946BD6DFE3BB945327EF8148
:104880005DFF5F7D3C1F17A7D770760B7676EC1423
:10489000E71407ABF8BD22D21C414BD8B90FA5973E
:1048A000FA60784955AFF1A5A2CF700D9403F0B925
:1048B00094B09A5E5FAE86363E933698C877A687E8
:1048C00098BAAF52D11F5A985DFBFF2F46386E95AC
:1048D000C774E2E2BCB0D999A21BE13AD4D7CE2C7E
:1048E00044138658CC678CD4A6A39CA13A1CC2560C
:1048F000AFB4F2B2101267B9DB8978C1A1F385B009
:10490000E7370C434BBD04356DE21EFE4846C0152B
:10491000AB2CD40C26C005F750337D6D6CD605ED5D
:1049200068ED0CAF142EBAAA8A43B3D651106E0CA0
:104930005EAC7E4ED744DDB450E8B877FE43AECFD0
:104940004182CE9F64E06FEB76564184FF45725002
:10495000F63E73ACA0A3B3AF9D9B97E3FC7D9FC0D5
:10496000C877F639E33DCD705528FAC56713022C98
:104970007F078D98C48DC5A0A6E3D085E651CFF9F9
:10498000937A2EB0BDFEB04AF9981C661F7F0B3497
:104990009691AD8E638356EF958C3C60A92C673A57
:1049A000D5E43B65FFA0B94E5EAFC1104A933B9082
:1049B00028EA02877AE09B9A156FC92477BEAE9CDD
:1049C000768B065735CF088B7C11E8727A3164A854
:1049D00058646BC3C6603A67125B9F60197B24AB57
:1049E000C3CB94BB43BA5A5E9D2C3EB9EAF02C3639
:1049F000A305CB41A68B01C91E21068E8880B4C4B5
:104A000095A80C32FED0A9A6A3E22017C793CCC06C
:104A100002E3A600DC65B6C6E16145F2A99327A4CE
:104A2000542B46EF334224CE6267088F16FDF8A35D
:104A3000E4F9D63398FDC608B3053E1241931CB77E
:104A4000134C0D42091FF90EF53185FAB6151A7D82
:104A5000B4A0390D7ED19E9EA632BCD3F2FC447622
:104A6000AC133F40A912DC3A05ED6EB9D45ACFAE73
:104A7000F9AFFC44A3FAE1BB67F8AA14FC89E82F5C
:104A80001D7D21ACD1D2534FB44A9E3CE6060106AF
:104A900022D20EC3EA0F0EB64F0436653267B62136
:104AA000F8202DFD93293DE23E5036D4E2168F5B6F
:104AB000A618EA4BB19DA5EDAD7C7E87FEE84CE7DC
:104AC000BEC4296A51DA178E69F1A81C4BBA98AB9B
:104AD00017BE14C0BF831D1A5C79EC8B5D63B06D8B
:104AE00059D25CB28AF619A08793307C2D51DC63D1
:104AF000EB8C5CC3EB2DA4A4922224A0B4F7BE00DF
:104B000028613BA8426C44261B191E4663F891316C
:104B100075DC67964DBFCAC7D51819C8D5BD449571
:104B200025C9C8CE7EE0045F195929DE1CDB1915A2
:104B3000519FE73ADCE1EA932EE8E6B567E322C548
:104B4000A8BCDEB8B684F067BAF5BC4DB0F3E3F0AC
:104B50008E5F65F2076697533914574B702E50FDE0
:104B600088DFEC0421B0F91C49C6003E6DB86543EE
:104B700017316CF162E879E5BC8FE79E66A1A03140
:104B8000081BA3F99EF43043E53FA6D3D30A9854FB
:104B90005C7D05AB2042FC651CD16A425223547FE8
:104BA0001FD3E68E555FA4D6CD9B782CB869A22979
:104BB000521F3AB840D6F1EEEE752FC677178C2506
:104BC000271A64ABD0AF26C6F6E6B703D8BD7CA8DB
:104BD0008A250F83EAA085A2148DC728A10BF6BAF7
:104BE0004C0A04A6E9A0B47ABC88D48204C70CE9B4
:104BF000B7825F75B7198E939667DF921AB78E8961
:104C00005E887CC57EAE71DD6E2E0CFB19B6CBE1E5
:104C1000DE39CADDE55B724FEDA700547CE536B5A1
:104C20009EE4D0C2C6D539A5CC3CB2349D48AFBFB6
:104C300054C1F14E9FCDDF2DD6080E7A8116D7C90B
:104C40008CC85A517578FDFD2D10E1A179E30AC396
:104C50001094CF7F8346881EC93633977A88AD1A61
:104C60004C1A5F9C7EC127AB783887931345CFC61B
:104C7000623BAFBA2D76EDBA2F3FC5A568120F5D26
:104C8000E82A58C3695C523E540B5C6BB6039D81A5
:104C9000541A841936BBA270377383058667419313
:104CA000BF20B841FC0DA65BB74ACFB009F4AC6099
:104CB000E672F97AC661E2FD1F3E6B3353F29EFF46
:104CC0001CA6F908F9E13104AE8768786DF3B6EAFD
:104CD0006EAC2246A8BE40FCBE574B1444E8CDD56E
:104CE000FAFF65B4EE75C540B9BE4349BB91BF6AD2
:104CF000787417DFE7C6F9F57623E358A349ABA527
:104D0000F495DE22EF1142C35911096B0150C8B668
:104D1000216D42AB840483EF73C9DF0748E569F274
:104D200044D420D722CAEF7E9EAF629A127EBFC1C2
:104D3000CAD7B7E11CD9D482DC3ED607011BB643E3
:104D40004870A7D0680DEABCCFEBC21ACC60925E67
:104D500050390A8CEAAE0FE9ADE8CC384500063C84
:104D6000E7896DD9956FB7A847C8649B61311AFE72
:104D7000C34EFF399DD8AD675E4CBED13ED46F2582
:104D8000C73C4E0E9198F08CD0099573377300C6CE
:104D90005D90006C81CC87F6C893B6002D17C9458D
:104DA000C55A341B63B66EFF0AA65FA1FE260E38F5
:104DB0003FD0050315671EB302ABD01AEE18471992
:104DC0004FD7B7798E536B6D4E7EA3FEA2BE68DEC1
:104DD0000AC505B135A1F11FAE8E8CE5CF75BD7842
:104DE0003199440609C3398BB5D8D4E519E57479EE
:104DF0008E4F3EC12FEEC873EF8CF8A43643F22CD1
:104E0000963E38C2E026FF04C699E90AE4DE35176B
:104E1000040334C3EB6B1E2D99AD44F1420AD6D680
:104E200018C5E29259C535E7E065D868D98B2A14D0
:104E30004B12738D7638D072025FFE1BB0BCBCEE95
:104E4000C1780792D551DE88474C4828029AB6BCF3
:104E5000E08C9BCB22F461C90B3D3D01BFB4DDBDAD
:104E60005D0D3A92924F2C7319D5B96B7E244B8A03
:104E70001157DA75973D0E29311EC2852EA29987EA
:104E80002EC2F0646C5BFC143D1F23FA754E862124
:104E9000C0570927D766AF265455292C3C987A6D00
:104EA0001BD88612DB8A1F3DFAA9370FC1C8311BF8
:104EB000237B0A3C7A13B4A972ED72B3B603006483
:104EC00027789204CD13C2C23D8A158815C0682583
:104ED000A43D1B4FB290F6E0BC3E6B0F91DAC9AE19
:104EE0007F7EF5BF51739DEF587620882DBCB0FFB3
:104EF000FCB04D0E73442BB0B3810341D3B4E1DD5C
:104F0000006E1A903C35D2100A90AEDF4508696CED
:104F1000A51903256BA82D3CCDF399C10F65947697
:104F2000ACBCEC481396587F10465CF64B8C854D14
:104F3000D75A99D1754164A4A06E65C66C8FF96D7E
:104F4000378FCCDF05EF4B0700F3D0BC4734E99E29
:104F500063DACCBFE0620687DCBFFBCC1E207D524B
:104F6000CDA458D7B9F7A9235FE60E9BBC17639E63
:104F7000559ECC33253E7910BEC6FA99303B990137
:104F80006E0C7C372F24CF2930E07D0090412CC857
:104F9000C4B5928E11C99271B8C18B953EEE972619
:104FA000EBAF56AF55D8CC168ECB520D5423FD2403
:104FB00084BD0B44AC54BC3789A57CBC42157AFB3C
:104FC000DB302FAB3FA9AB41D315233EA24D4B188D
:104FD000EC15DF452DEC32562404374DA18E445D8F
:104FE0008F5F95A6D41A4F39CA7CA5FADB00A27848
:104FF000E467481C0F039BCDFED2658050F7CD734C
:1050000068092EB4A10A2D52B1B07139E22D1AB936
:105010005FAE11742A7E3EAE599E1F7048BA73343B
:1050200072CABE3270B064D6A268015A2ABCBA30C5
:10503000F27D25A79236EC4ADC80D4877F5B267F01
:10504000916FE4700EEDF1B055A2B079534C3A1067
:10505000396E072ECE648B9B305FC45AB8E149ABE2
:105060003B223ECA4AB8C97DA55AD2984A93917547
:105070009C96B2F68CC340BF3361937875F02B7960
:1050800043B78BC646FB45E11CA496D73E2417BC0C
:10509000BE208252312E3FA799357ECD179E2BEE32
:1050A00021D833B0DC6325C9A80C0C7D487090363C
:1050B000679EC14FA9BE7592818EED1829605880F8
:1050C0002CDA10503590962BDD828941D0FAEF1002
:1050D0006CD86C0371D26119C46C2C914B0B24B148
:1050E00031B9B7D052E4ADD5D9828FCC79DCC308C1
:1050F0001210C0569C4F6D57B1CC9C1724EBB1BE1B
:10510000BF1DB2E44FC4A6E31B444732851B681899
:10511000987847B272DFA753AAF20CFC20342B76A2
:10512000EE55C16CCD83ACDE292F349947F23CA1FA
:1051300031BCE1B1AB96BF244C1042FAEFE6EA1A5B
:105140000686438FC715445189CB78AA903A625C92
:105150003870A530AE65D66690C12B8A93643266EE
:10516000DD7CEC47F5C7840CCE7B54D27F358600BE
:1051700001340748F68F00A5E3617BCE251B7389B8
:10518000FB92276CD194CE6C347741812BC74AE5D2
:10519000A07D1E76BF263A107E58FEC3F30EA12FC7
:1051A00051B9674CF6A95883449174323D2AA58EB3
:1051B00084837BA12160731C76FEF57C5533936B51
:1051C0002D771E0EEF3A00C70C2402EA5A5EBD3F4F
:1051D000932A622431A108E101EA63F129E9A7A534
:1051E000918C58C8CF7D92E4A2E2727F888388496F
:1051F00020899FD6FC4A89CC86974FD94706FB6306
:10520000FB1E62AFB1198DD3C14A162A0266080B84
:1052100004714D9C54F9B0FF0D7F2185CC957CD253
:10522000289A076FD482C334E13D290077955C94B6
:105230007C0005B1B688884666B85B9F5D81FEBD7F
:105240006FFC6251E2434EA73B3BE01BD54F165229
:10525000C8AFC29E91684938F2811242E693666FE8
:10526000C1588F17EFA151B9C40831EE902B74CDFE
:105270004E2EF6D583A9862B65D9B4913F588E461C
:105280009C3C9EFDA6007F7E067F83ECE863842C19
:10529000A3111C0F8F80CD207A87CC540453885BD8
:1052A0005B84AB001F409797E92183AF9FE6FB2B00
:1052B000E31FC88D6B88624537CAB9E0B506227C0A
:1052C000C2598CBFA6C148A0B64A6DF933C55AE58C
:1052D000493F8C1AAC9F74BBF9BD102BDB24F64000
:1052E000C852C53060BF6F019C6AC868DDAD98299F
:1052F000DC5DE3E7F286D74EEC993D11890698D341
:10530000B18D25821F38EF2C32F6AEEADDC780174B
:10531000655C037310DEE7F382A7B8302919EE212C
:1053200062B747C6D6F07049694ABB8FF7CD6F4A5E
:10533000803EA2526F048E015E4A7A4DB8F9D322A4
:105340004B00DCAA4E135B73BAD9398E247C78717A
:105350009AF7FF6BF08A6EBA4A7BAB5EA5744FACCE
:105360004FA1B3DA5F07A7C562A8B354A3E53A61BA
:1053700059B7F32185AC5D231E6BC9F433E97CDF9B
:10538000C59A8C39B420749BC3344388906A111A2F
:10539000589AEDF0AE9789A12A3F6A0D0D0B2D7931
:1053A000A8BA5DF6A7A12C666DF61EA103A88525F7
:1053B0007FB09064D65CF8137F0B9BF4BD278CD430
:1053C000C808BD2ECF17B020456A4A4A01E918D057
:1053D0007C1B3166DEF390220368FCCAAA1D085DBF
:1053E0003161D4CB364CE1E18EBE4EF18B76C3CA2F
:1053F000E42EEC3DA72F12E04DDEDE97FC54C3DB1C
:1054000023E9D783A800358D895872DDDF7A64FEE1
:105410001FF406C2A61FB52DC633BC9956659E6201
:105420005F3F73D399EF9E4713DE0CE9699394B203
:10543000BA58AA43FB47211FA0A9F793163D5CCB9E
:10544000767B63B17FD81142A109F71224FA7A481A
:1054500006F96467C51E6BC0FF7EDFE85C12EC2CAA
:105460009B3A551C410D5EE6B0CF7C1E84971539E2
:10547000537958327D75A172F0CDBF86A6FA741AA1
:10548000F0D37E09257BB494032881CCD084F91D08
:105490002628D725F9863B6961159A80FD14874532
:1054A0006E1F8A1870594689D51F24E5D294EBFEE9
:1054B0002860D6F21203A01D25F743FC89CB8BECA4
:1054C000B922178C900708DA71FFB008FF97949201
:1054D0001B39AB3952CF358CE58E99483CF8D295C3
:1054E000889293E2994B1FE6C2D561D16C1DC3F837
:1054F0004A6CEA0C3483129FD74877ADE43E383BC0
:10550000FD9D188B0EBB723AF3BC164A547CA53530
:105510000E8B420C9E9BB11D352F487897B6CCBFA1
:105520003D90891D7595D8ED5EEEC70C8506BA389D
:10553000031D9C52BB8121DC710B34C9DD6C869B41
:10554000AEDF3027B55A2DCC58498BB0A5AC149C92
:105550004865B6629F661DEA7F4BB74F37B3A5A675
:10556000940C4843BB9D19E351BB1E178B20BA57BF
:105570004D5D8155158A34B629AF216BFD979BBFD0
:10558000D8AD2EA05D08C7B7511511A8E87F7CB82B
:10559000CB8446BD5EDD97A6BF47518DE1C51B4C50
:1055A000E18FE6764C9F6926CB67367B4C197D8D63
:1055B000B522D02069A8B4FF71C3923D8BC3DC1320
:1055C000637DA71E99AA2E142E8905AA70C20CB657
:1055D000A71ADD778C2C806AA79E5C2E1579D9518D
:1055E000A72CAF886FAEAE2E452793F029AC7C6810
:1055F0007D7D507780BB31D23D6458FD3AE97049DA
:10560000242ECBA5D77E7193234F7FF02A572D16DA
:10561000A9677F2CB35052B6DAFB756333BD79CEE0
:10562000AF5064B42DB09985FF92DBF42D8BE394D9
:105630008976262A522C78AB02FAFD5001BB3883BA
:1056400074827BEE5A0E9230027CA510CA3DD5A220
:1056500076C91931D1E4A10C198FEDE8F432DCDE02
:10566000C334C7012AF90C8764102A2DDC812694E3
:10567000D0A2FAD862F90E76EB8707620581254E33
:10568000373750112373171C1064B8C6DB70C6710E
:105690007409872997EABDD672D5D558AC6B31A16C
:1056A000826EF3C083AA4666E7C5A3756FC451F442
:1056B00019AD08A6AF0041CB9D6749350278F4FCCF
:1056C000CB48C9D4FE55443CC2A53936A540928B7F
:1056D00020D460E7D45951B4BCA57408F8B59E4EE7
:1056E000EE754AFE4BF5507E80FF02F77E89DE782C
:1056F00059F92D3A2D13276A90BD0E17FA4C646D97
:1057000081D900FB3882C5228F1D35DE459D29F7E2
:10571000396E5D0D0E4370E0F6FDFE761DA6AFC638
:10572000EC51254F506701EF5B49135C8B7F2B31A8
:105730000FE720B9765FFBB7AB280B3DF0D9DB75DF
:10574000AF42F8830012E76A23C7EC86CE0C57B24B
:105750006B46C07DD12B91AC76A49B5F28B83E955B
:1057600091FD081A83051317E20AC8684749964154
:10577000F5F0AA8E3160EBAEF0451C96D4808BB963
:105780006EE25D727FEB7A8BAE6A6CD3DE2EA08503
:10579000092CBC9EF1FB09F7081EAFED048BA12B71
:1057A0007291D6FDBA293E31FDC155129F2A24D1EE
:1057B0002555080CB0B57D4EE673260EAD1D076F5E
:1057C000DD58D8734F85C9197E3BAB215442B3DAFB
:1057D00082F90CBCBC162BA88408020C59899426AB
:1057E000074D0AE53030154D7006B83B17EAC7C2C1
:1057F0002B8E1E2C7692A41E7C8A01552D53DE29F9
:10580000DDBF8D8CA8C307C289C5CF7C5BAC0454B7
:1058100078947D148C7C75363AB1BB6C03350017D7
:105820007DE979BF52A90334CEF8A20A39BFC77AFD
:10583000CB4B2733253190AFC800AB397D50FD4E9F
:1058400043CC70BB81FF4CBA3EE9AD9AA79C115E78
:10585000EACC5278B9C71EB4229F42956DE43F8AC4
:10586000399C5473AFA2BBF8423E2CF8B7408B6D05
:105870003FEAC939C2C8A74135E04BD44972035643
:105880008A950743946E4CB7EA5CBA80432D6A98B8
:1058900079488261205584F81BF7EEEF5A5D62A2C9
:1058A000F71702A372905761A62137C33970BD9CC8
:1058B000A98FBCA2D451363B11A15790DFA6B209E3
:1058C0006618DFC6F6CCB4921F4B52A1338F258CDD
:1058D000588D8871819CB4DC8640F6FF126DC19AA8
:1058E000A3082D629220ABA9DAB5EC595CCF11A4C4
:1058F0002A2B1B02E8D99BBD0D67DEFCC1A9A35F63
:10590000C0823688D03E6FCB2D92D5083CDBE99C17
:10591000CEFAC928CE8519C63084419C24765C6EA7
:1059200048C32B47033541E5FC30342002A7280F3C
:1059300080F9CE13391BFDF5224012C14788B5000E
:105940002D56AD0173FACC65DC916E6A1CEF92DEC8
:10595000ECC23C54A2FA5D6CA379E28657A908BD5B
:1059600046FF74FD7FA5908A3F6AE86C6FFD086C66
:1059700022B74183C4F633DF58AC57A35DF88EC617
:10598000FEF17C9EC1C56D6EC28DFFDCDC287A61A4
:10599000F22C0D6517D1496631825FB777643C659B
:1059A0003C7092675C30B4F94D90649B312F518DFF
:1059B00078A8ECFF24AD666EC2B6A413C4ED300522
:1059C0002CC23C6D2468C063A408EFDCB7D7215B10
:1059D000148511178F369F9CB553B469337C54627C
:1059E0005FB57391B7F651FF4487773D426BA402D0
:1059F000779360B5FA58918DB7B8DB0D5D5DFE0900
:105A0000ABA8C2C2B71D7FF099FD37FEC48A173E0E
:105A10001A6BC0E465D8A9BA5C2F56AD27EE0F14F7
:105A2000BAF784703716D9AB21B92F8472A10D66ED
:105A3000C524CD0D52F5AC876DB85BFE01A480DCAA
:105A400053C2DA8D7D45566FF73C9BDEC5E8DD34E9
:105A50007E1D21AC2124ED04DA304B03194BFADA18
:105A6000842D7EC914DB73A6CC47062FE1E569F3CC
:105A700064B673A50FE60F05A127B6A2914CF742B5
:105A80000A52EC5CCEDBE05D6C6A397701420A9D1C
:105A9000165F9D950347FE5026C27CCA8EA9080951
:105AA000C07BA14FCADF700BC41BD61703912232F3
:105AB000DCB9721A5C92AD174F20BDFB998C436222
:105AC000B5D7C2982168E2207EE5BF5402914518FF
:105AD000BDC04A66AC11FA59BF340496430D1C6828
:105AE00088B3EA54F6E1520D5AAAB49EDBEB1EA429
:105AF00057E119202E4E94239153384E7A5195BE7A
:105B00001791680C9F97492512A64A7445B7300033
:105B1000D342E65786942665103D48C91ACA3E50BE
:105B2000D785CE1BA8384561438AC340C3EEF669CA
:105B30005AFA020F6C2E7260E341DFCC4D7712D21D
:105B4000934826270BB41B0380B412C87F4CF0C1C6
:105B5000FD93C56B606141516ADA634ED9F8FD97D8
:105B6000BA53548C9C39EB64A99B1B1A4E4C3C5481
:105B700093EAFAB6C69246EE3FCD0CA0E0B2D7C586
:105B80002D7D3BC09B093BDB606AE0AC1011B62C5D
:105B9000FD065201B4D83E798D1FFEDE3112C9FDDB
:105BA000D7A56B5EC84699C5497AFFDC178CA94911
:105BB00048AFCCC4AE065951FE81F324FF148D5575
:105BC000805773462970B85D40853655DC3BF04AF6
:105BD000BF3479AF163DE01F59E096CE72589D60F4
:105BE000CD2363EA52F2CCDDF5DD64BC8E1797F964
:105BF000B56E46DD5497C38C33F6FC3A9C2A357E4D
:105C0000EA0D8BF788CD21FCD7ECB7EFC94D792889
:105C10009A87C1D3AAE823D410EE54EE07D5875C47
:105C200088EE8C031DABEB07C1D2C0CC3F947B8BBD
:105C3000582ACE19B2EB4218011FF5CD9DD3FC9323
:105C400000247C95CD9B9BBCAEAF05AF57128CCF8B
:105C5000B57825F0D460304F78DFA50255E0BE5509
:105C60009CC17130EEF0447A45973C41115319566E
:105C7000074437B8CCD22D5AAA4057CAD7A2AEA1F2
:105C80004F21F8440EAD5AFA13BA3AD47B9E074915
:105C90008836D590A03B1D1B38579CF7C5E3441FA1
:105CA00036A8469ACF965EFC626FBEEA69B714DEEC
:105CB0002F6E3B7FC589231328B41A3569EC113543
:105CC0006C7A742365115B88AB786CC0E35C96F6E4
:105CD00021EED6A895372AB487BA8DB5D20800D45C
:105CE000C534414F46C5BD2B3452B399792A23D4CC
:105CF000733A68E75DF70B7095E86D97B80EE81595
:105D000044DF72093548962580E41462D88A4AC96E
:105D100067B5402A52862A8F6E6D239F1B98EEA589
:105D2000A0D1FB284FC196A1D6F2E189DFA4FBD90F
:105D3000B3D08B3E6A7F99DB2ED9110D121D8ADB01
:105D40009936DC151C99E4244A4E10ADCA00FF9D1B
:105D50008AF2CE8AF62D5EEBAA34B49FC355E7646F
:105D600029B72490ADD9096CDD833DD6445B3BCE89
:105D7000DCAB351CE54BB7EE2CAD89288728712F9D
:105D8000C09C735203815B8A7CC74F56D580151E19
:105D9000159A4F369D30F92B34B1C32374A6B9AD93
:105DA00005EDF3018227B9034B8A33F85965BF4FDC
:105DB000AF3FA9365271C47BAD7266A86E1F853E97
:105DC000615A79EBB34D7622AD224A1E47908AF78D
:105DD00062CD33A2A96A605E08A889D1E89C6EF6FC
:105DE0000A28C63F7E6945AC493D348C24A024F581
:105DF000AD60C8E6087E2B6F2C37AC37FA1775B24A
:105E0000DF0D4B7503E770A5E6FEB3A9E46E6D9454
:105E10007A48659051892B02D3EC0C8CFA5CF950CE
:105E2000EC627623D11A3EDAC4FB4143BF83BB2325
:105E3000E8527BDA19D9E7621CE348A2E82E5594B0
:105E4000F27280F2D6FD5C19CA9E35267A90ED502A
:105E5000A329760C0BD69B67829C7E6EFBA873D918
:105E60007828EFFCD5F05748265DDC51DBD2A660E0
:105E700066705BEFBFE298607B9E627A66D02733E4
:105E8000B5D1DF7F5AABCE7E9BFE0BA33565D39297
:105E90005CC6D5685FDADDCB943F9C73F12FA247D7
:105EA000D24C3BE7770F1F94F31AEBCBAA047A0A84
:105EB00035730CC4E7F32EB63C28D50ABEF520573F
:105EC000C3E59B22CE7BB428067CBB04D5B2015E21
:105ED000DC0F024ACA22F023C52003B55BD962C198
:105EE000DCBD94E09550C5A05CB3E4E85E8C5B43F8
:105EF000F3B9F04D424E366646BB46666838EAA9AD
:105F00008B20BDF88A5E20679059E7F2A361BD013E
:105F1000D19EC47EEAA479D8CB897F22CD09507D59
:105F2000A07EB2431D8C46765019682792AD33345B
:105F300092B455E960FF7A7B1F71FD3199F9BBDEA0
:105F40001126BE985DD7EA8EB93B23EEE0D9430A0D
:105F5000CF4BF329FFCAC0CB9376C54785E2929B0E
:105F60005F42F771E9B05D424BE0120CD735B81FC4
:105F7000F2C2ED01764DFA3CAFE640AAD3D2B9CFDA
:105F80006E82D9C5A70C281403C9AD6B0C460ADA7A
:105F9000C7A43811F6D9AE918EC3EC8B026BD9AB86
:105FA0008C430662BB2382F960F62A948D5BEAD9A2
:105FB0003C803D6A64AD8F1A2585B9192016FE9084
:105FC000503E26CB82C15056FEF2059DF9CD231ED0
:105FD0000AD5EEF634C21ABA758AB0BCC907A060F9
:105FE0009D9078031373BFB48D92E58C8B7F195D00
:105FF00016943E5A663B2352BC2B90BF041050EAC5
:10600000B7756D025A677DCEFA3CDFE424268EE92F
:10601000B91CB86B019EEA553D61A0A24633A84564
:10602000EE127EC8FE4566D9B1074D02AA63D9C9F2
:106030002DAA74357FE5D06C1271D61B6ADD40063F
:10604000894628E9387DBAE5FDD2D21EEF0AC02A7A
:10605000E323A4FEA8A198C94B9E95FFC6D870C89B
:10606000755758873E57103BA2410A7399F2BD4DB0
:106070005CF02DCDCB3115CF7822BD50E8D6F9C5D7
:106080002E18D9CD21770E9F4DAF6F97D6925FC254
:10609000BD59AE54ED8445725DA92AD88F219E8FDB
:1060A00016A03B3D45782C78F1FF34BEED2705D98D
:1060B000E213399FC11E89C056BEB7C01FFABFA1E7
:1060C0003D3301035415F48D401B13ECF57038FB80
:1060D0007EA08071F85A46803D9E38A31B9D8CA2FD
:1060E000137D7E347752CCBB1878BFC0DB58B98E95
:1060F000903A3D8026C92F654D44C6C324DB354404
:10610000F7A616341D4B2265DEBABB849D91A854B8
:1061100089D6CBDC9064410B44C9B830071B6514A9
:1061200034B6CBBD0C719302856313E87CCDDAD411
:106130003F130DC03EB90C3D5B1D2C10AE957DBDCF
:10614000BBE4F1242ECFE75706506C81EE92BD09D7
:10615000D862746E7B7F0182A7E4C67D22E660640C
:10616000417EF2031DAC2E274622E85BBD5B9A3CC4
:106170000F0E372C0EEE4BDB0D8FA4B6FBE1254343
:10618000C12854D00EBCDF2D0E044D60CB1610B4C8
:10619000A6E459E331A22E03140D58573B4ACC1301
:1061A000BF2C673B4CD8029D60164DC810B314F944
:1061B00045B6B0780B4FD48DF300D6B9785670FA47
:1061C0000AD21724926C7E70EB315AD75D534B91F3
:1061D000C1B35D59A4C88935C4599C7DEB8F54C5A2
:1061E0009CC1A3467A791726F27E0E05DC8A1281BD
:1061F000515DF1503F7BA6E6AA1CC4EF831C776B70
:106200004C3390E46F5CC49A3F1A96918588D17E96
:106210005557CD1182DBD741A8A03CAEF8469E0968
:1062200013E410B3B5B0471028A4754B8542A943B9
:10623000F8C8B651974DDE5246C1772555B99B092E
:10624000094BED4D59772E06E7858629BA68EB4153
:106250002C9C6023B806D6DEDD771A161EE88B4824
:10626000BFE17611180D7A17454E8B49727D0F08E4
:106270007F796DE482CABDD47653D7CD8276BD577F
:106280007240618DDBF6D959BE26799570C5C12E55
:106290001427C7D34945C0AD2035DC578B47B0EE36
:1062A0007FB1B8CBE508B9151752AB775E1657D159
:1062B00093FC29F9B56E3C45B70D1B8BA42803ACA4
:1062C000C53AE5E9FBCFDD765C660514C989173B65
:1062D0001811A0D9F68B29208EF9A3F64F41139FF0
:1062E000C50D620EBB1399815A5D894F751788E4FD
:1062F000E6C0722C904707FCB3C86704E370ABDFBD
:106300003F5AE274E9D5844F95A84F2EFA6293FF65
:10631000E5A0EE89461EE1A570E8DEE33C886580D5
:1063200004CD79EEBE14B5EEFCB09AD8B1FB273A95
:10633000B41BCB83C85670A90C322D6D20C0C37B13
:10634000DEA9BB4F67AC1E4E95AF4233B0F31FD1F1
:10635000C8562600DB0F5B9879D9DC221EE91E5156
:10636000C5ABCA5C06209D7DCE93DF99734FBD56A9
:106370001C2C214544F5DD6D33499BE4CBD826DF49
:106380009C5C76DFC8ED26CE051DDBAAFC5B041BFA
:106390002F4A03171A12E8FBD7ACF222164C271D1E
:1063A000BEABB39CBC8EC1E96AA66E982517D6C653
:1063B000372883B6B0AEE0625984E52471AE80CD53
:1063C00043FD2BB817D24D3FB1C2045D00504E289B
:1063D00053F1F616D0AEB65600814CF0DADC33E15C
:1063E000B380C11C2EC8A7BF9615BDA95FE9CB2BF2
:1063F000530798D409998C75D6D460815B31943752
:10640000039188FF12D960B7AB503A5CC6009FDF9A
:106410005B5F8EC88AA60D6021ADA92B29F73ED7F8
:10642000648AA17C8A81725682B97FBD035D192A74
:10643000EBC8182495A08AA7E14B8146CB7255E1A1
:1064400092435DD0B6C6B9F4B3FD83DF668C0856BF
:10645000FB45012F0B9C7F3E8B4231A398BB42D959
:106460007F3E61B3BAC9854B63724A162A0968D563
:10647000F1C6943B7F11310A62100EB22E1F87F3D2
:106480000ED5D9D5DE48806C5548E499D8C14697D9
:1064900014FC203206DF83F818B5D45812F7E5262D
:1064A00017CD8CB3B68849107E71BFF55EE87831A0
:1064B000372E13AE3890BFEA7B849B0AE9332789D5
:1064C0002331B753E22AD1CD410F7A4A565467029D
:1064D000401D3F84F4D8F11FA3E64CB1D26148FBC4
:1064E0008A3B4BF42A95910F1E763E32362E1C9D28
:1064F00052C753F441EC01BBA9D17BFE2A5C66B5BF
:10650000ECEE7CAF369DCE6C5EFA0768D28283B427
:10651000A38359A5D282DA3B9EB487F27B64131F12
:10652000EF6B0A8DEFFDEF09FED3D32B07BFC454E9
:1065300084498FA0C995922596F14D4638423C1F5B
:10654000125F91BA35A9BE399D2381F60696440F94
:10655000293930079B53E9CA6FA2CA18CF259FBEBD
:10656000A1D61930404F392652ED5A8E898B8117AA
:106570008988C4B736031A1BC47EB5F20941024AA2
:106580007DADC34B7CF10EBD8B89C59F9E76E46BC0
:10659000422910FCAF645DE518E800306CDBE94D82
:1065A000A6FFAD7E8FC6D3A43212A46C05B2A2DDC5
:1065B00001664BC7A609C81A664819C132AE7649AA
:1065C000E27FADADBBE4304DD069D4846A95F475FB
:1065D000AF48A5D64DF1460CD6B66FE87883504F3C
:1065E0002AA489F82EB22A25773A89134B0900DAB2
:1065F0001C131E679D77476A3FACB6DC5F7640EFA1
:10660000A47CB6E7664C066475392D60B4B5DCE64B
:10661000D8E4248C9EC6DA7DA9AA5DCB861C9C8B0F
:10662000DF1236319B849A759937ACF2FB8FEEEC12
:106630005D590E369EA5BE8B86552A7CB9088211FF
:10664000740AAAFECC59E4701C621D4EDFA82353C5
:1066500037BA357A71D9EB600D2308CE4FD95491F2
:1066600013DA5916D440E5494D2C4A0CE16EF0ACD2
:10667000CAA586EA39725CA3CB06E05D9A56C9B515
:10668000F0DB85D199CD8519604A1C7C67012F8F7D
:10669000F523AC06599004250A7A913C5C85E6E91D
:1066A000EF8C603D79822C823B80D0ABF377BAF4DB
:1066B00037028ABC816F4013F3D30527F95104CF09
:1066C000647C655E81BC070A446D9C38ED37042705
:1066D0003860A00F1FB0D55AB39D309F991EAD00F2
:1066E00050530C65D81FB82FE05B00D5EF61651AD9
:1066F000FE88B38180DEB0D38FA647D84649091DF6
:10670000C246BCC518F1E54C63794BDF61408F1878
:10671000260BDBF9C4A1BDE97166651FB12606B47D
:106720001B3FD738177889F67C5F2A49E3BA03B54F
:10673000E34F20F0A8E3B197EA3EBAE5F17964713E
:106740007629EC3E4C79E1C95153A234EEAAA40A51
:10675000605BEB457EBD2D438C13E4F9191BB19FA3
:106760005E002A9E158AE2051D2B5D87081CC89BCA
:10677000C91409DDB2024BDFEFA584F40C52FA55BF
:10678000E50B691F19117A5F71B3B847CA5DEE4F07
:10679000BA983806A2B170ACD493F5F4183A819443
:1067A00027FB1773DF26AC70759CCEBA07E3D41BAA
:1067B0000C91572BCEA8F30A24A7E5CFCC0C51B4EB
:1067C000AB8BD3DD2095EE64285626482A47FB2F55
:1067D0000935715B64F52087CDF31804357D13E12D
:1067E00054B3D2D7457821E057A93DF53988C2C1C5
:1067F0007EA461931E71F539F249B7DF7D5FDDEC50
:10680000F94E094CF5548D029D9812E58D468E0D7A
:10681000DE9182CE4B12BF263BD41BE0346E43FB8D
:1068200099E1CB28A3D343C45A12EF26C7DF42AD68
:10683000C3B85C16B98886902AE6097DFB22984584
:10684000A0907EA9B7138545524FEE3400C5CDAA5E
:106850005C05D2F23C1A7A8B48E7C9E9CEE33348AB
:10686000BC053BAEDB51AB31AB39610285A87E5133
:106870009CF0A0FF51B482C91B082795804F18BD1A
:10688000A5657FA45765F98573AE5013A2A0550581
:106890000FEA4047A1421BFFEC041208E459B5522D
:1068A0004CE8C908985F48688BB9C729A66DD47BA6
:1068B000D97981AF38056390EBB12BC8AD5BFC7C17
:1068C000EF0B52FCAA24982D90115D99172FAB3332
:1068D0005B7313416E31F598E525EF8F8360BAD372
:1068E000A07402A6CFFA38B95940768BDE913224D3
:1068F00023FA6B25E63F75A680D8F03B1643E120CE
:106900008C574A7C1C2BAA03433EC85820FCB8C1B4
:10691000D9EBC641BF112301BC24AC9073D8097DCB
:10692000B1F7183ADB245D1E3794F225816DFB0127
:10693000598A4532A564971C6AF67E01BEC5D01CF3
:106940004E855EBA30FD3954D334020EB380C8CBC5
:10695000AF3936DEC10967427A6BC1BD766C24B4AB
:106960003ADB29BD1B60C6FB2CEC0D6DF5ACC1C735
:1069700048F8F94A29A80882EECF81828D834BAF6F
:10698000107977E3EF46E0E411EA370155CF452768
:10699000FE977BA3B7EED08D373B82B5790192C8C5
:1069A000DD077CC2F91E2B657830FBC498A1ADD7FA
:1069B0005D3B21D7083681393B46FC5977F2307E62
:1069C000116347D4F771630D7545869229CC0FB1D9
:1069D000F0EE26D7D012622C831DF2ECFF2F3A2462
:1069E0008612B109694F4A1C7294AE567918734BDE
:1069F0008748423803DBADE148D871B01BCB8FC26A
:106A0000853392D719E865C542106E61000A458842
:106A1000F2E51B63382BBCA7BBA7BBE8657BA4B121
:106A2000A4458F0A23D3D773BBC024AA35DE7D5B70
:106A3000A1DCAC1A2CA51E4B5E46EB4820A38FDAD6
:106A4000FDD0CF21F86CFAE0446EC0FCD134D0ED1B
:106A500022A4E7702A3908BE1C755B6F4BA1D4963F
:106A6000A41AE69C9E6557CB4B75CE40E3ECA87309
:106A70004ED1DFE15E77F8D1BB4A80573AAC481976
:106A800045A5E25E243C619597C4917F623714CF9F
:106A90004980BA634FDEE67F248AEE18ADE16711C4
:106AA000B5015023C163AB2F07DB7C2D55A2F562E6
:106AB0004ECC585367DCC19F320061FF866C80B7B3
:106AC000DF52360033164E4DE5A6B0B04AB902513A
:106AD000FF1F6421B2F486921E48466F9AC708D4FD
:106AE000EDDDCDAB64EE8CEE26B6D5F82705B35BB5
:106AF000715E2CCAF5E4735C112319FAF60792CE85
:106B0000E0DB43668587306BE2802FB3A0D8664A0E
:106B1000FD60F8287304428E43272419AEDA0F145F
:106B2000A1A2EF4AF809EEB4973C0BEA8194A7457D
:106B3000A65F52A789BCF7B38B433F881F16D54584
:106B4000A8445C6A0A15723139AC346322EA7CBB12
:106B5000D9151B537298A1192C21DF2F051E5790B0
:106B6000D44749446926220B103072D75A77AA9D20
:106B700026B9BFD9DE8DC3032A4ADCA0FCC0CCB63F
:106B8000FD3C71DBB80C52FC92B2CB47BFA463C78B
:106B9000304FAD8FBFC525F1B65655BE75BCB5F7A4
:106BA0001BC2B0306BCBE871EEFF768F9F43D7EA04
:106BB000C0E62E10FC06E55B76D51B0A30D1C0FA84
:106BC000A3E59504B899542676A72BC7DC64812FDA
:106BD00048BFCEF149528BDF75AD4E09C3DEFBA82D
:106BE000FB9FFDAC9EDD1B48F8CDF7B70879B406D6
:106BF000F7ABFCC73660CAFC3DEFCE78F85C749901
:106C0000901943D2EE6F18E227B29BDB554D8EC52B
:106C100006AE04B21784FAFF74EE8830A939611702
:106C200033B76E422CB841F17002103CD133F8C931
:106C300087ED7037DF51828EAD5529D895D950C375
:106C4000BA6AA4607F177285360D31609087002E76
:106C5000C7D6181867C1FA6D47019D8CA51EB24AA8
:106C6000D7C66AA95F4C1AB612187EC947FFF15AF7
:106C70008919EF45D0D7D8483E96DF2B5EB8503FF4
:106C8000345E63B4E99F0E1305CD305D041FC495D7
:106C9000314F9DA0D97B33662A2C2AFD9B31E55BC1
:106CA000645166C2981FB8D3F1824C1C4652A5822B
:106CB00027906DFBC1ACD8D47CB0641104255B85F2
:106CC000DBC3134C86D4BC756A638E1BC929F015CF
:106CD0006E0B595960FB909B836FC94520601CB9AE
:106CE000E4F5B63A1565B982A9E88E15DEDD87CAE6
:106CF00013E2CA5E6872EC353347E313FD6EAF7E74
:106D0000FD664F3B761F070CA5CCEB4F7217CDB736
:106D1000B8A1372CCFB1D7609FC57E3DD90F19D907
:106D2000D81557929B6D69698FDD02919A4802DCF4
:106D300036934A5A9C7B98AE0AC1612A95BD578802
:106D40009A9D2F5DA4014E9B86C1923BF63AC9A63F
:106D5000E030B04DF8C7596E850B181555A20D805F
:106D600015AADAEDD04F87A839E21CFA9A70AC2048
:106D700017DA99AF9F7130B0EE9BA48F5573B94766
:106D8000369C8369F80DB790273AC865EA342EE43B
:106D90000D6A1B8981D6E085C06B4BF11AFBDF2B96
:106DA000EF710C279F67B0DE68C92AAB8F4E49632D
:106DB000496951356E8EF9B0413131834E77E577AF
:106DC0004B8E9481337BB0E05034D82980A4D8D442
:106DD0002E9F85F6E77FB970CEC6F6F90AC43ABD94
:106DE0003A4A68AAF8DB67B0D994F940E708A3C724
:106DF000445AAD835C63884B2F502314BF9834757D
:106E0000F01EEBAAFFC2261351A2D0804487CC18F3
:106E100057300B283B3FB51FBB32B066AC19195E2B
:106E2000AD3A44C52F4CD2E8D239EF081D42F56780
:106E3000AE678D486145C2175B2713DA083CA64E42
:106E4000C067FF7F4719CFB16E87352390408A1402
:106E50005B0D497AF66F16DD9DB9803E296910B445
:106E6000C482AB3EE4B66800AB4FF51135CAD420FE
:106E7000F6BA538BFC5491ECAEADC927CCC32D9D13
:106E80000176E278C693A0E1D28A5162B839186FD0
:106E900096D601004EF62F4864E201F46C3D01B431
:106EA000D1D23DFF02DE21B5D34A06C4F84CA18DF4
:106EB00057FF31918181954E2E166BA856569C3AFC
:106EC000F48475368C998B46AEA342978A47136338
:106ED000A15A1A33B7356530FBC1E27B870FC56213
:106EE0008BEE87B9375700E1F4D81913692E46C9DC
:106EF000C8635EED618BD41FBBF1C6344F26E879C1
:106F000016FA90DF9749A18A7548E03C725BC63457
:106F100039D4F1A93D6078FAD99F022F60946E713F
:106F2000737359C3820B820928180181644EEF04E0
:106F300020F9F0D20A2A199FCEDAE70186EE4649F7
:106F4000FCD950D4C63BA3F45B7971F6431DFC65B4
:106F50005F62AA5E38AB78916CB2604E876BD55891
:106F600097E00D4AB03CBE731C6C350086208EA4A1
:106F700020C374535B828D116C92E056BC161B2E9D
:106F80006EE0A36F04BF300DAE14623C42F6769102
:106F9000B4E50F152FDD1D1E50C30CC360CC784C1B
:106FA0000D1F1F4869F4C7597F1AF696DC28980E02
:106FB0002E83321922165BAA8A5D935D94E4DF70FA
:106FC000C54C43662ABA49379A517A1D166122E6A2
:106FD000EAEB063848C07BFF8C143857041688A7A4
:106FE0004AC5C3A34E2C0197C7DC01481EEFA7AAD0
:106FF0009DCB2072FA6AD7937128CB1C11C52E8BBA
:10700000D90BB863CC975A6A32CAE99A1674E3BCB2
:10701000198FE51E0B686A9B9B5609A19C1D9D8CD0
:10702000780C1188C9A76D51EF96834CC57E61B469
:10703000C55B02CE3F2E351BDEF20FD6A6DCFCBAB6
:10704000AADFC40E639CC82ED745A787E10EC39B59
:1070500080F8E54AD8FB1D25EEB3725D92946096E8
:10706000AFF3924D62AC45C376D19304F2DE1C08B7
:1070700059EA5BA552282DEECE2C42DC323954E57C
:10708000A746DEC95C528F52D1CD113A0136CA5C97
:1070900002CB80A54F8B31FDACE467A0175BCF0717
:1070A00016E1686C05A6E249CB66C710CEEF894BA6
:1070B0000E84CF7EF0BC2001D9896750486BD1FB8C
:1070C0007A8633B247156CA095200010108401E435
:1070D0009A94938B5FD49FB6AAC1772A3D4CDEF871
:1070E000BFF617FEB58A0E8D7D3455CAB8FAE1AAEF
:1070F0003381E96A30A104E1E0CCDD622F6C14A198
:10710000A972E9ED84677C0FF402FDB2127BE6C739
:1071100087847EECDBE30E684ECAACB9982D7DE027
:10712000373CB9D69BFE2190EA13243478EE91AE19
:1071300035D9ECAF53C5ECE60C60E54ECC01525EA0
:107140000DC46FE33D505AB4BC19A820636952ECDA
:10715000E7F76285CBDF4FDA92348DAB38BF096138
:107160005CABE15655D8D93D63C7DD94EE584B6909
:10717000F04F620581788D56CB900500BB0DD1E1B3
:1071800016FCC3CE16661C9A461E33B7E2D0A0E4A6
:107190008032688AA4F6846B6E14989E4CA2632693
:1071A00073D080E62466E657D40BCD3DD79EF7AA70
:1071B000029A8D478B6BA80D15BB32706920C0B841
:1071C00090439B65DBEDEDFCCC945F73FFB406E36D
:1071D0004BBE2A695419222C15C521CD6081CF4C94
:1071E0007D886E5EF062CDDCC71EECCDA161D74616
:1071F00085BA8D01193673B457B587666C92CCC8C1
:10720000A5D866A82AC2CF6E9E5CF707E344BD737B
:107210007249B4F19F851D517DB335C00144DC66D0
:10722000007E99020514C5771761034814AC6451B8
:107230008E12243244AEA3CA10A0F182D8DC513D94
:10724000DAC5920E917F9C23D8E0A7CA4DA297E998
:10725000DF20FCB84AC352957697054CA6B52507A2
:107260004F4F479C9DBCDE0312360C66B4287699BE
:107270008E7A0A809A5642D470F2901F3EB5370338
:107280003208EA696A280EE05C4C3A3D38E3F508BA
:10729000218DBBFE7259494CCB4D618DC3A94CFD6C
:1072A0006BF196E812848B742F4C32BA86D23086FA
:1072B0004008CDFD07E336E0D72FE6DE140CDAC137
:1072C000212ED1350080DEB127F5D43A0EB9A212B5
:1072D000969E4EE20B7B3A4498E4AD7EB0757CE915
:1072E000BD7AB4890EC9401F5D724FADB8B50D3679
:1072F000BD59890F2D48C904B77184CD62E5B42DFD
:107300005F41D929925C017B31A92B3022092B7F67
:10731000C1D533741053DFF678A627F4F18D115AD6
:1073200072818F0A802CAB6DD7B2001CDB6BF135FC
:107330001EC184D3600496633FDBE2D3CA87F8F0B2
:1073400042264090E7A602E1AD63930BC55C0911AC
:107350002B2002B2DEC2A84703B60EC64B9648D613
:10736000F100B9D6A72598E550F8192ADE1B72ADB1
:10737000591D6FC665B19662C61FC6F1BB2850691C
:1073800051B405BCEB3BBA5D75D52E70D63CA7E079
:107390003F5462159EB8C40EA0AFA4E968C298FA23
:1073A000F5C7C111034330B3D67FA0319A33ACC6C1
:1073B0001A196EA40C2688753766482895800542F0
:1073C000B8FF4E24C3817EEF86BA621B1E4EEC1DB1
:1073D000C3F0229E5A0F604CE13054375C7AEE0ABB
:1073E00016B2F33FF257E334681D04E519CF69FC88
:1073F000EBB290580F8037BCBB3D0A8D1F8C41C447
:107400001DA001B0CE0967B4CFE025BEBBD5ABFF50
:107410005AFAB915E7A81E0FDB23BF41A963BD5D6A
:10742000DBE884E0E2BCD0DAE7738D50E346253F29
:10743000AB87ECAB5A2E734702B09C3249C507BFED
:10744000C865B7E3065CB7EACCE542BCB04E45F28E
:1074500029AE805F07B82FEE2666417F8631658BA7
:10746000FE555099B1B7974A4CA987003FDFA071EC
:107470009ABD1BBCC19936958888AA068F8E90C785
:10748000BCE0AF70EC03EFA49BAEB761FC1A47867B
:107490000DBF02B2038A0841A56D503782E542C490
:1074A000D270429BA78FD588EDAACFB72667D76148
:1074B000A6C733D84C0460AEDFE438ACF100108DC1
:1074C0003C010C5F3171DE372564A567D56BFA1975
:1074D0001E70736F789A2B56A1485F73514F465BAD
:1074E000941D57CC1C63A73E5E95236A439C1CC029
:1074F00037AE951ADD111EE29FEDA24488B2FA6004
:107500003681C8B5D88310680D145296ADE4E1C831
:10751000C2F3500C8839CDB9F74F2D6F47FD832E3C
:10752000ACC0A292626489E3511D8345688D4F45CA
:10753000D3B746254FFC13709601E768EBCFD949C6
:107540009033E5D3F2B27B72ED0DBACF198C0FC731
:1075500015ECD77D2D1FE0590E58B6AB83B7718659
:107560000AEAD699D63D1E57226953C8354EE923FB
:10757000E8C843790E2AA2E8BF6B4D68C49EC932A1
:107580001E7CC8B48FF60742886A0A96348B926EC6
:107590002FB5CDBCF5AB8CCE6A7CF55BCAA182065B
:1075A00078A93F7B5017A3014E3A6D24C3DC15C563
:1075B000C69D959BB28EC93B63861B91FF8BF8B32A
:1075C00050D0ECB6D9B1423DBC5DED0D3909EEE2CB
:1075D000B88AAA7BE5FBEB278C1699750682B5F174
:1075E000694F5F10F5493D67F46B6548CF5214460B
:1075F000E06982DCC404B9AE256FB8F3CC0CC322B9
:1076000091F7F2A6C7F610BEBED5FBA3725E64204A
:10761000D4E3A4B2557B1FCC3BECF2E18502DAEC5B
:10762000F4F0A57031660AB9BD576D3E5BE0FBEC26
:107630002F7A42AA916C00C601DE59BF07D68BB0E3
:107640004A33103F3B00D1F01A6192C92C9D691654
:107650003C3F9B083746EE14A37AE5FB59ABA08A62
:107660006E092404AE2B1963A9D5355F42D09C174F
:10767000D8268DA875BF24752D5EB5263EA5B3F31B
:10768000319A9640910655217F423825FBD52594A5
:1076900011EE163DF9005E3212931861923BF14FE4
:1076A000244A3A92AC1912B133C3761416E1E818A1
:1076B00051AB65228F4D2A4EBA0EB1F48B37CC13E5
:1076C0007ECCB4D45DE346065B5718F1C80999A98E
:1076D000C97BE1D918E1BB7869C8BC75276ACFBFFF
:1076E000B7D2A53373D31F3F638E62A596A5321719
:1076F000594F9952F2EB56E3B99777166F1898D80D
:1077000000765BF6216F0BD780C5869DDBD5F95AD5
:10771000AD4F231F910E87E574380B5A780262E54E
:10772000F6CACB44A8A396E096332BD66E992F8445
:10773000F1D67E187BCEDE3D43A1D31DA1BF44F31D
:107740001BF065BB1D844DE076159BFCFD9587768F
:107750000BD28B2277D24C76C502E341053A3790A3
:1077600014F2D575352E3A2B58460D368FC029E3C5
:1077700006CFF6366EEE3083451F02169856377DDB
:10778000739EAFD8DA621DC3AEADA9DF7535EC16B6
:1077900058ED5F0EC7E79FF0DDE79501B8F1FF7880
:1077A0003C648E6FE6362E0B5F24E9E4F0DCC920E2
:1077B0009F878162BE153F781D8F4FCFE7328FC103
:1077C000559CE82E3637F696E61CC6B00AAA32BE9D
:1077D000123A4DD147DBA24BC134C8E7CA0BE2A035
:1077E00088D79A651D1F492441B4762BD07B7D9A9A
:1077F000D6FAEAB6F8619F4F37B068A90509D05AA2
:107800009AB6F9252650C9FD60DDB86B259C5EBF90
:1078100000B040995D1D527F8267213F231D57DDD7
:10782000C153CBA7440D93C6BE303042B7F564C4F4
:1078300049C506BFE4AF76B146EC05F5875558A2B9
:10784000B7C8D7C457190493643F1637B2415F775E
:107850003224F87979DAC844D31E88B16DC4C59C46
:10786000535BBEA71085AF47AAF4915182F7F2FC93
:10787000FFD24AE5ECD679E07A90AE49432F305CEE
:1078800094E8E01FF5A9D1E3784C333EF79E0D9ABA
:107890004FB7ECA8AC23A5ECA16BBC5DA3A383CF31
:1078A00012C6524E4F2E705691CEDACBE8DC0C3910
:1078B000FC58E64DAB9DD659DC22837E2B0C7A63B7
:1078C00011C620C13A9ADC64819B37486581037EEA
:1078D00057435B4537C7DE6137360C28F3FC9152BE
:1078E0007CA08F627D3008631C312871518BB47687
:1078F0003EBF62A3122F85D8DADC6E64CCD3610858
:10790000DFD169B5933A983FF9825C4C96FAE5B5B8
:107910008D160F8B223A285194D6BF3EC5B41B3C1E
:10792000843216ED5B3B27ABA2966110A3B8E95CED
:107930007684540B13087F09E6681D3DB893779B46
:1079400067FAC5E9C9AD641F8F893ECA0675B7F8E5
:10795000254FFBCB7DC5798E33BE2E5806552C4660
:1079600038DBA8D689ACB97CE8C105F481DA5F07B9
:1079700066CF3193134D4AD59F454F409671D757E7
:10798000D017EDB4F132D6714B853EEB043B0FEBD3
:10799000235D3C4EF97119F2C19AE957C2B9CE9AEA
:1079A000E3E1B960A1F533B1DEF8712BF3255F9700
:1079B000567531A02B5220E2D28C32BE254830863B
:1079C000A85D6E295AE4DEBDEA5A1B4BF9B3548711
:1079D0000733D5B0DE4FCFBE9AF305A29B3B38E309
:1079E0001FED4A5724061CCF45C17690564498484F
:1079F000298B1D2D2C352A4CA48C3528DBFB5C29CA
:107A00006EFA5A58CE144C6F11E32F455A53E4883E
:107A10002760F5942B8C7958DB79378CA6AF2C91A5
:107A2000CAD950A4ABDDCBD940932098A444CBF65F
:107A3000FEB298524D27CE0C436FA187D75D6C499B
:107A40001B5123B35FBA035E310DD762916CD4A68C
:107A5000B20C27F6AF3D74CF686B7D740AEF156FDB
:107A600024E630534086A1A9D0134EE9A739F9394D
:107A700061BA44523BDBB8D7CD25FF77FE47F860AB
:107A8000DA8EE268B076A2D0788540906F7C60256F
:107A9000158C3DE9A5DB9EA213558F0EAB41FA353F
:107AA000AD1F6254F3EAD75BDF7A52689E3177EB01
:107AB0003772F9CA3BC2152F67F10F5034CFFCD98A
:107AC000AA36023DB78EDED466266160A8280A2554
:107AD0005BC007D4406DD1CCCA3DA5C15CD393C473
:107AE0005F31B7CFD5781715F8145518CE3BA901DB
:107AF00002838ECEC55547C2F63D304C74CF6A7DA9
:107B0000BE442651189B766D98A011559743662464
:107B100004F3CE19346C939E4B53BF4BFE7D841FF0
:107B2000CF77687044D04CDDE1BC20734854A5DEAB
:107B3000A6A8C7FC26B56C85356A8F4C014BA148B9
:107B40009DC87D34650EB6FADA301943D5E0F919CF
:107B5000D9688F4CEBFEFFA9588A429222D8C43EC6
:107B600032FB0C10814B59A7568D36C2D7D1F27318
:107B700041B5B9F0D998B2B000DD4B4026DF9AD3B9
:107B8000CB70A5BF5E0C0C111E0C1F25E9F14F0632
:107B90002ACE315524FA2F6BEA10FE22A4EBE95AC3
:107BA0008224DF0A6F75495D8AF92EA8E8F332FC5A
:107BB000E3138FB0C25B52B086F52E0F839EE02A8E
:107BC000067156E9CAC01115D2536898413F3A9CD4
:107BD000AA7711A043953332C158C010CD13B8F322
:107BE000174D1833C9FAA671DCEB34CBE42BEBD07C
:107BF000C9729EB98F362F2F971D410155E070A392
:107C000042427D425ACCC079AE9F484AD6C43975AB
:107C1000FBA3BC4E6D0A80EFA97517469C9C5E7154
:107C2000303F5A690502579DAC9A0B2B5FE56D5C9E
:107C3000629A9FAA6861BC2F53E6543324166C44A1
:107C400057488FD42A28BA591BB13E6784A7084ADF
:107C50000C63E01850FF36DC06A853151AE96C6473
:107C6000693C893510C808DEA372B7A85938DA65AF
:107C7000BC54772DA0A8433B02A737429C9C878C1D
:107C8000E46438AEA8EFC664E9FD39CC21382FCDC5
:107C90006CE8B7C8733D787B807C614ED64CB76585
:107CA00089474BFE21C9DF6285FB4CB11ABEE2F861
:107CB00054987B9C0FD56139724D02F8A1A2EDB6A4
:107CC0002AB314AF84C1AD4D44E90DDB77A867FC3E
:107CD000499648CB24D67EA870DFF668DB3286B69C
:107CE000688D7EA6857D43B54F352D4CF50B0E2D49
:107CF000DF8829DF7BFF530D22878456DE459AE318
:107D0000379DA527D0731975B7B48DD670345C64D0
:107D10005930BD1CFC23A7628F8C291ED71025B8B3
:107D20003FC05FFB1B3129844436348E51437E11A2
:107D30009982408E6A91B113AD81BD9DEE5D93092C
:107D40005A662CD46E5CBB0B7873FFC49D144BEF4A
:107D5000CD8A78F6C42451FE46666A1035F8B345DC
:107D60001F00EC7221B00C740F69700017708576DB
:107D7000E316C596EE663AA1010C02987640164EBF
:107D80008B2142BA16BADBAC694E50E43D5EE16F1E
:107D90008A5DBEB48B0158CA61EF84117551628C43
:107DA000677336B33EFF85F7D1EBB2CD53C670B5DE
:107DB00089A6CD3124DA67CD0B158E05E84C923BB0
:107DC0008AD714FFE590060628F9165AEBD138A891
:107DD000F414D71A5F1BF828C86189CBA5624772D3
:107DE000549B72F050F21FDB531B6408EBFB55866B
:107DF00087021C239D13E6AC5422AEE26F5D54143F
:107E0000DA61E5D526AAC00EA2F685829CAAC18EAB
:107E10002E425A91323E8E3CB6D74F2DEE6EF4B8BC
:107E2000BEE4CFE7D269CAB26DFEC147BEF3367376
:107E3000BB265D12B3A271EE9D0422D4A34745690F
:107E40005B20139CE278C39E51375963BC25D64E04
:107E5000D7D3FEDC27AE4EB9C216507103B2A130A3
:107E600029D066527E2BC13E1A0B899556386C4B31
:107E7000870D4BF397C9F783F0024F18ACAD79CF5C
:107E80001A22C0F86492E33A8F3F2951059C47B407
:107E9000D3821E534331A0F81B357431E508396A8B
:107EA0005BB1E19C5208930DCC90428167F55D1A5D
:107EB0006839361B929489FA0D9A7E6D2ECCFE5B42
:107EC0005181A57BB0DEC04C128C00E9246AB50359
:107ED00038022979B240A461288CA5473168C3C013
:107EE000E7F3CD46BBB74AFC2E8656A11CE42955C4
:107EF000EDAE332F560DAD119B6DAF93B1AB6BE76C
:107F0000EE4B9D4FA4944BA9865D7E9A4FE4E20907
:107F1000B9DDAB27ACB7BB43BB198833E2C6DEDFA4
:107F20003DF24C6508EBF66141A099B537C0C2053A
:107F3000F938ADF0BA28E67A6B3A76AF90F6BD061E
:107F40006CC769F2D5803B079C2B93477A65C1CB00
:107F5000F3F3FC8369F5364C75E6B5BC6D879E0876
:107F600030CB46DAE4BF22494C42960908E3B9AD6A
:107F70007334D57D3112C55F05F671A3D373829535
:107F8000054329F8930C3C4D6F353C29DBFA7022F0
:107F9000AF1F6757AE30567102CE93E73C93514402
:107FA00078B39B2EFC8DCE71C652E49EF218EB1D69
:107FB000EE1BD506B132F1FC7E2FFEB7F1AF439B2D
:107FC000A89E8F9CBA8D222B778AEDEED06CC5CA05
:107FD000BAC9B3D7439D3CE224C6FD1D370874F2ED
:107FE00046474BA73559E149C1A0796333C8C6F26A
:107FF0008D5862EBAD53DC887BAD2F8D3141AF0ADC
:108000001466A3D9756ABAB22DD0571BBDABB01E8A
:108010005BD8D866FCACA5DE59FC4C7026C2C5679F
:10802000415A887C88F5F7B7AB680A957E90FDFECB
:108030001EF58B64F4119C8AEB1252E44D7975A6FF
:10804000AFFBC5F5D77D8E05FDE2A486666C6B8C13
:1080500088EB52C302E3AE47E0C4FE1C668D244B9E
:1080600057EC5B8EA929BE1F5E89CDF3FB24F52159
:10807000CF526025F6992CA79BA6353AF919535390
:10808000B97EAF5807D64EC45E4FBFD865657370D2
:10809000B2BECA3941618000F8ACD06BFC25F0F764
:1080A0006B599B35737E9FBE61626FD3B4480E3EA1
:1080B00039E5622030E2215BE5AB5F184276E6B538
:1080C0008CC30692432B7DC54A80B5BB4265E1BE99
:1080D000B08BD140D91824CA30D41A59BAE7012735
:1080E000906972CD51E2C6E0DAC371E7F9A8911A3E
:1080F0007D802573420DAF1B55299CC463520C37FC
:108100002F38291F13F6B8416B8C9E350D100EB811
:10811000858B6F7D8393DF013776365B271BC858CD
:108120003587720E40A5CBA73B782B81B5A34A2C8F
:10813000631F1CA809A4547EC9E7C589072B473CC7
:1081400058BD82C9DDA8E09897047D4681277DC58A
:108150006FC6F1D9AC9871E794F85591A3374BE706
:1081600076F812D766D334874705530AAEA9704C08
:10817000EACAC62D4F2BFFC50CB1EC9CCE2C3F0A92
:108180003C8354D0D9EDDC99EBD95C6B7797CF97D2
:108190009D86F781EF7D6DD6F6078225B3CD842BC2
:1081A00053CAC25375038E87F5E69CBD6CEC07AECF
:1081B000A27F209CF7A6F3A2A8224C5796E916525C
:1081C0009DE60A9C4C41E283F69BE807A34EF49A95
:1081D000F912943E05C3CF3E7B7A17A4F9FB754193
:1081E000335556EAF6807DDA888DBB5DC2EBDCB490
:1081F00009BD11202B10DDFA1033DFA7A224D89D72
:10820000331C2296F964261319BC9AE58247F42B95
:108210002423CC33C3FBFCAF8A033377B3CB0D628B
:10822000F65B5F354865B700D63C2F5EBBE50D8C2D
:10823000EB1C651A09C8B8A5492DA2091EE5926A6A
:108240003F61741AE438AC35A6C45E81BB78EFFE9A
:1082500077761EB4444544FA8EA46CE78ADB90A975
:10826000FFB96E707928D720EAB4457D040C898E59
:108270007B232E2F3EDDDBBA216FD02AF210BD7199
:108280001A0F596C4DD9DEFA4C928F12FEC1830C35
:108290009D439A89A63A3B97682BEF0142A760C697
:1082A000FF79A3B6EF2910A151637FB4BBD24580FB
:1082B000712FA521282B54A8C7ADA08815A0A9AE61
:1082C00055A0C197C7F8D3BF2998B245BAD6B760B1
:1082D000CFD40943073F6AB867347198DB608B23BA
:1082E000462CBBDDCC371A0AAC0255D28E5115B0E4
:1082F0005733A1BD8CCCE76DCCA99D347BFD3CAD43
:10830000C392B5703E5DD13B70FCAAFC997DFE65C1
:108310006DEE0CE243BD07F7C651663391C7375C7B
:10832000F99DE927C183FC37A5ABE64ACCF890F06C
:10833000C565141B63F0DCFD8BC4090F02E45518FE
:1083400069DE530A3E065EE0C9A39EC21A16E29A8F
:108350000377DC61437F11C7688471CC405F1FCA1B
:10836000B678D65C3CD92B4AFB6047D99C7AB9A633
:10837000E46BF518FC2E1D493C971D9A05972A675A
:10838000E3EB8538B2CA2C60E1930EB09DBA464D3E
:10839000A74724BDD114D9A2040DF6AAC804E0F25F
:1083A000CC28B49EFEDABB46C5CD5F078A5A0EECD8
:1083B00007EFB2D624972B6FC904CF4E88D9429FBE
:1083C000C4D5D5916C5749DCF8B396E8E1B9709EF5
:1083D0006B5ED9105E0BCA68BD5249CE4EAFB1EF8D
:1083E000113E4C2500A63D50D804C1FAB6E9A0EBD9
:1083F0007AD82B86FA50F2A142616EBAB3BE1C63E2
:10840000C9A55FC4631DA23218E00B6A0237E71FDB
:10841000EB1F506B9B19BF75F35C222D28CE31DA10
:108420009BF30AB3EB762330DDE9F8FFF502BD31AB
:108430007355146B6A736AC6ED82A35162308B5315
:108440008BF1E3F64C7CD8DCF7B7785245FE762109
:10845000543C9DAFF53CFF4A43FDB7C1DAD1CC6235
:1084600064F71E25480F890B084CFB494F66AE6523
:108470009A30E6FCB1913BC17CD93B15B15550FF18
:10848000CB255FF7C251CF53197E055CC00E9923EF
:10849000682767425829A62DAE45A08EB97E09FAF5
:1084A000D83518B47FD86F213DEA48D04664E7B884
:1084B000D4D3EE15BD9BF6E6095FE476A8B01AC8E2
:1084C000BD83B3E16B31CA4CC28AAA44412BCA09AD
:1084D0008ADAA6DE16E7217623EB6D2564C8995962
:1084E0001A78280462411F342F0F647207368FAD4B
:1084F00061E88871FD0B8A931E9BBC34456DAFF615
:10850000D62D839EF733C027194DE310A4CD66B056
:108510005C396A6085E91C92775A611E1234A16247
:108520000F94628744BE916869C5DC957720C4A723
:10853000E7D78C0C01768C0607A272024841EC68E2
:1085400008779D63C6BB1ED8762AF3EC941A1BD11C
:10855000E500F02283FD2D7EF22FE676FB366FBD1F
:108560002BC90B6218F563E6CF557A6EFD6347722F
:10857000A399E8A16A303D0D005D437789661CC16F
:10858000495E1E4753543F476B61BAC5AC1BDA25A1
:10859000C94E0BD0050056100A17FE4577A5306668
:1085A000B1D3D433C5ECE948671955434B3E28D6BF
:1085B000C90E0946EAF91597CC9FE02774A7ACB716
:1085C0003635564B811DFB94B6BF64F37DF1BE205A
:1085D00024DB0D26C17145AA5456A4BFC579477A3C
:1085E000C9B9E83590F88E92B2E48DB5E5398328A3
:1085F000FC36F100956F0AA26710138D02F68E22E9
:10860000E4C0275CF595C7FD95C6415B5E0945A8AA
:108610005ADA43D61E65B5CDFB98094B483CAD13DD
:10862000A0651785D6C9309F274B19AEF40CF4DA34
:108630009AA44F45CCB8E0EE9ED6457E90B60DF399
:1086400078E51495188A27CEEA63B1B523C0E0DD3A
:1086500009FB5CF27AD68F2F163FFDE6EF3B270D24
:10866000B155605D464D64EE1B07C88882F2BC932D
:10867000B917B6063AC2BFDE130AC92DB1912C9EB6
:1086800031209682E50BBFF955708745CB9831981C
:108690006C28E4A3096E9D796CC8382C07D8788DB6
:1086A000E0F8EF25FFAC94AABD6F0ADDECCF18030C
:1086B0005EB9D2E22C4B21FFAFCD457557757BE7F4
:1086C000CF49DBD8254506C16B3BCA04A519F6E79F
:1086D00049C3B237146826C2972D379BF4A21C45B4
:1086E000BCD7837E30BD8AC8C0AB758B1806308D71
:1086F000BEF7DB3E1D9137FA89B23C975B5B843B4A
:10870000CB15C179A78F97FB14CDCF2FE934E63372
:108710007CE7B69CB79CE0972629B0447CF7D80B41
:108720008C94E754540475C9F8A296E2AF46ABF2B4
:108730000C9DCDF6A72BF22D79B708618CB1C63F01
:10874000B41AC84A98F46D9F8F2DA79BA238D79E64
:10875000B15A937BF0C9713B70D0BE8B10870D72FC
:1087600042BC876FB1373C2CE2CDBDE07396E5E5A6
:10877000D129E3D2AAEC9A9D73F13B82E76C8D1B61
:10878000844A3446C04D25AE3C1BEB17B176FF3B07
:10879000FA2F0E6F5C248FE4A3AFF5E00BB94E7394
:1087A000EC66196AAD3A98DBAB6F69F4CC9C41304A
:1087B000265EDAA102B6DFC38493F438B4A69253DE
:1087C000F6BD18EF3887EE306C8ED214BDB14D7403
:1087D000FA8D331907C4134DC60F453F4CD56E0EA5
:1087E000F340A09BB0EC0FD40F5929735FC16F0306
:1087F000755EDD0B8EFF096B9E9804DABA3F41BAB5
:10880000D75D12428FE8C33AE245CD1E88F7760362
:108810004F94F38D8D5B208FC98D45EB258042D71A
:108820009B890A30A9C35803FAEAB56813A486974E
:108830003C856C55B5DE48E6597A054CBA336F9CD9
:10884000E750E4155CBE6EBA92936BC1341373EAC1
:1088500035EC3402A633EA74C052666694174F347E
:108860006ECAC843D55CFADD90438B048CD98EC1A7
:1088700045DB0DD4734E6A76FBF09DA7F139F26D9E
:10888000CE6E52641181B8104186C4AF1D8FED1DAC
:1088900037CA00C5C3E235544DAE80D3DFFFBAB04E
:1088A00007F281EB268ECC49DA5A5EC35F718349A9
:1088B000B71BE82FD135A3495AA69BCC12E47F4AB7
:1088C000F171C56EBF33A65573FDA50D8E90C4DB47
:1088D000EFD157A04FCEE2A9F014327550DEF2D896
:1088E000D6E1CE237356FE1E1ED08EBB2554CD8DF1
:1088F0005DD2D8462B06ACBAE2FBBD469051482F5C
:10890000DB6614EB405D258903EDF657DEA355A821
:108910008A1F9F5A1F0415499DAE6AAB7071712959
:108920005FE74AF5E653C3FB3B8A835C4D2ECC14CC
:10893000B723C714FB87B67EFDF1CE4C2C27F283FC
:10894000126A7B401B116B7465B9F15C2A4FE90612
:10895000A485727633878C8F54511660674658957C
:1089600017D0C85A135B41D3C389A1EE4C826E3D28
:108970002B0A00D6F63BDE514B5FFC0F1D6FF966EC
:1089800099069EA6B300EB4A17E23D6B24E15E0711
:10899000EE346AAFAD088FA9112D9C9E8494305C93
:1089A000D7F16D2727DEC3D4293BFA3606A4CAB611
:1089B0000360421C792936BB4E7C01583490DDC5DA
:1089C00022F8D590ED50DE64EFB8CA753EDDF7E7CA
:1089D000A56FD0E227AFBD293FF5B1871BA5079250
:1089E0003E141C71B84BB141478E0282307FC6A441
:1089F000F9879ADB7BA029C9110F84DC0E038890CC
:108A00004C4A3488A50FDC9D7BA8DC10F82BF85A63
:108A1000ECC90A25849FBA7DBB4EF5DC45DAB0F17E
:108A2000061274D71F2426670D87E15D6E0978BF93
:108A3000C6288DC7F098ABF41D45D3435CA2A64869
:108A40007A44EEF4E33A58F3B07B64745AB0E182AE
:108A50000AC9BE75B293916AD1F814A3B4ED2BEC98
:108A60001474C38087026FDB65A2F94929F5D4C865
:108A70001ED9FE7C69544C4FDD9691B8A1B82F35B4
:108A800092EA8CDF4299F2224FF5D390A4328167AB
:108A9000A70CF76E1B142565CADEB89B9EE50A0578
:108AA000A8AE03CA584FA9BFEF92227ADAD665ABB7
:108AB000473C1B92D1DE67CAE96C0E7EF9D44212A4
:108AC000C94A4D23DD1F80852A2612BDDE79BC757B
:108AD000E4D09D7A0162998D3C57075228F1F197B5
:108AE000074725B30E94C44C8728EF8107254B66B2
:108AF00007413DC1BF50A3066C7D161A479297E609
:108B000032DD7719F48BF9E97081F0DA1858569351
:108B1000AAEA349D5388D29425BA7DF1F7FDA8CAFC
:108B20005198220D4EE8B9E7DBAAEC562C2B78E3DE
:108B3000AB077E36D899A78E9966DF65F6D3826D2E
:108B400007C902C9777A248A34BA3A6938AE09CBA0
:108B50002E927A2082C6E03A73A027478A385702BD
:108B600012209F3043175815B07FFFAD8E00F97D5E
:108B70004948CEC984E61AEA4A768354973B18D20C
:108B80008454DF47EE22FE09418953A0B20006510A
:108B90007314A172CE73190B8869C78899FB4B5F58
:108BA0006A65D833DF66DC589499789E770F109EFB
:108BB000DBE8837FDAFC863D1465685B0642E643AA
:108BC000927563D2FA2F02ACC17D9AC1E1E01BC05D
:108BD0003567489544AF30DF97211E37B03D926628
:108BE000A02937056C9A03AD68E9D8D724549ACAEE
:108BF000830504F9F41A886C12F52A0F2C408FA40F
:108C000045A28960706D88908321E736853F821682
:108C10007CFD988D315E0378D5A1B4417D1D924FC6
:108C2000BDB1D15CCAD9731DC6B9484B5DE9F81D09
:108C300068D773F1319FD6E50110E14AF5E9B2C872
:108C4000D4E823E862E86FCD583D3D459379EA3F8B
:108C50001890A8A78B8FF0BBBE775214696DE04DBA
:108C60008814CD2D7FAD9E6EEA81AE387C48B6AAC1
:108C70009BD577CE39E48A47D5DA36A581715CC8B1
:108C80005A4F9923B185504B4B814920704E535216
:108C90003BDE4C5F2E3ACA917D7CA1DF29B2BC6ECF
:108CA0000FF657550C7911309E5D4BDF9CCFD7885E
:108CB000729DCA6696C7F6B9179607788450BB1D91
:108CC000154722BDDEC798A88F5F0010D62C966D81
:108CD00083130578D7E9290D473B37D8A4917E3A0D
:108CE0001409BE92676AAA7E2C60DEC6A49619E2B9
:108CF000779DD12D5AAEBF8D1A45333AA8046069CD
:108D000039ED72294599492DBB8EE3E3E1E956D847
:108D10001D4F64F995F09487B5CE88CD7CB2BC45E3
:108D2000647F50938D567306DF0B127DF50D087B23
:108D3000783197E310E80E0DDBBAF238FF7EC7B644
:108D40004D3B2AB1E180D7E248D7648FE574218199
:108D5000E472FFECE140CB0087FBBA621708C71C46
:108D6000C9A7C5A38A9763D22311CEEA616107C55B
:108D700033D06870F6CE3B694F1F912967B722E464
:108D8000FCDACA12C63668F77FF85A2CAC541E7348
:108D9000552A46BAA523E71D3981B18DD794DCE960
:108DA0004D44F9A67343A43EC4452519263C9D02B3
:108DB000C95E35885970B32EE4981115D64E0F1B35
:108DC00008352D50B428E58A60BCE7A7E5FEC63D0E
:108DD000543623B5E176537C35F1149EC9CEDBBA07
:108DE000B9546CEFF500B8D0F0AE22F8E9F84B9525
:108DF000EB97A6C3F627EBB83D065E252D94CC1B5A
:108E0000907457962BB7FC22CD5EDB7181B1CF4CAD
:108E1000E6847538D9484FA01ECB881E2451AED1A8
:108E2000A4DA2B3C91801729C119647DBE8BF25EB8
:108E30006F60D48ED269FDB6F59563DA23ED74D5F3
:108E400037E6B2C22BE75D0AC225F7118907F53A6A
:108E50005D4EE4AC1F77D7BA96B166D460CAD0B085
:108E6000EBBE40AD786BB23DD4CF24EA2B3DC94474
:108E7000DF0319086E73234089C96FA2C1870125DA
:108E80005E47F94D80E074E98D7D3CDFEF99BF1CB2
:108E9000D8122D1FBDB39A0F0819A8EC07CDD40323
:108EA000482404FD621403F4FF75DA98517799128F
:108EB000F8612DED77C610CDC194D01D5560E3AE9D
:108EC0000FFD62FAD4FA2AA4BFF61703FAF172A6CC
:108ED00045ABD2C71BD164D9F1F13963126B075D81
:108EE0002227DDEF993266B8E3E34586C7A1E17B2F
:108EF000D0D16C6CF9D8D4F7A8761E9F40D3462504
:108F0000852B36405B736C9A407408E88568DF00F7
:108F1000A046DDB559ED1D3DCE62536C25EA9E415C
:108F200037F72D81D6CBD36A37F7235B6F9EC553B6
:108F30007DCFF9355CB9B7D27C966E4C769AFB4101
:108F40008DFF5372BFD7ADC21A8453D04885657D5B
:108F5000ABBBB82C9A20333B1104EEA729A8F252E0
:108F6000DF47D275BFBECDD12AF13D54513F75FFC9
:108F70001397D46CBEEBBA4CE7B612ABD464B6AD63
:108F800069444791D528FA58BD362C5F10CC573A22
:108F90006EE9E50E9BA7F5369A408BAF46352A84DD
:108FA000B770D1A486C45238C1793A28AC51DBB726
:108FB000B79B6A7C960E9D602ADAFDB99BA5B8D84E
:108FC000954613AED7CB222E12B7DDAAE5E5F8F908
:108FD000E30FA7ACECB91E90772DC265BCEECE08AE
:108FE000A2514DFBFDBFDE4D294B28B67F43ECC09F
:108FF000BABCDEF62301B8E44FD253309D1B467B4A
:10900000819BCCD35D191691D3C9F52BBD18BB2715
:10901000DEEF91C08764E380DB7DA4B39C256A4AC0
:1090200058FFD5F76F9283968F517138986FA1A72B
:10903000AA93EC95514492293A7A2562E30D4BD3D9
:109040009E880ACBB0ED2AA301EA9CA6337B158E3D
:10905000BCF40CF93F8B0239A65695F7B298708094
:10906000C1BA77B426D89B9117C104FA1A793C117A
:10907000387E9DEF8B60BA1CE0F055752F6893EE3B
:109080009C73F55B30801C5BB223FBAEF7B7BDFB76
:109090008D86C098B433B156253559D1226ED8018A
:1090A00019EAEEEC4B42F1C0027CDF962DE8D0418C
:1090B000BE5A85D1112B8421FEC41DE43A1B12DD5A
:1090C0002EB2BAB59FCE9BF80E5A55316C417CE357
:1090D000FD40B53D61C91BC336102246D5F2F6D519
:1090E000D3F43A8F38EEB292DD15AA142C2CC112AB
:1090F0001494FEA4AB4D36492C9D6F5B84EFB230C7
:109100003DF544345315251D828872C79D96F42E73
:109110004712B4DA51D12798396CF8400031D5EEB6
:1091200071CA42375AEC721E00AD52A901F3D1EF59
:109130007A8CD63DDCD8FCD93A8BE630EA71757E64
:1091400018594CC6CD5FF2CD3E2347396FED77D32A
:1091500072B0DB402082A518DD11F86731D63BF0F4
:109160008FD40792437E11D7908E3A4307455F1CF8
:109170001B3D9B934A90CC8B15CD61F8711A18EF6B
:1091800073F1D627CF3941A57264A690B0CAB2B4A4
:10919000CF06C56BF9768711A63C801C8EAA1BBF33
:1091A0003C8CFD5AE9AAE8D296F01F4BDBA12DCCEE
:1091B00067759A8FCAEE211A3F08E00B14C677999B
:1091C000C5135C2FBDD885B76ACF9920DC2C277BCF
:1091D0009D7B6C9B55FC009B5D4C775EC43B5B9F0D
:1091E00028D590C2F140465A8D949452556622D9A2
:1091F00040590C755FAF38F754EB06EB46251E005F
:1092000053DDCBFB9506782D921CAF32292C0246FC
:10921000FD39C47D947802AE456BB01996E345974D
:10922000DF762426CBF3F67111D0A61A1DB10F609C
:10923000BD0EDD9CC3FC91C69E8D244C9DF8DB6663
:109240006A1F3ACB0CFDFD38F8A5B2BE0944430CA9
:109250001A2B6C3C12E311C31B36F8BE9A86960299
:10926000F757CD6021920D0C4EE45BB62DD99708CF
:10927000A8FAAEA8066E0440DEB517486599BCF999
:109280008918629A53D1F07E114F36E622EC33C230
:10929000D5696AEE9F0BFCD7422C621F18D96F0369
:1092A00017CB81128A7129B8883A0A55DC9EEE30B4
:1092B0008BB580178802DFAE5B16617BB86619F349
:1092C000FA443C6CE65CA278B4DBAD774DCD2BBDA7
:1092D0008140F7FD875AAB97A6757229FBA0013034
:1092E00098AF1586C7F7915FE317FBA96AE364217E
:1092F0006AD75A795F1459E8793D6D5A34508ED93E
:10930000947976E7EB68D04CA3F5E57938BA7D46D9
:10931000168F96393E8651A181AA7EF97E27186064
:10932000C1DB07698E4074A710EEFD7AEB32628CC8
:109330006B3D366A9AC1921F703C163B45A2B52B15
:10934000D7466E112E28712A791B9C0947B9A110A6
:1093500092DE2B70A795F16D5A3F0D9FD2EBB24C68
:109360001468D00B6F204A8397110BDD4F8BB2EC42
:10937000E1B7D932A191034BEA610BA2B995766BA3
:109380009099AB8D95A0F18F345D6E57C175EDA4AA
:109390001A11FC398C5055A045E693510F6866A709
:1093A000E375DA8C7317556415F6FBEE5B7A2CC601
:1093B000D09E89FBCA454DB81F22C3D568532145AD
:1093C0003763E0F785E797515BD3FC56D96E3635A6
:1093D0002B5E662FECCDB2EA9BF6CE4EF58642139D
:1093E000AA86D82CF8D9DFC6F3B3B6A48570EAC52F
:1093F000F30A733913023C4B02B23C29D49023394F
:109400000B8B499BF20B539BEF2C987F7B11971191
:10941000713504520AAC4BA32611DCB36A77596745
:109420000C244712A93A9A04DDA5DAE267BA73E779
:10943000925C06CD3F8DFB944AB2DFE7673C2C146B
:10944000A3D148537BA3E25E159E93608B889A114B
:1094500016696393224362F5C893C352B900B2DD23
:109460005F0B17E3E5B9CFF518665A09D29A0A2DB2
:109470007DA79225ADE0C12651E521413015585A0E
:1094800049E398037A691255F14A978F58E838539F
:109490004096B19D1D6E7FF63AE004D5FADEBC57CA
:1094A00060080E4E3702A41FA65F61805A511B2F21
:1094B0006FDF7CAB43213091D4F01873E74C710A15
:1094C0006C7C2C6F22A9B60D8D708393E662F8E355
:1094D0008A5106ACA80A4AE6EA9C456DE26E4C5DEC
:1094E0002C64F1ABCBD4C19FEC71618ED18B1C5934
:1094F00066B84B59235EEABD5E344DA320086C0567
:10950000D292EC2C0C55162004864DE81DA671B2A3
:10951000F7F274C6277D3543077AEF6EE312F4D075
:10952000648FA4F5BE2B2E061670E18C735493EC59
:109530008E0FBDC8D1AD66DFF5039123C45979966E
:1095400053A6C697BD0A0E39AAA4CFE49EAE44AB7B
:1095500096B47A6BE9A1EE83954878C69597DB922D
:10956000FF74472AF1393C965345C5EC108E2C38D0
:10957000507DB46D94890898F5227A1F3DC3969763
:10958000EFEEF03DE44C806533ED90C1FCDEAB487E
:109590003F1351E3EDDF1B822E5EBDDEF437ED7924
:1095A000904E54F9F7E659E00D9E1D3C52740D673C
:1095B000C2FF293C65561640B3357C5953C3519FB1
:1095C0002C6FDA893131E21053F9D40AC9A5FA6B4C
:1095D0009FFD5C40B5FAA1E5E029AD7DF5E1986A13
:1095E0007478F960ED8C07CF43131467AC6C14C228
:1095F0009F0B15088CF83C5D4C682DF444AAA7839A
:10960000D4A8D1C4D1B4E6BA3BF24CA7FC14E70B02
:1096100036D5C8D7C76DFDF82DFD209080BA522EE3
:10962000F83F157BAB4B487F0C4659CEA296A09FC6
:109630005831E1E3CD0C7157AEC18EA51AC93C4536
:10964000A9C2EE3F5916B863F519643218935D5DEF
:1096500095FC29ABFF041EB3B6A286BFFD30BACC81
:1096600066CBD0B28017CF53A62DB5BBEAE07ACC3B
:109670007B1ABCD741623FC41C4CCF9776A814C15B
:10968000BF152B500F6E446CAF9A3B594B852A3F48
:10969000B1639EAA51E749947DADF36198AC5773CD
:1096A0003592947B99A8025DE94AD1962930FF0F43
:1096B0000159274847836D2C3F571FCA23C249D5FC
:1096C0007F76BFB114B4EC751D4A075F133334883D
:1096D000F22BB5E82DF2A36CE681C39650A0348836
:1096E0001914365672B87299FB8ED2B728DD955A86
:1096F000BC17371D2E9E385E561AAA2606ECCFECF4
:10970000FE0026AE3713F2B40DAE4D25BD37DBABF0
:1097100028FC32578619F1946988CE0151DDBCA22C
:109720001461EE2F71918C8D4E999312E9F0B3F57F
:10973000DDBBCB4DDD2A5C4C1A9E2F7E9D639E1EA9
:10974000913E0315F1080144B4BDC309AB5FED655B
:109750001FCB25EF064D4ACAF50001E4EDCE40EAE5
:109760004CFCFBC835CF10D3F96FAA592AB861DA7F
:1097700015C05A5ED402CC71AE1E306CCBA7828865
:10978000BB076F0C9B34071D4CCD356C846E6AC3D0
:10979000F4487666EBA76D91B0A580718AD37D58A9
:1097A00038765E0C7300F35A96ADF22307951E1FB0
:1097B00021B9F50EA5C3F817AE9C5F91EF6EBD827F
:1097C0006C2288B15D080D8CA5797B44BA85429FD7
:1097D000E902ED3444AB65E95B9070F39F191EA973
:1097E000E9E5CB7233B2802C95C0F6DB5E4A42CD00
:1097F0008A27405AFFBCD1A54B572D10DA12A01171
:10980000F8B9CDE47B3F7AA3CF4226C52D80541909
:109810001787D9F7552ED4F9DD9D248668035406A1
:109820003A53B38B6F911DA14BFBBE95EBB95DF421
:10983000FC161D3BE759B68A567E458E95ABF4DD86
:109840003B57C26D0A3250631A2C45864A0B8C6412
:10985000136143C02F5E5294FA6E0A0A07FA630C32
:10986000E666FB9A071C830B5FEC832B3DB7A9745C
:10987000A715E03ACCAA609AF33CA593BB1E7345AA
:1098800064C3924539FAD85C00CE18236FA078A83B
:10989000F365E913C8131143F758BDD86346572F32
:1098A000198BDFB374E6B4F3E7E88FF6B0AB07ECDF
:1098B0006DFC4BB9A04AE9E123E96339DA3F4B2A51
:1098C0000CFBF62F69C19A1BA8E6D4C1B850B1DAD7
:1098D000BD6B550FE98A70734F1CFA1639723565E6
:1098E000F359D60C77F520DC4985BA90AFDFE2A3B7
:1098F000927BC107435A57787BE11929417D15F5C1
:109900003A3873253D66BEB0EB758C352DC8572DA2
:10991000F53AE88A1BE8399A66463617D25BA80002
:10992000E715867A596BF0C42170E08BC3790A1B66
:109930005A528C657D039BDE8330EEF7FFDB2BC133
:1099400009DD334D6740607DBCB982E6E96FE03BDD
:10995000684BA352CF303C71995D0D14F47B3939BB
:109960002A17E52BAA480D3874FF3D4D19A75E6BE9
:10997000DA15D36964CE3F295B7DE1182CB174C739
:109980009FC97FD32CF4F006CDB2B120D283EC3E38
:10999000654C61263618E672F2AF9CABE3898911FB
:1099A000741D55F2E544F09BC4D77C0035074F0881
:1099B000A9C419D78546E75EE9AE64AA564C510999
:1099C000DDC6A6939061BDE2B0189B24AA5A77BF6A
:1099D0008DD6C09F83420C059F196CCDFF0F870D5C
:1099E00037AE3B297E8E7B693BEECC39DFCB673CC3
:1099F000AB1C9C5AC246167FC001FA9B681D508F53
:109A000042022DCD69137E49A4426D305BA89F852B
:109A1000BF9FE5B2D55FCC3CDA6F98E46F6BB1AF16
:109A200088EEFB87B579EE7AB2B8C0F30BEF279DCD
:109A30002E40B3168F2B1230F6D8505441D6506CAE
:109A4000C6163150717C23FEFCF0C24D77F65E7075
:109A5000E7429551DF73B38CB2ADBC7E52E8D0A91A
:109A60000A4C150A9117C20C6B5BA2307DC3992179
:109A7000816019B9B109336AF4CE18BB1BAB879268
:109A8000C69785CBE5584C90F180D231FBD7960331
:109A9000AD739FB767AF21B4005AB140BBD8204522
:109AA00052584DB22D363BEE37BE92630F2223C77C
:109AB0007908B5AFB6C1C652261DE33AF2089B3FFE
:109AC0007B29AFF8D14719386066D97044B50612C2
:109AD000C243F921B45CE6C187A2E6F2E04A1FE77F
:109AE00032CC3E3CA465E2A075A3C12E7692964D81
:109AF000E1EB95CA8ED464FC5B182DE605C3318D6D
:109B000066D682BF3DD17284E30D0838B5F089EC8A
:109B100047D9A0EDDB480AB9CF315245E8377B6B16
:109B2000B049662B14E1AC88EE9BDA68699A0C7236
:109B300093AC7E96B2670B4AD0F609A1D2C934F62F
:109B40006941C09CB868BFECE4260D2BB1A2FF218F
:109B5000198F68F26090E3B67B3D238FD1C41E1B42
:109B60002268BF4377C075DA29062D8C0F18986DCF
:109B7000ACB749015167B8673D266845CD0633AF9C
:109B8000100745B8A0B80DB87240C232E8AC7ECA22
:109B9000402F22A91E0E6D49979E9F4C445DF39065
:109BA0000962C8D6159D8B685D7D4B92C0FFD89821
:109BB000BD6574BD94A37BEF7D78DBEABBCE054A1F
:109BC00047D6617D25E9C07EED650259CCBEB79FC1
:109BD000A6ECEDB92439D730A19AE5D97027EFA5C5
:109BE00085E5E3C12CFB0E732133D2975AF337E39B
:109BF000345E0FB2F2FA26A4E141859E576D024D04
:109C0000F64245B95B804B95685EFCFFF472F4DF69
:109C100042749565596A6F8BF427D656E751EB036A
:109C2000C764548F83DCBB693512228B9DB11B0541
:109C3000B212937BCC8EDBA37CBBB9EEFD0525ACC9
:109C40003E5D53AFF1DD26E428ED6DFCAC586B4072
:109C50000A07DD3CFD90DE2BDE464109B2B216510B
:109C60003490B08112AA9F9716FF348259DC06D235
:109C7000958E2AFBCB6EAB0ECE7B2040D673315F28
:109C80003878D1478894A19112974CF467A3D541B5
:109C9000B98D84D6572776DD2C1912F506DC1DC345
:109CA0002FFF24AD9A7AF2C4FBBE49A981BA0FEC0A
:109CB0001FB70F30431B7657F1AC22E381A6A05AA1
:109CC0002585F148C340E112A899C0B961C14D0D85
:109CD000F286C70D69454487726667C4D96904ABCB
:109CE000A0D99C9C1F975E5A134F015656075C06DD
:109CF000CB2DD5E7DA56C625D2E506C6F1420ECA07
:109D000055836ECEF88A09A452D72890C42DB46723
:109D10003A8707504D52AF9B0262CCEC9DE19E1AF0
:109D20006C2A5D45F12652FC7E2A2226E81F815EC0
:109D300041796C00BC273490070E95B9646A3DC721
:109D400055A0129E65A5BC916DA24A0AAA1551059F
:109D50008DDD61ECFFF6C0F291B83AFB4D2D2DCDB3
:109D60000898B82D21F86D6144DDA88EC11F8D655E
:109D7000FC862C1C90518DFE61BA5766508D553370
:109D8000FDE9BA2AC87D40A7521C13B529BF3CCFB4
:109D90008979C06C82A368AE83B36F194779FE03DB
:109DA000D2D92647ACDAB2FBE838C1E89C881F2735
:109DB000CB91A5F7226B02C08ABB491B3C5C812F6B
:109DC0005B0725DD9586C1C68DD3C4FC1B8AD3F302
:109DD000F872F51C9E2B5D7008EF4B643EF3AD0EE0
:109DE000C29B7AA6A1AE1006D77837627E8D6CB181
:109DF0008817701BA794CF8D699F54BFE98CFBEE29
:109E00006DAD9A20E88423D9B83D50110399525181
:109E1000B0845AD87E5725F723EBB37CB6ED80008B
:109E200022887514CCD76C373C37C0D60611281A57
:109E300029682FFE4D8BDC4430CB050CC9A0BEB386
:109E4000D51EA1AB9895E659981B1B03B714037157
:109E500006F3F274BFC174560D62FCBFF3F0F2BE9C
:109E60008D643E99D90B016AAA051EF5587C2DDE3A
:109E70000A544294306900F9243C81C03428F6E445
:109E8000FE6579E9FFA980F489F4539889F50C8B74
:109E9000797A7B5391F94DAD9D475C7BA367E9616E
:109EA000230DCED245DB82208162BE615BF2009938
:109EB000CDEF4284CAF4BF6D5B753DD6E4B9395C21
:109EC000A2388399397263506B2B9889F14AF1F764
:109ED0003E7626F4B07EEE8AB0A4091D59B834222D
:109EE0001D9BAAF93CE2F0F963A0CA8CCAE1266D79
:109EF0009B1CAC95FA7FC26ACFB6A2422454823A28
:109F00006B71F5B43CA3A333E8247C93ECF17B267E
:109F1000E59E8AC5B2FAAD2088E1EB965A623329F4
:109F2000C5D50BACEBF85DA3FDD68ADAF8C8E08F97
:109F3000ABF6D46EE69FDE88F793C4B36172328AC3
:109F4000FC40901814CDBA4ACE0AC0B550B0134E9A
:109F5000BCD4C5FB9383E22702DB8AB3798ABA9922
:109F6000B163C88AF7F6DB080820FA57194E415F3B
:109F7000A5AD2F0930CCA3715ED8C278127A7825AE
:109F80000EA9D4F1A16D28D50D7ACC2FB765D98350
:109F9000BED901CD29DA9CB7784CA000A9E00AE32C
:109FA00065BB0645E19D4A0636BD83E9714CC04F4D
:109FB00016340BC49C2F83286A42F479517B4E746B
:109FC000C831C07132542F14C0FAB8EF846CF40851
:109FD000F9B1E1CA05D58499EAE4626B86136A5047
:109FE00048D5323C026DC08A3CA79D684BAC18E056
:109FF000487346FA3E2574221C5E615865FD614E29
:10A00000EA4C6A6765304FBE0A9BC6E2D2FEE70E95
:10A01000ECD1373178533500E140D5CE29D95CA752
:10A020000C0E47A6BC34BB2F2FA12F715343F3B4A2
:10A03000BEA132CBEE7E6FB7997CDCCF636E4AD87F
:10A04000DF1B771893F22DAAFD6E2FFCC523FA9A19
:10A050007FD9E5987BDBBD38DC6FFEF71285679909
:10A06000AB256C600150C6B2C4278E325E06D49018
:10A070001D9FBB02515EA1F1CDD7CC385D40C0A180
:10A08000F5C641752E4846EC275A13C2AFA0A8BFAB
:10A09000F1943D752409A5FE1634CFE02D9E1B8B4F
:10A0A000D589CBB6573C8509102B8D6992F053109A
:10A0B00097868C5748AC2EC1EFD5A36D1CB0C9C391
:10A0C000417B6DA91963AA0758E0908F37EB76574B
:10A0D0007B89B954E7409C7F3F1EE1264354220E02
:10A0E0003448B673375FF0210BEF289DC430660506
:10A0F0000C436EB15576D5B91C142B39D15A9B1D22
:10A100000E6E894A43393802C996C6BEF41E1794AA
:10A11000B77912D8835C52A5909230F7FD593497E5
:10A12000846636CC8856898B82237D4E2CADBC420A
:10A1300057D4A3CA672B3430E672FA77AEB6B54768
:10A14000FD0D95AC407FE65B1AF2879D5BB813E985
:10A15000B06553A036D017D206C699EC1A6FD8D185
:10A1600079A5D639EE4125C54FD4010BE9CCF72F9F
:10A1700007F65377B426E4F03992EE7CEAF2BBFAA4
:10A1800047977990E7EAE7A25A97AFD68690A3F16E
:10A1900069F2424102CC10399E3E590B3DF7F23430
:10A1A0004A64D25066715430B3038B30C7BA10D3AF
:10A1B000601C221195C676A8BAFA3811711B672760
:10A1C00097FEAA07CE53E329AC25F5BCC2A129D539
:10A1D00034ED0C09F466AA32F8406A502C296998CB
:10A1E000AC170B7A178AD47A4E38C0D12DB75ACC17
:10A1F00047C8125C0D640EDB108185BCE157552EFB
:10A20000902435731156C993D8FEF346E8FEF5CF76
:10A21000493EAE2FB356C8F922552D2112389E89DA
:10A22000F704A56EA262FC901635903196CE3E7D65
:10A2300035D9519DC6BAED79C88BB65E5257932079
:10A240006D11F3846077C6EFE5AD73FD022006C79C
:10A250008C29392AAC401D2AA2CBE00380C144AB33
:10A26000C67DFDDE8246B14968E0EB3D77DBE64224
:10A2700067B35D02AC16617951FCDC5204DE1DB897
:10A280002D3A0E434A0F3098EF14787FF279F4FE9E
:10A290005906614A8F157C8B9C69A2E61E322DE916
:10A2A000385A1C68C9512AC70CD843971B75E54A10
:10A2B000F9155649DDBFA37AE8C209F3A8EE4B00B1
:10A2C0000250BBFC84A9C4F329F8929C54CD4E8A59
:10A2D00012C06891EE66C7EE53D0C99A7128BEF5D8
:10A2E00099168F5F7F425B8D1E2FAEB2BD9F4C963D
:10A2F000FAE932E5F80C15BFDB0BEAEE45E901C4DB
:10A30000B2048B2D0BBA2F114DC62A580440B670DB
:10A3100051A105791F00374B0C8C2D82DC2747E9B2
:10A32000232123A7F43910100EA212AC63CA64DAF9
:10A3300067869B3CB964CDAE022A6C7AC789D7CFB9
:10A340009461CF8DB88795CB990DCE9060B23BC903
:10A3500010C059A894006405D94CF17245ECAAD1FB
:10A36000427552BA6996B596636D22727D52DBA32F
:10A370008253E07DE5912098DB996674714C17411A
:10A3800083D36524A13001E6BD64D68588738160DE
:10A39000F96334638CEAA10AA4FCD2144F1E2B4744
:10A3A00072D7C5244F487719546CBE2137A14D1F71
:10A3B000D80D18B7A95C4222D2C665D2602EC4B5AA
:10A3C000C5DED9A1E000A36EBE642C117F583759B9
:10A3D000E16C74BB1FE696E6EC7DA8783B2534AEB5
:10A3E00075A88143598957F7F15C4CBEFA459FB770
:10A3F0003EFF81E6C60DDB070C810AB513D0F0E302
:10A400004AAB926446C18597AF117B3D3CA277B7BA
:10A4100003269DDE85D6A670CA21BB3C2EE18E5751
:10A42000D30C4F927D5552D363046DE7C8E5B9A7AD
:10A4300096F889847701ABBB7C3EC1E5B945809233
:10A4400005097BD0DD072B640F90645C21960F1DFE
:10A45000171D0A25BA6A02DC667F6259A6D7E7CBC8
:10A460009C5D3847CCD2452BA37EAD5D85B47DE4A1
:10A4700078332A929AE4A59A3EDF283F604BBA606F
:10A48000A80406477EC2D7174D72668EE4473FFF89
:10A49000293C3CD8DB45175CBDBEAB22D316BBE5DF
:10A4A000A3EB303DDC3A9EC45CB14375921469E382
:10A4B000D2FFCFD9A28BB41E3FFFF78CF17998154C
:10A4C00076C5E0456EF0BFE1EB41B0346BB2846914
:10A4D000E817D3F08179C1324BB562C236911EE3E1
:10A4E0004ED2D938DB6F73AFE3833E103089C84753
:10A4F0000E423E72EDAD311D14CD5944E15CD0B237
:10A500004453439BFE326CBC2D25E02E971B96C016
:10A51000804A397961BAC6160743A5D31E471ACDBA
:10A520004EB0CB909FD8274411EAEFD97F1C403919
:10A53000C27515B0D89DED124C0FEED56EA035AD9D
:10A54000A685D02D4805DACE65EAB5442BE5CFC007
:10A550001126F250A625C0BF892931DDACD3FC6697
:10A56000FDCC9CD2E58925DBD607AB33BFD1525356
:10A570007F37F8E3F21738B6449486A58AC54CF0C5
:10A5800002306E1FAB19C7561AC202946DFDA51694
:10A59000DFFF1E64C88BD6AAA226BFB3802E4181DE
:10A5A000541827710D037C3A526FA696D760C35A90
:10A5B0008DB08B1F2FBB743A11763913742B18BDD5
:10A5C0003BBBB06B56D5B5494FCE2BD038BFE4D48A
:10A5D0002443FB8BD08F85CC662384CF876D1AC034
:10A5E000840DD649FAF2C9B64E816B5E36CAD02BBD
:10A5F0000066F45867F4C275E4AFF9FD2DF472B546
:10A60000586BF3BE24FDA7124ABF9132AB17965E7A
:10A61000B4E932C2B39C97BDA6C263412C73AE4964
:10A6200013DA3FE16BA238CC32DB2A41A7A0B71A7C
:10A630002D7B4E33E01BE82704CAB16AA194A3EB3B
:10A64000C796FA78718FB8F50489B2CE96FCA7BB8D
:10A65000C974BE0801E28E62D2754ABAB4F690ABF4
:10A660009F399F8C3250C42A76BEE9066D24041AA5
:10A67000F65B66A04C7CC30E608667851CF26B6837
:10A680009E8E09187D61EFE5A6BDAE3F00F63E4EF9
:10A69000FE90BA7C70C72295C8C5B86A4D0A906111
:10A6A0008E5F41B7F78B90481FE9182EACC082929D
:10A6B00062478E808B004DFFC2E261FEC4582C8140
:10A6C000F02513CE669541148B67556C1639C92F4A
:10A6D000DBCA96D1E261D0211020043FF07C285CD7
:10A6E0006966A2E1450DCC8B5A01BB0BF8D902106B
:10A6F00068CBEC6B3199C5768E5E84F05B2796B49F
:10A70000D023218E436841DB5FFE0A78EDC50C083B
:10A710002A04471AE31A386F6587EEE476F65ACFB3
:10A72000CD89CFA94F1B7A368D0D924E542630B766
:10A73000C0CB0E0AE1A678A5E702C6FE5A03B1DD3A
:10A7400030B949273092E2B5F16328F273FDEFAAE0
:10A750004D3ACF96B10207777EE4B367075040A722
:10A76000F9DD933269B0BFB77B71837BA756E92EC1
:10A77000C814B380FF2F518015B76B8733E7E3719F
:10A7800048645B8BBC3FBBDE38401BE875FA14C3E2
:10A79000AD7B08736676D6B0C1B61F732928CD830A
:10A7A000ABD7EC405DFD266DACDE78204A71258F7D
:10A7B0000FCE52E4B08198CCE11DD9C09008E7AA31
:10A7C0008859083C7FE807F297E802CB5A5C93DE91
:10A7D0005FF26FFBEFA9BC9E6B42A73E2F914F1D0E
:10A7E000406A5B653602EF1F9CCA273724718F9041
:10A7F0005A4A9FBD71127CAC176E5F9C57EF297C43
:10A80000590C81449BAAFFC44635A6476C181241D7
:10A810004EE3AAC9C573CC346BC42E905A37C7C651
:10A8200005318B84ED8E27006CC8429CB9D6263A40
:10A830009F47F9CF6976794EDBD72D78CF8A77811C
:10A8400091DE059E52D03B48D5AD90B0D4F8C5629C
:10A850003C15BA67C3C13234666CD878E3E6DAA136
:10A86000BE89209EF29FE3E6B0A4270E039F46C652
:10A8700037E6804A4D12F2507F88DB9E2BA22637A6
:10A8800042E77888634126B9595DBB738584D81740
:10A89000CDC322ED5D0ACB08B26D7B4BF364A2D928
:10A8A000E1ABC4671533C1239AAD91B60CD171A544
:10A8B000D8926EB7DF6BE5480DDCDDEA1A984E9949
:10A8C000A4C2C5320B71C2B36DEB351D0B01C4CBF5
:10A8D000D3BC399D24FC46864FBF9641ABCD5F1B50
:10A8E000778697581DFE5B5D97C71491945A238015
:10A8F000496441D0D2767144A09134D7D0A323F0DB
:10A90000FF01BC5C90D46C18F60E9BD56C55AE4024
:10A910005E976B6B1936BBE786696CD8220F5612AF
:10A92000212F0A195753C191BF8D59682AD31C652D
:10A9300020B923D64018665D2F1B352D257142A7FF
:10A940009B621C5C71CF946C6E680E04BE791DE531
:10A950006EDE07AEAF47CC01BBB37F069EEDD0AF36
:10A9600070BBB620B48F2CE259EEC7E903A5944220
:10A97000AAE246F800DC7863206852534F86FF0B4A
:10A980006C85FFD75FD93D22C98EC2C4102298A220
:10A99000B1868DEDD06077A74C58F4A0CE3E492704
:10A9A0004EF3B9B9ED297E76AD97063EC12D66BE50
:10A9B00004BABBE09361A378A0C6FC0EE0B0E789BF
:10A9C0004198D20E3200B069202DEB620DE4DA46D8
:10A9D0008F6D6BCA240A673C268077BE719841143C
:10A9E000465C48C4F3735C2B4196F47B9228900D2F
:10A9F000B7A8CD0EE63136FC1579C6E2EFC90D5980
:10AA00008C896153764522BB02343300058FAC8FAD
:10AA1000868951B96A8A20517AE62C55B9C43E6CB0
:10AA2000EB9174B1B1DE69B2CB31C378FD24066F0E
:10AA30009B3DD4BE5FCA416F3AA175A07FF15550CE
:10AA40009930D2A67278BCD13AD5E368353EC3417D
:10AA500031CB119A094D3214602B31A4C772D6F64E
:10AA600018D81B2AFD62F940E98D791BE56EF82F95
:10AA70009401D54473BE1B8F116C0547AA621F73E6
:10AA80002CA2B0CB74E2D97CF2E235E58D31AAA0DC
:10AA9000C5607EA7B21F468D84688B89E839ABF903
:10AAA00071950CC9B0607B6A2923AB6AAB409BC728
:10AAB00034B4C030CF51201BC22138277F4D0399B9
:10AAC000B2D971FDD205B0FA9144A198F1B06E9C53
:10AAD000F7C9622D3038BDF667784382A378E76DF9
:10AAE00074D80582F62E0799D2BFC1C74EA51A7534
:10AAF000EF62C2C6B5E1431ABA5D8F442156726255
:10AB0000F9FECB94C21B6BDED7984F0017A0AF5A4B
:10AB1000A1605BB505E429E30B0ABC9B6DF841E835
:10AB200059982AFAC207EB8261DB77AF85428E0F14
:10AB300027359E61815050B876AF031D2222EB521B
:10AB4000731B6B6FDD0034BC83DF31A08110757126
:10AB500077CD0C3560A08A160939DEBBB3A589AB69
:10AB600065A16E8C38645460E5C39E0050A60BE965
:10AB70009B8469501C67D6A8A997FFCACF7B100495
:10AB800043A75124017886F95E7D534B512109B6C4
:10AB9000082D9C04BBDBBB57D21F56343FBAA53CE3
:10ABA000DEA2817CC4FBC88B225121426444E37A3B
:10ABB000AB984135929F0F382409D598727438109C
:10ABC0007605C9ED3859684364CE9033F8D0AFB9F3
:10ABD0000609E498B27508A321B7620F5E5F6F772C
:10ABE000B97F23370F7F6A967B5E2A2F1914BD3DEC
:10ABF00073336E8A29ED9993E1530FA477FB2EA846
:10AC0000D1C297B70E9585D1A0EA7F3566B3DDF046
:10AC100046F7C4612ABAD391375DA4E6AC0C0C3E6A
:10AC20000593530E2612EA23CF0759E55458E6C67A
:10AC3000229973E2B49BC8527F53C7B3BFD17FAA96
:10AC40000E0ACE6C64BF31760F39E16B858F0A290D
:10AC5000F296166652111ACB83054A28A9BD0C300C
:10AC6000BFD2EC74ACBCAEC80F46E99613C319A6AC
:10AC70003A680162319E4ECD598BD33B878B0E755E
:10AC800063A843D0C02223DE404C6DAA49E1E9D03D
:10AC9000DB4DC9CE4452671352B4C90EAEF9FFD78B
:10ACA000B76CC58A99E4166F930C08E8C85A2E361B
:10ACB000086C8EF3F77F7606AD3FBAAC298550401D
:10ACC000D380603C98C5AD553E1884DAA5F9C925F6
:10ACD000EDE3E8C350D6E123BFFD22798184D14E54
:10ACE000CFB980D4B3E961FD1F9DDAF9579EB50B4A
:10ACF000F7D502BA8651C902B5ED71E312317D3A3A
:10AD0000CFCD4065F556E3C31D54B8D1D6F2B69FFA
:10AD1000A668F6846F832ACF32817A4479F107A03E
:10AD2000FC9FE8EEC69197F67B5D2A53F1EACEB41C
:10AD30005BA22F7F77ABA1146A11DBF3FB7A2CFFA8
:10AD40001BD546DA94AAA6F30180CEA88360269389
:10AD50009B9571791874A5E0153C4B3ADE9B34A2A3
:10AD6000196BBDB55149354D16D42E588F527B3DC8
:10AD700078B176A9D9B6FA3A6A9E18B3493FBD664A
:10AD8000B0C78D7F465FDC0D43CA6A5F46B7850753
:10AD9000A45B4EEBD524D8C8364805E5683FC66DA0
:10ADA00023E0FAC68B49006EDEA2AEFB746E67929A
:10ADB0004E9F17890D66DA07FBDF7FF717BF8A31D1
:10ADC0002DDE8DE8F9AB42B8DD28EC9BED788FB035
:10ADD000F9AA91F0061342BCBE0E0C16825B9025B8
:10ADE0002F160E0995824ECB187C59CECFC0B96173
:10ADF000B01C5CF6CBE3B1839CAE3DB0AC49FC4BE0
:10AE0000DF653EEC455F9967251EE1A8BB68E46DF0
:10AE1000CA73929225BCE12EBE2CD0ACCFD488F15F
:10AE2000F238E2B2C600FC3FABBAFE978691240B23
:10AE300088549517E178383EA5689BF76C4945C45E
:10AE4000B2308A7A52C556127AECAE55D249292CC4
:10AE50002A1FC7DBFF97A63A9F089143423563E557
:10AE60000392DE1501CABF1B45B97CBAF3B6E912DD
:10AE70001600AE0EA759A723BE47EA96231FA1626C
:10AE80001D1E285A947F8518068147E93D67AAB69A
:10AE90002ACCAB8B4E71C14F9EB807140D0C96F89F
:10AEA00051453ADC9DE978210BFFF4393E107E3A9A
:10AEB00040954C97763DE1F81271DDCE5394B68102
:10AEC000C8E77147B3824321612B06D8AC9F2CF4AD
:10AED00024504D71D26D61D866770526CAA6FEE969
:10AEE0002E76C503C0D00C5AF83962D74899484825
:10AEF000CD73B2B51D0680BD20F49D02736706C9EF
:10AF00008E005C35A0B14FED5FF3BE754D506DA75F
:10AF1000434E983C0358CC1B60E7B687C08F47B3BD
:10AF20007CBF57AE228FAD22A3A96FACEDCF8F426D
:10AF3000A5DBF678487021088BD3412FF0A3161AB1
:10AF4000A73A2F0A7360DAA19BAEF1DD40B2779980
:10AF5000F9F4136E115DB60247479757C976CFEDE6
:10AF60002E3797C265D100EB7FDAF27E579D211B09
:10AF7000E4B633632AF3BB7B4D1E24881302AC2254
:10AF800054C309078B410C031BD50FC61A76D5781D
:10AF9000A58B38D99A84896DAD3A396FD4EB374D8A
:10AFA0002F2B3351EA174206DAFAA2D247AC47C731
:10AFB000F934F4CF6133F5E2ED75192D9F32A17D9F
:10AFC000C0A980261731DDC6DDB7D21EA77E0C0AC8
:10AFD000EAA05673C7D7EC9D0241D2016CB752620A
:10AFE000879BA807A5871E28D0BE1A3EABA9C3031E
:10AFF00030C7213725F8AEA320319FA44BBBCE57D5
:10B00000F81A7C0AF1AB2E637374EA174B7BDDA947
:10B010006ACF27356D4DD5FDD53321FF45363D66C9
:10B02000BE2AEE57D6560DDDAD7FCA2D673027E814
:10B030003DAA4C9324087401CE3C2053E079768DD0
:10B0400067B818B60751BE8592B9731FA3A5623DB4
:10B05000C4F0325EA864231896C60BDB03E2D088E6
:10B06000DB8DEF9DDC92144AD1B68C2953A5737BFE
:10B0700019209A4FAC4F863C3DE7A79AA802C0F929
:10B080009D6FE96CCC0AED35D4A6A6DC12B49257BC
:10B0900045EAC48141FACB883AE1E73C345BB8EC3D
:10B0A00088AE6F480BC0026E589116F510274E8B74
:10B0B00067310BB011DBB7DD3A76E7FC7CDFCE728F
:10B0C000DBE7576335FF0669ED1BE4C498802A442B
:10B0D000506748D037F93EA343BBC37D9FBEB8A697
:10B0E000AA30119A821367A374B25F27B2B56CFAC3
:10B0F00081B9998DD49B52FC3C8EE4F28C15441599
:10B10000D81A3A96C3DA72BC0C1A00F9268CAD50E4
:10B110000296EED263B65F03B0FBDAF4527E5313AD
:10B120002FD3A5EF5D650AA78CFA6BF2A8C02BDDC3
:10B130008AC8875F07445A023D3CE7ED2367CA117E
:10B140003839B0CD65874068E77210E5EF82381670
:10B15000B099D2254822FBA18D18FF6FD59D62952D
:10B1600015A837CFF92B5ECE1CF224E5576E5D0192
:10B17000CC83FDF6C6B9D032743153DF9787BE82D7
:10B18000D2E53D1A612AD07C2D4FD44951AEF395BA
:10B19000ED118BF601E273F5B0E646B2124AD7CF55
:10B1A00063B475D3F2823B57F03F1364286EE5E534
:10B1B000F93AC23F7D970C6018BA699B70C527B6F3
:10B1C000E353CBF921F5DB859C2F038A385B2754A9
:10B1D000B1065E5051F66AE19596A648B33A6C45C1
:10B1E0000EEAA2C76A73248F6E8C56BE15FEF6BB9C
:10B1F000E5B76E98D8D529B7A4CA45614F4B5B1601
:10B20000CB8E28DA69CBFCDBB8A3E7711C36C2070A
:10B21000742AF1287681E96EF21E54EEA222ABD296
:10B220007D4CDE237DC5CE04212558133B44714659
:10B230009A95C61BB3FB1A2E575FB2A2BA941EA4EE
:10B24000FA7A13DD564F3498F7ACBA26941E0D8166
:10B2500083B029FABB4812A312BE07FF4E9B5FE4DE
:10B2600066BC238822B44552407EDE9BDB0252C27C
:10B270001D8693DEFFCC314BAC872CEA4EBC177B8E
:10B28000717E88C83070363F77FF54B884BB104059
:10B29000A6863733009DEFCCCC929225DA545D2FF1
:10B2A000E2D2FCB66F451C65344910BDF9D06EA4DE
:10B2B00048D9823127F68AFFA3CD63D84E3F2C2A86
:10B2C000363662A43CA6FF5D66567C783EE347D4E2
:10B2D000873DBB33646CD9E4679AAE55A15819BB5E
:10B2E000D805BC199B0D4198CAEB40410AEB2C478D
:10B2F0003285AE90A856D1CF54F43E98DFDAAEF93D
:10B30000CA95617F4BBC4BD8D2A7A8991E6BA3BE30
:10B31000CA73FB02AFFA92F531C1492B621144079F
:10B3200057F10D1748DEE2154AF0B60A4B5E0AA542
:10B33000A5A812DEEF619D5089B49C56733BB2AE56
:10B34000E024755EB2319156A4F8BB421DE21E970F
:10B35000BCD2A9288125DA670C52F2F66C0FF4B141
:10B36000319CECC1AA9A09A4EDBB2356A2AA9A74F7
:10B37000436CC622DBAB3A5C695B195067B62FB5EC
:10B38000F0718B86E4B86EE4C9375F3EA77AE88E29
:10B39000FD08CA642C4D46876405896C55D49B0909
:10B3A0001E8DEE8E803FFBBF8DA7C89A8D9921150B
:10B3B000ADB9500218A887826DE9C8C81144227936
:10B3C000825463076E7808C099F27C9A72B97B4AFE
:10B3D000EB91C22B99F73A7A1DC21222E211C7E70C
:10B3E000D49F392811BFE188A22D6175EEDBC3E33C
:10B3F000F86617C92F8519A91DBDF96688D1329D38
:10B40000170438390260954351B0161B8E14E17051
:10B41000C737C78F88FF385943B4D115E93D7EAE91
:10B420001B754449454BFA71EF09613CAEC687D1A3
:10B43000FB084FA1A8006922D3B2736B01F549C87C
:10B44000CEA089D4265456342A43C7726FE2D5A7BA
:10B45000510597E05628418DFB05908847A890013B
:10B460008FD7114FD769D9A5C821B438DA4E82DEFB
:10B47000DE94271EF3A0539606287454B4D7779110
:10B48000E1389A3B39A2E9F7292E4DA5DFB600EB4A
:10B4900096CD0F42FDAF213C31A08D016B92FFE9AB
:10B4A000630023893B19750A000E7561B6EBC8CE9F
:10B4B000BBD1B1CBEF90702EC44789E8E396D80F8B
:10B4C0003C3017D547039E573060361D12FE360CB0
:10B4D00060CDEF524DDD29E5DD9076B3C9E3704EC6
:10B4E000841E348C590BC76EF420493006121FBEDF
:10B4F000CD603F6D9AB83D6835BB5314A3D9E517AD
:10B50000CF370A8E9D4C2055DF5FB61D3CB5B6790E
:10B510007F20B1C4D24551C13EEF03A4B36F298649
:10B52000AF894973D481E147501ABCB448E823314C
:10B53000AA315D28D8401FCC0969BFE35FA97F25E8
:10B540008EBCCFF898A711F4A09D22AD6B6DD39A55
:10B5500061D388A67B432C460BFF427DF83C00BD9F
:10B560004415E2851B1BF8854AB7C5BF5FBE9353E0
:10B570005A18BA6E3A1583CC70D3064346D9532A6B
:10B58000C88152967CD12783DDCDB391C0DAEB5AC6
:10B590005CAB579B433798BE600782E1E01FD56FD5
:10B5A000638C5D57FFA4D6ACE7FC5C1EF0F0D34380
:10B5B000BF609CDD36EB5309DAAAECC1479901BFA5
:10B5C000BAEC18C5960C7A020FF87764F510098169
:10B5D0003BB69921DFEE28841CC87E53E4155967D9
:10B5E000F407E270C872ABC8FF9AD9FCECA0F48AE9
:10B5F000E6939EE0B1E1C78FEB3276DF2D1D6296B8
:10B60000585DD5B1DF6BE34C69B8444C3F233EE84D
:10B61000BC38426345370F28569D51EF9A10841865
:10B6200010049EF9AEABB2DF518A836A53B0024573
:10B63000D83D845A2999479C4976AEB9D0F925C39B
:10B640003EEF9C798BA6F769A1554CB4F7DC3F2EF1
:10B6500022A24B54309436AB02BC8170C7CA65BD80
:10B66000E488BEAA3FFFCEF6070CB36DE3F39B114F
:10B67000F27A469332DADB570B96419ACC9A7CDC0D
:10B680003A1504F18D6644D6D58A7339788493DAF5
:10B690000CB47234EF7203D2D755197F081F31E60C
:10B6A00039E31144A72C8A0F30E94660873908E254
:10B6B000B7E97F01B696E4673D06ABEA8A648E225D
:10B6C00073BA4EB807753292EFD16A9B8B9DC63A1A
:10B6D0004A9A0CA8B71DCCC2AB9C3982077C61F397
:10B6E000AF60D2B5ADA9B6754916284BCFF3FF119F
:10B6F00051E22E29E1E23D057E65DD4F49A065F569
:10B7000006D89CF1C78258F64F0FEB9C3FAFC0A400
:10B71000BF44287E46F89D261D8B943843B6D74FEC
:10B72000744F909F061337FE66390F3BC9904E76D3
:10B7300088BC84597FF7532F304A08A124A205A260
:10B740000F5302161D23A4BE1AE103A58A3DE78A02
:10B7500070D38566685169053567D727DE0080A7F5
:10B7600077F40E2ABA48FC303686F81BE59BA1F127
:10B77000D243BFA304E987F00AE9AB880E7773953B
:10B780006C2C6A002E20F7231713ACBEF44371E42F
:10B7900091E7B066A1173068CF547AFF7C8F416D76
:10B7A0001A01D784BF5CADA681339E5C7C5B250803
:10B7B0004ED46887E220EA305DD7B738CD8CDF41C0
:10B7C0001BFF597FE3D31A19568741D5D1A2F4D173
:10B7D0004D1CCB3458559B989F4B35DFB3581F5D9C
:10B7E0008376EE272E78BB4940FB6988FDC7BFD81A
:10B7F00073B9131402FF0A090916A3D4DCCA87B06F
:10B80000D837EAA168EBFEF5AFC1EF2026573EAC72
:10B81000F5476FA7F430C23146FA8D4BFFCDB169C1
:10B820004641B86E6902DC1CAA9EC233A2F8FA0532
:10B83000C0A1C80AFBCB07845F92D8A6CE7A35CFC9
:10B84000400D1BF9BA096E1D298FA641110C2592D6
:10B8500021C6398BD6A2F5A04926A21CD7DE64F8F2
:10B8600094D35A4646C6F6FD662C00784CF5319BBB
:10B870008986BE641FBECAD4C4E84CC16201DE49D9
:10B880002DE61BED9FF6AB3CBC36CD2194CCD9E721
:10B890000D1261879203598D5D1ABEF7DA359A9BB6
:10B8A000DCA2FFB015CE000D3C13DFB816BB8A81B9
:10B8B000F477511589F0110570C840D24B561161CB
:10B8C000871625ECD75B1618D988144910EF0E524D
:10B8D00047831B38740D76E3EDAFB8A449371F27B3
:10B8E00053E35D70A7488B1A47B33A583053525709
:10B8F000A246089DA2B070FEDFC3B19A72088C0CFC
:10B900008E896329C8BCAED2EC27A2DDA2F984548B
:10B91000ADA92F7A7F14748C216771EFD2118A053B
:10B9200003AA4D4612F7872656BC8234DF46D2CD95
:10B93000332DD50CAB2CD9F1302B6EEDAAA7858910
:10B94000A0473FEB882C8AE796A6129C6304A6F8D2
:10B9500053906144DE67683D194996D924027DCD34
:10B96000D591634AAD391123312EF6C1C6A2339564
:10B9700080BB0CBA104F3664814B4B8258D8D1FD36
:10B98000E03BB36321FCD37F603D397EF7F7E7FCF2
:10B99000B0AAD0FB97B29757BE6F9B43E0EF7F19D9
:10B9A0006612B661D29D2F640EF803C7569B3F8581
:10B9B00024B14D4947159CC8DC406E2F2ECB2DE09D
:10B9C0008BED56CC157CBA9A9373E5C330F1896739
:10B9D00010E2C76435C0F10B99B1C79C4BABD7518E
:10B9E000E6B3D4AE716F16D7DDC195E110666F82F4
:10B9F000A223B5FED4D409E199BC798B06D48F3645
:10BA0000651D0859A6E0AD90EEE017A75D14F1F7AB
:10BA100075A6834B6E26414E9B56B2BD03C5F2FB05
:10BA2000DCD412E96F46D86C3974BB2E5C96A168E1
:10BA3000D7C88BA9B64BFAAD5738292ABB25A89C85
:10BA400018B95D8233934CB70728EBC077F7A2BED5
:10BA500095E64D5F4CBF2D0D906C6508F09C1B5713
:10BA60009EA036280FB62CFAC0D78522C325AF304A
:10BA700013F6D9D5CF457B9153383D3AEFA9C892FB
:10BA8000873E7BE8E672ED0965B6CCC9DA42E46B25
:10BA9000897015FEA27155A882C9C06DCC9590D24F
:10BAA0001A21E81658FB74640318F1D5D91C8F04C9
:10BAB000DD90118F14D5E1BC54C4CA2088B5ABFD0C
:10BAC0008B79020FAE23F6B5BD14A1FB09831DCD02
:10BAD000EBD7188EFEAEC93B8E308D3CECBDD60B3D
:10BAE000DED942702D6A2C775B704F8BCDD28BC61E
:10BAF000C19F60B19B1EEDACDCC98B9D059FAB6502
:10BB00009AD1DE97BFACFE9DBADCF3D6729F4E9BF6
:10BB10000A704AC83DCDBEE36F4E49DCEAF95101D7
:10BB2000DFD78C51518492D482330719A908764CFF
:10BB3000B2B0428C5686F7C6F391784C6C36D55E1F
:10BB4000F33775993EE10F1D042CA141389F721502
:10BB500035842EF9C839E9C616E8262990E773D34B
:10BB60007E4B3F2BB2EAB449E316E75CCC30723827
:10BB700024D12E72DC2AA508A7EF0F7CDFEB980CEE
:10BB8000C18800AD73AB0354C8857CEF3B18FC91B2
:10BB9000E65FB446308BBA7ED924EF2F1C4672BEC6
:10BBA0003E7A63684434D80EBFF1802CB287CBFE56
:10BBB0004252A94D5FED35493E2DD0D1618EC2591B
:10BBC0004FAE25AA1606AF8E242603D795B24E2671
:10BBD000DBF984F64B85476EEB4117638CBA880E10
:10BBE0000A6C415516FDC1F92BA4D53E32B480EC48
:10BBF00047959102EFE4B402DCADF4539CFC1E1BAC
:10BC00007CDD7D43B3FDC302D472F0381CD143AC5C
:10BC1000A16DA93B821478D8A765537448C88E02D9
:10BC2000032A8180735FC4CC92B74A23D97CB1F5D3
:10BC30004D7DC65EAD1165D08A969A5E374EABCB10
:10BC4000EE5CD1C3EEBB20BF0818BFAA073B3DEE98
:10BC5000AA32B26523282599A4613CEE00F4C064A1
:10BC6000860F8768AD7AA1D01D906E1A72A1100759
:10BC7000A5B1AD31B94436EA66EAE3F0FAD71C253E
:10BC80003002F680F528A54CDD990C3B8B37984A9D
:10BC90000DBB1B4BC33FC75DAD3877870E24597C66
:10BCA00003E09418E5CED027A78E054CB39821BDAC
:10BCB000235DD4DBC86A71ACAA578410166AC87BAE
:10BCC0005E50120DD2D315E248CE5D5227308470FB
:10BCD0000FD28123F23568EBD6883843459C386D06
:10BCE000891FC10E0FF0571313F67A36681C3DEB0F
:10BCF00010079BFF75284655A2EBB0693C385504E8
:10BD00000BB7BB5D06F1504576356ACC7BF7BF4B70
:10BD10001F0A0CCB4EED26026A98898304BCC82DFD
:10BD200018035B511C15B9FE6549D7989338E2BEDC
:10BD30002F4D0DBA6AF05D164399513861C8A15F65
:10BD4000EC1E3BBC81C6DC7D7E0285F0BCE56983D0
:10BD5000C40F355783B42EBB1251D5341DFB8866F2
:10BD600003067CC68A237396B2C61F4E6050B8087D
:10BD7000C1A354D643FB5440F60315E67D657A8E85
:10BD80006A7F691022942F6BBB26FA1ADECB1890BB
:10BD9000ABF92469C98B89FE46A884AC19F70893CE
:10BDA0009D28CA4E8C15308F0090B7F717FBDC1D0D
:10BDB0004BF261964826F3852018E808DC3E9CAEDD
:10BDC0006A49C10D44F17EF2C588D97D151A236CEC
:10BDD00077B8C2510732AA225FF9590692EC58315E
:10BDE000189C02A82FF0C533671F670C8C6F7B0669
:10BDF000E8E2910AA77993E5B5AC934C6F90B35AFA
:10BE0000F958CA693F625DEEC9FE459671C40D4F8F
:10BE100017EC43ED637EFA81BFD27C999F5BDD9F77
:10BE20005E6ACDC76EE3346AFF9E7B59408A05CEB9
:10BE3000DB376923742572A095C4DE2563C4E0F462
:10BE4000969F81EE7D91BEC6F6B14BF2B606BE4F0F
:10BE500089E2D82E584D7C61F6CBE974EEC7CBC889
:10BE600054F9CD4CB6283E7DE2541239E6754A1796
:10BE70006C45FE1105D9FB5FE0A7CBABE1007A7BF7
:10BE8000177C3D7AC3121DEF05421DB428FE618563
:10BE9000B114BCA211FD834E1F98011F0BADC655F6
:10BEA00057AC6369CED3E5A570E540285DDEB0B33D
:10BEB000113508D338D672454E1A757A2493AD2EB3
:10BEC000898BE8AE10EC85B196CA9D3B8AB955FBCB
:10BED000977347E9E87B9BA1149C3C1B484E2E9628
:10BEE000C0578C24D1245397ADC47C22F30BB317D5
:10BEF000225081A928E987418A6C6F985FF160B36D
:10BF00003BDA3EF09FA875CB7A6D75B647F1F8998C
:10BF10002383348A2E555449857B7BF26B198FEF2E
:10BF2000865C215AA0BBA709598C5A2BBEB90F3584
:10BF3000CDCCC2003D252C06643E389E6720ACC4A3
:10BF40007E8339A0C7BFABF89194EC874A869AE903
:10BF5000D66458AC5A54AB8ED666316437C1C137FB
:10BF60002620021D2B0BAD8FA099B455362121C779
:10BF7000BE1EE9F8ABEA6FF70F1A567113A50AF85F
:10BF8000A3F8EEDC6FC5B2D7E15C35633318C49516
:10BF9000BBBDC1DAA25179B3244F3043E01B5C4DE5
:10BFA000480C805669FE0B68E29F0742957E730934
:10BFB0005BB86185F445B5DEDC3B2EA9931B300CE4
:10BFC0007C25DC38911027306FB115ADC964D42AB7
:10BFD000FD1AE259558AF805E704281C3027261275
:10BFE00044761E8005386705D85C489015BFD08D13
:10BFF00090C59E1BC557B3D65D32911EB1DC2D7F17
:10C00000FF87EDDD6664A5A86D3EF54A65DCC7BD1A
:10C010004F28D2255B5A809D8C9F438E6CA31BFAC0
:10C02000893AA9A0D59F61F68F86E139F8B1B2A609
:10C030007AC8DF7AABF1B28A37FCE907D38601CD43
:10C04000BF41C521D8E6DE64DB28FE8D98BC40AA3E
:10C05000888571124DC5D5A8123E08287764DFB8CF
:10C06000078C0CDECFC3258134E6D65546D5C9DD15
:10C07000353C73A5DF5570EF3BC3D29EF1BE74C74C
:10C080001D0131EA4BD853A8C863206437DB8FFC0D
:10C09000C2CADD8B9706457F2E34BA625412B54969
:10C0A0006F395D8F942FBFF46F4BC764A0BE7A4881
:10C0B000ACED419B875052402A435C1EE2F33F7A2D
:10C0C000ADE62061C7D5327FE940222D89B1F6CD9A
:10C0D0008CC3F718176947CD1AF24937EEF8B07AD2
:10C0E0008BF6D83DE2EA97BEDAFF964020DCDD68A9
:10C0F000FB1B141739C3910BCACD54E7FAEB42D09E
:10C1000055E57C95161254769F677ADEE65B8CC304
:10C11000E3E7890B0727ED60FCD2C28AB3F19E48A2
:10C12000F0194E3B5DA192B92E17E56E7DA8712DD9
:10C1300080CDFF54C4DAA3E32818010B8583F76E82
:10C140000EAE7944AE6DCAFCEB80E90AA667E81131
:10C150001FA3A25BCFFF2D497504558FA8F53C2185
:10C160005A15BC0BFEED7A5CAC66E89D2AD5F7EE5D
:10C17000B9E411EFE210868B8C8579B4E3F078078F
:10C1800080E4CA2BA347EFA0AE1AEB3AED517E6FC5
:10C190002DDDC88512F6B16E413FD3F2947BF54A8E
:10C1A0008ADDF2C8B7D104A96ACA19C1772A06176D
:10C1B0003ADC4EA322F126FABCF80D6D50224C3524
:10C1C000EA12D1B7D02FD45D4F845ECC2EAB5F5036
:10C1D000248CFE888572220E157E7F7EFDC7B63ABE
:10C1E0007D90B962C9CF7901EA9338C785E881FEAD
:10C1F000A7C52AA0BA6014911036D374A7FECD60EB
:10C200001437CEDC62C088DC1607D7C2C358564B41
:10C2100015A7C426A4A825A30055B6582994C0A0E4
:10C220006B3190C3DE858E53CD9F21C39A3B6FBE89
:10C23000A74385AF8E0AA202E0F1C2542F41173EF8
:10C24000459A6C8B72A340A3A5FCECEDC0F0E85DB1
:10C25000ADCF75C14B89E20D624192DBC6F0737AB6
:10C26000095C0F3D0E823923D423A776E1714FA8D4
:10C270006C5997801F645A14B15D79FD0EFB23A1A0
:10C2800026A8E6B205580F7F7E8E210785CF65B1BF
:10C29000BD734B7C68CE2A2ABC1B14B2A40B4E8AF9
:10C2A000D5A1E3107571A8BA2CCCD5F465254E59EB
:10C2B0000B4178164D338D5F2BD2EE7D129ABEC2A4
:10C2C0008F4FFB6877E9130BE7F0E3199BD3C19E0F
:10C2D00072BC2D47C2C16486B7F2FAC9E8E49AC5B8
:10C2E000A550151E594018613A1FC1BBD57793BEA2
:10C2F0007096A2244F4455CC0ADD9CB1A7BFA8EE8E
:10C30000B296B0B8A60C03E594E19B2518459E585B
:10C3100056AA3A5FCAFC38AC2818FD85E2C11867F6
:10C320001A4622B4E0E002E112DBCA5BD0ACE7EDD2
:10C3300003507C08E944C5A83E05C8212C88BD2FC0
:10C34000D3A426B621D0CF4384973248A69A1CA204
:10C35000A721F773CC003AEB60569BDBADF73C7A34
:10C36000D4151356D526E66AE891160CC851ED90FF
:10C3700091C0C77F3D8DCCB4771B27F9A326FDB3B1
:10C38000FAB9D77FF1D9701D53FAD3960481DD3CF9
:10C39000F45023A146B32BF24838006282F021BF4B
:10C3A000D917229AE2B913955FC336ACADFA730D73
:10C3B000854BC63ED49AA82CDDF4ECEFC38C3E2A04
:10C3C000B63F5D910C3765B9F08CD33AC1BBE91D1E
:10C3D0005BF906140E8C30F0677A7863DFA60304ED
:10C3E000D424F4794AA79E34197951C08F28A072B9
:10C3F000D0132979688BFCB3C2763E5B0AD5EE1068
:10C40000849AC629D493C647B7796B0748E2E6C435
:10C41000E38A3473CA8D0EABC3ADC5213C1B2D55C9
:10C4200046437AF2308EEE5A33AAEEE1121ED5D28E
:10C43000F916B61E73DB378F69DDF078C1D3A8F922
:10C44000077C5F047E37BD79F8A8BA6B96FD8158EA
:10C450005AC9E8E37C0E868E2FBE91CE9557429640
:10C4600015D29EFBFD7F3B1976D441B63562A5B14E
:10C47000599603F08450920A25C07F4A47B42BCBCB
:10C480008D390570B65FCBBA073A8DEF5F1FC8686C
:10C49000C2A7717FCDB076240EA22509953A1F164A
:10C4A000A67936BEF631E003416867A759E08EFCF5
:10C4B000F513C9B4F49C2416016496F85EDE5E2F71
:10C4C0007729A154D0AFCB874011AD737A03185DA3
:10C4D0004D2FD8AF74948916A267D5AB7E498AC711
:10C4E000A17F4599FE2B11CB32752C67BA4A770E86
:10C4F0009E07A5BE293B0A694F2BAA4E2B204EAEA4
:10C50000808D0F5485B370E2C08E0744ADA0FEDB72
:10C51000FC87808A1C05CCA45A25E43AE13B3F887D
:10C52000759AAA7415A43953E7DF0C60295228E9DB
:10C5300088FAFD755B7C45CFC5E3751CC5201E01DF
:10C540007FA382315D5DB7F43027CFCAEA28D55E7C
:10C55000FBDD07590FA41A1EB150E81D09025F7BCD
:10C5600091F9A375F0A53A03269AF09EFBE623A065
:10C57000172777A105FF84C1398D09F9F707BC5C3E
:10C580003A67C60272741F3A53B0A6E3E75CB11172
:10C59000B18F835DA1369FB2FC19BE1382EAA068F9
:10C5A000B85EF68FDF50E52B577F69DF1EB869B0A4
:10C5B00048999C289816BC24D0413DAA79CB0164A7
:10C5C000C56D715DFFB0DC82CB2C8464F59B50EEB1
:10C5D000AC82A9A860BA6C69C0ABCE1CA5B5730DBE
:10C5E000BC2ED428E0ECF36E60B447477E1073BFD6
:10C5F000A6F15D5D53068968F089FE4FEB7C20EE65
:10C600001CD4AB2E141C1EA420C8E609792BD30021
:10C6100071FF53C45CE59A788D86FF919C38578CE6
:10C6200045F8D3DC5CEDEBD62F33E7457DC2EB77E5
:10C630004BFC19A74AA691F938CEA10D2887AAA7C5
:10C64000DAE38F8B586820F58849B1BDF0688AA37A
:10C65000D7A2EE47996EAD2ABA00467D26EE113478
:10C660004801910DE47ADEED967B6831D86AC249C3
:10C6700067B130676183E39355BDB34D15864BDBDE
:10C680007E797B59FC0B5049D355A6F78B6B02B7CB
:10C69000274DCB06C8D14B5DCF9CA53AC17F5DE04D
:10C6A00088CE270D7E438E11F4ED4A97566BEFBA74
:10C6B00033CC9144F84445058F41378110EAB647A1
:10C6C0001F5E23E81F6E0056A684D993930E9DFB30
:10C6D0003A9427AEFBF191E877A9BEA9AEFBA82258
:10C6E00031FA23C7D7B588EE47CADDA23495894110
:10C6F000458C9AC0F19E92704D1273E6F3CF6BB9E0
:10C70000DF994F69A76F37024D9466F8A304732A27
:10C71000ADF24C795E49FC88ACF44C1387615AC980
:10C720004AB5F0AA0E608AB99A8C39FF4A9B057007
:10C73000F0141E1822D49607E8CF6813614D52B743
:10C74000ED8A0837B8FF036BFBBEEEDB80EC048399
:10C75000078232DBFFF925FAF8ADE318CC91A8FD8A
:10C76000506C273DD5CB143261B573D15F64ABC03B
:10C7700004A5A58966AC7244D2ED1A4CB3F4100539
:10C78000E88D59737F0E99DB5894FEAB006D6512EE
:10C7900041C78317782151AED88BCB94522DD7AE99
:10C7A000FBE1A2ACA66988F3B24F60670FA83525FC
:10C7B000A9379A8CA2A852BC28382A513AE65ECAF8
:10C7C000E0A2F3490A62C072AF2D19135DD9B0E13E
:10C7D000D9015E3CF3548B7625977AD940A60EFAA0
:10C7E0005E8B1C418DFC69C3AB8FA40F5327F3A153
:10C7F000E12FD182CC5C9B5C5A8ADB9CBAD6FF4C81
:10C80000436802AC0B405D5A213BF04165F7FAF5F5
:10C81000817291BE7C954F813F027954BD8B855AC0
:10C8200079EB260663059D970E1678067EFF650652
:10C83000628B9657001A61C0219C738069A9764E5D
:10C840001E50694D5367C33BB81717F7BB209B3980
:10C8500024D533C627553A99F4EB19791BDC40A24D
:10C86000BAC92C6585FFA6D21E594BA607B1B08C5C
:10C87000E1E647017E18BC9B5140CB00355BD1BC43
:10C88000742702EA5DBED58FE77C39FBE82AFACB34
:10C89000144F7B049E765787AC4268BA6C5E33A017
:10C8A00015C03B04E9F4706E0DDDDFFDAA4964415B
:10C8B0007E23CD8AE957A2DC04CC85AFB9C070BD18
:10C8C00046B2484920F6EC3620C226296C64012184
:10C8D0004387FB5E0990A2F75CBA1C5DA6D3B7E262
:10C8E000944DBED22F35A497552D6BD72E7CEDCA13
:10C8F000164779F0D78B83525D04D9CDB1999C67E7
:10C900006D3E2D931B443514ADD431320A01C4154C
:10C910009C8A2AA8DE460940DE3DB01E3BD92F89FD
:10C920009ACCBCF1FD6C30D0258E03E5AE6ED38D74
:10C9300055EAE924482160CEAB38A21E9DFF16FAC5
:10C94000095B22D6D09760120EEF3A34BD82E29690
:10C9500079CBA38B797731352992C9598628070875
:10C96000D1A2C6F9E096C81F7470520C8A8F962423
:10C97000D3CC0A97528EFB6371F0E4E84B8F497079
:10C9800090A412D90AAB6AE8D69AD764F8FE0B9A3B
:10C99000D627C43AF7A085798A9F80BFD99D83386E
:10C9A00076F4688EC4BCAC58AC192724FAA0BE9D9E
:10C9B0001F5D1A73E8C8540AECCB50C1F1A24A4C6F
:10C9C000A1165CF70ADA916C3FE5C6F93A73A1B596
:10C9D0000BFE8FB3A8CE0B084F55241FB5B1B31271
:10C9E000BF2D190E179D9039E5C77AA2E8B0D5BFC3
:10C9F000CA59D336636073140AB3B0A29719629A06
:10CA0000DEE923B03B68A9EA19C730235E61FC4721
:10CA1000AF51F28121EAFFFE0EC3DF0DE82E549CD8
:10CA2000720C269941BD830768011A23094822F830
:10CA30002DE8F41815367F7D05543EC153BB902375
:10CA4000231434957534F5EAD53701E029C381B054
:10CA5000DCE8A00BF5692E2DAA0AEF0639C59D1E4C
:10CA600047C3562EA656622249838E2F9E344329F1
:10CA7000A2FE6E9FB026CD8415653049B3B053D960
:10CA8000C863C14543B9EF8BB946B4A7EBE21C9F1D
:10CA9000713EE736312D91C05D125476DE37A162CA
:10CAA0002B97E52B046733D44CF23157E1C62B01A9
:10CAB000A0975D560D5BE739C6897781B8D080DADB
:10CAC0008A9C7195FD83605C4CA11DBC2E166EE79F
:10CAD000D474DDE4E594E266E1F94BA294921E7C05
:10CAE000D4E0EB8EFD6C4A41A101D01FE8F938EE8D
:10CAF00084BADF4018B2B3ED5095E974B24E237199
:10CB000078CA73461148ED6FDC59982A5C5A0B2E8F
:10CB10007CD1C26F0BCFB2BE338FE08BAEA2FC34A0
:10CB2000E221FC76D522A116928EFF1EB0EDD8D25E
:10CB3000A837D15A96614B34B55632ADD4754BF007
:10CB4000EBA3881949D59AE4BF1F21B9159770083E
:10CB5000870F10342A884E7D2CF5787DD549930FA8
:10CB6000F202F4FCD80868298641B14F3DC24CDC82
:10CB700077BBB39C6743EC2C70C8B72D5300BF5DE7
:10CB8000B7D394285EEDCFF5E9CBA1CB6A57C69A0F
:10CB9000674A8B69DEAB297EF131385E200EB67AAA
:10CBA000D9F3F43F8354EB769AECB1B18CF8ADD263
:10CBB0005ECE6869A7C9F83A782456F3FBB03324EF
:10CBC000531BFD1E7D42EB08668959A368F4F7AD3F
:10CBD0003EABBC5AF9D8F73BB1839CDE8E41F4469C
:10CBE000B02957DF56925A22724B63419E60E0850E
:10CBF000A831FFC2865A9FA7CE65E95A759626F9D5
:10CC0000D9A71B0EB7D4171FF7CFBC49163E1DCFAF
:10CC1000A5A11D455E00184C6D1F6761F6BD9E0302
:10CC2000295A53F939B42D1A5EB8CA9041959DB569
:10CC3000DED2E4C38A6C1CD2129AC54B5C206061C0
:10CC40004FE8A05F476B77F0869F3DB372985580A1
:10CC50007D6AE773DF86E3E5A41BB69D4D8D07B9BA
:10CC60004ECDE5ED51CCC5E112FF3B7D663ED2666F
:10CC70009A6CEEFD404331F546C4EC1AF52628FFC8
:10CC8000D1ECA1734DF424701B65D3705D83BE5548
:10CC9000EEDF731B40A8F46565D5F16A0569D252D1
:10CCA00095679616FDABF21AE85B48FAD8F47B9FBD
:10CCB000E3D827508B51D9974842C5764F644D1C15
:10CCC0002D1477E293DA42D9D2EDBA156603734692
:10CCD000D21A0D2604561803EC918F628E006D0255
:10CCE0006E5306DCFEDBAD51EB1359DCD32B368DD6
:10CCF0004C24A9B0E0D9732E6CB283EBAB3A2DE291
:10CD00008A402C1F530E364C6766752EA7A992E4F5
:10CD1000A19BBF36A9B16F9D3EBB47759D369885D7
:10CD20006F6DF033159C7D63DA71AF4FB5CB4A451B
:10CD300096624B32C795E6B77AE58B9EC76F3D8604
:10CD4000CFD3F3E8F894E42FD95DD7030C4B74717B
:10CD5000030868C811B3FAF9E2F688566FB38CFF7E
:10CD6000226F3A326F1951420FEE98118BC6DBC811
:10CD7000036368935B2C2D4778460B1128E1636DA4
:10CD80004D69C2E94D7932E94FC335E13CCB2D8F76
:10CD900014B3BA61CD95046260563495A4EDD7CC36
:10CDA000C8556332A70ABB5ACFB958EB68FC1D7649
:10CDB000471F31265E57BA30CAF4B27C5CD57F9FDC
:10CDC00063A5E887F97BD2190D9865EF147BD53DF3
:10CDD000389E203DF6F382E6B5DB49305B15F50061
:10CDE000AE4BF8699BA5DDC5FF260A024109381D37
:10CDF0000884B6107CAF274E84E20B82F7D20C0277
:10CE00005A32E4BDACE7DFBF6A4F6E6CE2875CE686
:10CE1000C78309335B36F4A6FD216DA89F845DA806
:10CE20000DA29826D946167889DDC77F3EADA93177
:10CE3000A2F295A6D8008D10B8BCCB511866D5BB10
:10CE4000E9C49FCA759D3F41A7DA16F535E24AA7A6
:10CE50000F43B68D2F6FD37878E0BAE13E398D005D
:10CE60008DC7F18ABE8EE6B83C671A340FA9A88830
:10CE7000ADEBE71DE990E7FFBD56F6F20E73D6EC79
:10CE800007C092E42F4CA9FF304FC576EC821F6893
:10CE900001541134C5ECE80EF4795293098B08F66D
:10CEA000E7F97CC2B19B6C894E412E10C0A60F7968
:10CEB000C1B83D29E13FBB16BFB3AC0E4121CA74D6
:10CEC000E67C7386EDC17AFA5FF603161A84A40C29
:10CED000B79F68CB16C47216A9DEFC124E080A5D15
:10CEE000ED24EF6364E9BDC77879A829F0B7A4778A
:10CEF00011C7296BC9F2A4F6CC7F2FD5E9E3F6C19F
:10CF0000A8158A5D6C07D501DE7A226AEE95D921D3
:10CF10009EB028F2DDE508C8147C521BA9848CAAB7
:10CF200076415BEF6CCE0CBD694A9CD89D0900E64A
:10CF3000E1A01EB6F27834482996B1C4BBA6F4E548
:10CF400087D9E74484FA0000F46F4FD596B49C8EDD
:10CF5000344A3C0539DFFFF436DE02B590988DA8DF
:10CF60008128E14FFF8FA7CF0BDF1D06BBDE476196
:10CF70008C0AE7D4F8A1B648C22719F33123BE9C26
:10CF800099060966D52FC88036653C5F9EA1D36F90
:10CF9000797E5C8CC152BC474DECD6483A4CCBF8FC
:10CFA000E4401FEF4427715FA2738B0735194B369E
:10CFB000A8C2572FDF79527D51AEEF71D28FC319BE
:10CFC000B4FBD06D5170B4F4C198A616B641584860
:10CFD00098EF2BA0D2EFD82AB4391E619E8189E246
:10CFE0004C679A5A4266190B2D296931B7F5F6112B
:10CFF0008CD7AE860A52AB996D3624C51FFD0CAC9A
:10D000007D3A033AA1A23BDE447308B1E091A32A22
:10D01000456219482F305365EC5373F2287F5F0A3D
:10D020006A2F90D08B7E696C0B83B4FA7BFDAB3D8D
:10D03000ABD7DFF9E54FD90959854E5C716B659F18
:10D0400097CBDACC02FFA210542C026A2215834738
:10D050003461993670BAF30E25218F303CC7865E55
:10D060003FDE907FAA56071A6C4464F77D05C10124
:10D07000A51F6FEBE4ABACC144653EF346F0E5E3BE
:10D080008B1F02E06FBEDD9DF2FC0A7EB3D24467C7
:10D09000A586644CCAAFDBCAA6F366D68F20B87DDE
:10D0A00086157DCAC3BCD4C5F17CDAA24053E40A1C
:10D0B000D472BFC481817513BB38CB6A5A61FEC973
:10D0C000E93630EAD134558E687DE2BE8A52B246E6
:10D0D0006D0472DF86901E0DCBFC471DC7011991B0
:10D0E000E159FD0DECBC316D629052424B3A4B213F
:10D0F000CFF8650E874139CA3A51719BFD7ACB0E44
:10D10000807633BEDDD7BFA4D2EB85E2832283F6DF
:10D11000833779B3FA9BCEF257CA79823E235753AD
:10D120000FE70BD114A850C473D87D357836D9E0F9
:10D1300025E292820D29E7D15DE9CCDD360AFB2399
:10D14000A52131C4D417276CE5AA2A4EFF06B4C81E
:10D15000CA66E0F78A7ABEE075C185F603CC91BC59
:10D160006EB0625F8CF7D3D45FDA34F1DD3C37BB4D
:10D17000CCDC34721189A8A5DE7A9E9781F1065421
:10D18000AB9DDF32D24929BB583D55D357F7023FFB
:10D1900022B4830AFF2068EA673645C9B4DAB122AF
:10D1A000B30231EA92B470ED12949B8A353E03F1DA
:10D1B000DEC47AB6BC765197E1C497B17A172D3D9B
:10D1C00094D2C24A70CA5F0E4C64ABD37BFFF706A1
:10D1D00040615A89728BAC8C2058781D6D110B7789
:10D1E000EF7429CCEFC259ABFB5BA43A158B1195B8
:10D1F000582A6EB3E996E96714D0150E75F4944A6F
:10D2000060013DBFDCECB5EE4918BFDEE6B4C5A851
:10D21000FA3E39AE3D4ACD6C5702B8AE3D40F835C6
:10D22000B6D95E51DF1EF6B81C1782D5FA45FC0947
:10D230009F16950CA93DD427C1552BF4938B2F1223
:10D240009FD7A382E5BA475A359E406C4F7993C861
:10D250004BEB334C3BF5EEA1953064A690E466F1C0
:10D2600061D69441F49A5C019BA8ED99F95907693C
:10D2700069D7E0A1C4EB657F5C2D6DF9CEB2D49D7A
:10D280009B5A138E7E79A25375F24F12B4C98EF257
:10D29000DBAB681291216C9C1D403B2C8FD9D18651
:10D2A00074FF8A6C4E48C341B7A124BDE505DDE497
:10D2B0002D66CF6DE517978AC075B01E7D864E5CD2
:10D2C00092BB46E7234A266B8F6EA233FECB46D530
:10D2D000E725F06B42EE0AAB46622B48C7620CB3FF
:10D2E0001DE37675D7129CCB1A174EF4AEFBAA41FC
:10D2F000A5BAC9B90A699D7C497FE68AD4562169D5
:10D300009431D6DBD6F0961AC38FB0765F09993880
:10D310009C297232F281D42F3E5449B9920693F17E
:10D32000B43499954CDAF7207B7BEF3FA8FA354E61
:10D330009782CE3DA826740E83F10492C346C2F1B3
:10D340001E8AB12BADB9E45E68B706B382F6D5B6D6
:10D350003E0210EE6F72585D6A06349E03784043B9
:10D36000EEF511E968B9F03F135AAB712BC93916C4
:10D3700029A7C2A13398415C0DD46A4331D37AA462
:10D38000799DD696ECFF072F0EDBD4C0264E3AD7F8
:10D39000BCD8536C72DCF003BE61ED99322B87046C
:10D3A000BA54E5DFAEC5ABA3DAC902F42E268C96DB
:10D3B0000CE2A270CA14894D48085780B91B92B973
:10D3C000B7B9697897E9525EC1FAFACAEFE462A385
:10D3D0002903DCAABC1836A95520FC417DD057AEE4
:10D3E000D33AD1CDAF1B544A0177A72D9C5F5AA5E4
:10D3F000AE50E05456CD4BE127C13A02AA313F0F5F
:10D40000A7DB4BA43767B9238F4B337DEFBE742A5C
:10D41000AC0511465742177ED6E185D845F1FBF49D
:10D42000ED89F11B29DF0551A005BA01357C80FB90
:10D43000118ECD23FC4882DFA016098D0BDB43B68D
:10D440001D92E3B1E6D991D4DF4788357A0D13C038
:10D450008303C4E6A947CAF63B813B2AAF53CC9568
:10D4600041D2352EB6801FC0AEA780FC959B3A36C0
:10D47000A55A9FC289ACBACD2F97B25D38FE93BA38
:10D48000DCADD40DCD13B281FD514688786F21FEFD
:10D4900035697970EF7966DC562E11EB43A8A1ED62
:10D4A000A1E8244B0E5CD8F537C3DA831D65C66846
:10D4B00010269AAE19D38052730D4DE98DC862764D
:10D4C000D2A698CF79C3947555A2F8AD6ACE2B68D1
:10D4D0009DF5AF78D039510295C2772535407E67EA
:10D4E000F5C7C3B409B7C908EAD4CC4276E5DB5521
:10D4F000A5CB5943B2283D027222EEE6E4485659C4
:10D500007C8E9C3AC4A5CDD21062B3974F979B07EF
:10D51000E60C129E90216A1378A9292BD29DF988D6
:10D5200060C5CC988F0BB0C5C73F227C58E6A63D9E
:10D53000FEC8997A35A0A1E3D41493EBF1615D7430
:10D54000080517B8EC50B29DE3FE06176E2D62F584
:10D550005969AAAC70F790FE30F10E22041AD53842
:10D56000AA558D165195C2DD3FA042B2E4C611B353
:10D57000BC0D063527799AD4717B368B50F4E77A47
:10D58000725377BA456BBCE3817C3CA0BA9E8FD5C1
:10D5900055D7D5A1332E0F1E4A53A9710E532DA274
:10D5A000E08355775EC788D18F42CD73B574C02CA8
:10D5B000462F1A960E10AC5B6850FFACE94D6FFC1D
:10D5C0006DE21614F742A315F9CCE1F3CFAD5F631A
:10D5D00010CDC9A8978AFAC0795EACDB6B8DAFF924
:10D5E0005C5E17D0ADE71B763FAFC72976F35CA42E
:10D5F000227F7705158002EAFDB6C6AB5F5C3DC8A9
:10D60000BD6A4D33700F547A2584EA52F82AD873D4
:10D61000BBDAC9684F272765E54C7F0D8788AD3990
:10D620002C6D2C22C2995C171E9D0318E248C8611C
:10D63000C7BB0793F5C4150173F15CB3F2C6685319
:10D64000F01FFA190CC36ED8E1EBF68740280BAB3C
:10D6500046C6F5A286DAFB627E3925A68CB0AFEB12
:10D660000CAB84788FB7084EDB55843918A186BD82
:10D67000D651766A6D5714169654C2498FF0319C74
:10D6800097C138F144D6283CB966D345CE861D17DC
:10D69000E9363A8FC259578CCFF6C67CF01AA123CF
:10D6A000423521DD6525E6CCD446609C2F3C0069DF
:10D6B000BBFC03AE48491D5E419AD9C3721A2FECD8
:10D6C0004C3BB19ED26B2086E31D74F47E552D89B0
:10D6D000EB5813F2E2841752777C1877D1DE08B446
:10D6E000E4F9BA8739F138810C9D08E9BE9E828F32
:10D6F00069831A605C5B4F3A6E1B26099472F8BC12
:10D70000C56F5836130FE624B33914BE44CB3E8799
:10D71000F9D44AE8441C5598B3B256B5CAD94B5708
:10D72000CEAA8813181A46BC085C559F8950DF1989
:10D730000E245597FF4748B04180386D5D98104FD3
:10D74000C53C3DE77D4957897F7F0544EDDC353594
:10D75000B9832AF14E9D263D88E326BEA16321436D
:10D760003908ED83340899125C0D47BE0818F0E9BA
:10D7700079E1E110E9F14B5F38A05FB45E9F691673
:10D78000D31F5669712A23DDDB0138A4F3BB90183F
:10D79000453C7D5B461D6BD3DF01644EAE3CC5DB73
:10D7A00072FC48EB3D3FB3C3F856AAAB11C6D10398
:10D7B0005014F41F63F04BD51DD3DC8B134ED9FAF4
:10D7C0004CC3B709640B08D1F8E5034D7134C1BBF4
:10D7D000CD3C41DC4602EAB622A6CA7EE93ABA2E20
:10D7E0006DE6D9EE490743DA4E8BF97BAB24145032
:10D7F0007DD7EE471A70DBB0CA66610415ACB8FE7F
:10D80000A36A7722B2BFC3E9557EFBC3FD9C02F534
:10D81000BE659C250F2FDEB29AD34A0F4CC7EE1877
:10D820001248F117098E9EA3966FD4D498A2C2DE37
:10D830004114029E7C0078556E579B8EA5642BB0D8
:10D8400026C5C2CDFE1928A3AF1110C888B2324731
:10D850005F7BE1CC17422A0FF26DD6AD24037A9B91
:10D860002A87A63E84953C79D211B5A57F190D076C
:10D87000B5C637B1D4F8241E2F0E562222A8704CFC
:10D880000E14E6552EE9CFFA23AADDF3CB45C47F6B
:10D89000203FA24C2E438CF99C0B5C415DE1D5CA24
:10D8A00092B9BE9EC165006713D2230F34C5C3B4BD
:10D8B000B4C65A2B4BB09A8ECBF1F01800EFADCA1C
:10D8C000B83110EC027E27EE8D666B93977CF4F3F3
:10D8D000B34793686152713B4CA68B20C9409BB6FD
:10D8E000D50CFD90F335F0E1B8C4CBD543FAF95B24
:10D8F0004A96B44FB75C7AF56E03756DFF0C5AAB60
:10D90000A113DF2DEF7E2FF7B61E6F38652A32E4A4
:10D9100002815B46609A6F3C888364E9D6BBEC0762
:10D920002A8C8AD51856DEB0F209E93BBD4F5C88D7
:10D93000C3BF76A840BBE4EFCA8DC7CF06FDC6F0D3
:10D94000344A31E10BAEAE6EBC820330FBB9A0713C
:10D9500040F87493695DEFF9EB4F9C9B353B44674E
:10D96000D365E36689E1978933972E49267A3C038C
:10D97000EE2A4FEA10FE0B65C1556A3225FBDAB27A
:10D98000B5DF2AA94F81A80D1AFD93746BDBAE2277
:10D990000A6FCDE9297E9716EB3686A74E9BAD2CF4
:10D9A000D1B7AEB7A1A84670E9C33745A18BD9BBA3
:10D9B000AC47547AD97CB343D560310D4D4F869036
:10D9C00033570129B4FCC52CBABF6F6D22215949C8
:10D9D000872B3431CB71F1ECAF7FBBEEF10C9CCCDB
:10D9E000AB9B71D2C4CE3F4D9D61FC7F1305249C3F
:10D9F000C1AF0D5CF695D2C4F1BBD75A672AEE854C
:10DA00005BE51216A3E62BC3B35ED3275091DB0769
:10DA100068C51F0CFB813DBF07C343F22A7E282245
:10DA200068D758BC89A3E7F40D782B656DFBFF3BE5
:10DA3000D45185C23410DE1287CAFB54A9B8EBDD7D
:10DA4000ED46BCEDCEC93640C668D291294250FBA6
:10DA5000AB07D59BBFC51FB0B649F859FB61425D06
:10DA60002E0B192CD260F53B02A01479FC4EE978FC
:10DA7000EC6F511AFE6C35289C965D7B9E408B6442
:10DA800007CE9A03097AC0B33B5986CC3BEF52B913
:10DA90000D879E8460DB070135D7639DB238F50A98
:10DAA00002F83A38081166B41AD8A2562EB30954AF
:10DAB0008B5E219643B019F6E540F11503B361740E
:10DAC000B5FB35F865B114800A49E7ADA509EC56F8
:10DAD00061DBF55CA686AF53E7CB339C5C852553B1
:10DAE0003DAD4A6B7F3C986DB92C7C3DD9334907DD
:10DAF000F42DE6DA9F885EA22753C44C71619E77AD
:10DB0000617A18206F2D8CF5F5A3BCE5659EAD0AF2
:10DB100050CFA6DAD673BE0CA018ECCE45AF61FE8E
:10DB200053223BB478882337043009B92DD5970B9D
:10DB3000E864667D32E538F0CB4E48D2C0308E8A3C
:10DB4000E1E1F4AB3A69E667801152A469067FCB44
:10DB50007F833394FD2FD16158D7D9DFE7D1C8C275
:10DB6000CEC4CF013AE5FB8C90EF925C2E65BA2FC4
:10DB7000F189DB95C7890983592AACD375D24F0542
:10DB80007A10B5EA175167F56064D25E2B6E803467
:10DB90002213219E79D6BFA407A33249F43C6AEB35
:10DBA0003922E807570CE38500DA7BAB60FFED858F
:10DBB000A1AAB6C28553B33FB8172A629823907FB3
:10DBC00039C4693D9EEC8F924C375FFA477DD03364
:10DBD000165AE3769BCA2F1212542B1317748BF329
:10DBE000B00369ADBE46FA005DB5385FAB76BB6287
:10DBF0001FFF553F3C30E1BE68F22F9D7AA05421B3
:10DC000002BBF1516678F5902436149DAEB753C728
:10DC10006C684E994329B54E6F373C40BE5499DA33
:10DC20000F3F33DB9EF6224CB8EC345B82C82F21C9
:10DC3000831EE80CE09E2BF69820E4B1B2DC790953
:10DC4000FF64748BAA188CCCC7B230C40D19AA0219
:10DC500014F1DEFD60B3E170059EDDBC9FD67F52FE
:10DC6000D817B5D8CF1162ABE366035FC060F8B8D0
:10DC70002215363CCB61C33643DB17315C43D63AC1
:10DC8000C2BF42E0CCDA14DE53CFE8542B49E7E2BE
:10DC9000124498B12C15FEB14CD528451E2AC4C794
:10DCA0001842BAC8658D9BD01B27E8679A733CDA87
:10DCB000797052060EA799E9753D96949FAA308611
:10DCC00087866D71F70D0A388B454DB2E106CFC3DB
:10DCD00091F6A214CF99754EDB0A0E99E8C90A6431
:10DCE00013ED6D10748CCCE78C50232C3523E3D7C7
:10DCF000046EEE58938B8E3B64A430640E85D70679
:10DD000082F61C40E40852CD056D54D02EF39312D8
:10DD1000A0D915AF18901A1321FE731C0F3C85482B
:10DD200078B4AA0CF1A6D3F15C6C12D1E738547622
:10DD30001C0C8AC9A5D15542C2516071E8B07DDD85
:10DD40002D2AD96437D331B30C412B8D4DBAE4441D
:10DD5000CB96350A32200D841A0C65C771505D06CA
:10DD600073FF6814E86FD245587B3DEB0D60B5D06A
:10DD7000BA2A91238695859C98BB8EFABCE502F859
:10DD80007444529F97EDCE91392B38831A8F16BD6C
:10DD9000B98EB5E533E690AEE26D520A2EC4FEF6BA
:10DDA0009781DD76DE48A10256B3CE26108CA5659C
:10DDB0002C3931905DA886BE39E71299FC80263750
:10DDC0004F941D341106CAB860B717CE85E0C18ADA
:10DDD000E45D693F38C6B222834E846A6423B53459
:10DDE00098251BCE3492AEEB6EA3B08599CF51131C
:10DDF000EF1F3C38AE7AE0F1AC3E4CB57DBFEC3164
:10DE000020CC7C77A5F01B4FD6B1DF2CAAA6616F82
:10DE10008D65E24E839D487541E35080C8F4E87DEE
:10DE20000C8AEC0458914643668686000E0CA55970
:10DE30006ECDDCDFBD6AD582309C559772A0073469
:10DE40000400DE6D4AD3875F94E3E0894BA0CBE901
:10DE5000EE57C11A997660F8952D43BEAB7FE2DC90
:10DE6000DB52A0D9A37011F21A93B5C6F2F01A8949
:10DE700090A99BECA25FBA9A06D09A0D84566DD7F2
:10DE80004A00DE2986F811BA683227AD50149A9DEF
:10DE90008047CE723827C91EF4D6B8A4D43899F971
:10DEA00050426365E533B47FDCE7E535F38D3648F2
:10DEB00004360A5CB4B59C0096C66C0E84204EA154
:10DEC000545A4FAC3B1CE2ADF9695A2ABCD2668663
:10DED000B1B65A0BB69A8735B59822E560596CBD34
:10DEE000C16811813725948766FD3125279A9D48A1
:10DEF000726070F39B9970B1EDBEEE046DF3C7AD27
:10DF00007B01FF4B0240C9CA6E794C18AE3E473CBC
:10DF1000C49860C18BA2A7CC99B3DF0F02621D6DBC
:10DF200038FCD936686A539B8031D70BE4D93C99C9
:10DF30005F69BB1A5551E32452A02A864A82099987
:10DF4000000ACEBF25EC6AF39F7285620E361EE68C
:10DF5000AC7DDB17F425FB397BB604651A6071E7ED
:10DF600051783B366CA6FF781C20A69A2D8E50ACBB
:10DF7000D7C676CB45DEF1B4AE969AF286ABDF9D7E
:10DF8000C3293D62D4773A29FF99EA9949B31158D8
:10DF900059887AF95F6D6F8C7E47161242510EA236
:10DFA000DA4E65358F30B2D0B6619E71C59D42356F
:10DFB00093B92045143DCD8178C3ECD47185A0750B
:10DFC000D0DF398E98DA3F541DB688C83A563D04E2
:10DFD000486DAE0B717B43F0DDA0430FB418C76BE7
:10DFE000A5A55E76981EB20437B5B606474904D497
:10DFF0001A58D6061E962C74E1969D683A00EE9447
:10E00000BFDF6EB028F56499FAF8C5E0A2FA6FCCCC
:10E01000FD41AE22C882467DE9DEC929258FFC3349
:10E020009200DA66D1E85D85AB2F257155D2170ACB
:10E030000B44BD29E2CFB41359AB2BC7F44D68BBD9
:10E04000669A4FB692FB94B8405B2DB83681B052B9
:10E05000BE722BB2B335187820DC89B1B6CEC9A513
:10E060003C227C5235D404191EBF91903A911CE792
:10E070004643E816B18A067C0D35DCCDF4DA15513D
:10E0800036E7508CE9A837F674BB05333F0DFF899E
:10E090009F73D39D186B68A75B58AD102D8355A552
:10E0A000F669B4D11EC6D3F57A726B04F92C73EC01
:10E0B0001AE25B687AAB6865394E97CF84706A70F4
:10E0C000EFCD8D6E4E791F965D509DEDBF18F63BDE
:10E0D000B8D6DB1C012BCCADE5286813C094BB4C33
:10E0E0002624F0EBD971F223DF495B33C880E72D9A
:10E0F000997B68FFCBDD8C58ED61398BBCDAA5FAD2
:10E10000F4E57F3793580650BF572EE7253253F278
:10E11000C597242F2D54A6B70D9016B1B13ED3EB61
:10E120005FE2BC5456DC3E76664D864EF6D167B94A
:10E13000EA3D6A4A9A672E6C2535F9DC0D95B6677B
:10E140007498CAB3319C693FD1FEBFC67899D0FAA2
:10E1500097D8D597DC9420E3C103C2EE5220EF801C
:10E16000F3651F1F109E2067AF4E308F4D156E3028
:10E1700026C08A45D4BF89349DABE3C09EA3FC4A28
:10E18000DB39C977792E3BD2CCAC4B1A1F12A605CE
:10E19000D6A392BF7DC7CB1A8E6D2585074BAB5892
:10E1A000A28E0A1271A3E4EE0D6723A308EB921965
:10E1B0008B55A7911418D0179B3F66DDA112D0EFA5
:10E1C0003EA6C7DC6CCE608C7F43CB136E36488D89
:10E1D0003D0F8CD7EA2C1446FBDA900C1D10CBE3D4
:10E1E0004BA04D1CFAF935E870844357C5320975C8
:10E1F0009317281D5BCBDEC9E4D9DDBD86EA7A1D05
:10E200002F557ECDA48CF3B744AD949269116EC0A6
:10E21000998459D2C84AC1353A62344726F8A7CF03
:10E22000BA63059D19F28D93F2C1E6F9656894749D
:10E23000607669C15D4525BB854D702C9ECF7032DF
:10E24000E136A9F17CF37F861A4790A73B842DDB4A
:10E250008562D48DAAA5055E60A500E7ABC32B3F00
:10E260003E60553C07D7F922639FC664C1E2275C34
:10E270005F209B9820D62052A04B2AB024BE7BEB77
:10E280003813B2BD7735D927085265F3D9920118F2
:10E290004C43CA8503FCF7DDFAEA8DA0B9753BFC57
:10E2A00099FC137C4EEBFF64F77EBA817B0550B579
:10E2B000F820F2367C0C0F717E228B8CDEE14F0C45
:10E2C000671D430BE11747C7CFC6C4EADEA17AB981
:10E2D0005917D6C0C040E211A1F5CBAB99012D93DF
:10E2E000B5D003D497E331A9CB093DE8878E18CB8D
:10E2F000650951FC6AB9D4B2433A0F8106A2F38191
:10E3000041E7E1182CEF4CD45F43105CCAB0C3A6C0
:10E31000FDAC76BC3667D66ABB86897E28F509B225
:10E320005FCB0C9490D2FF8297D010CD55FAC07D70
:10E33000B1E8FB99647F7E1C1524C45FA46924EDB9
:10E34000675C465CDB8F0A9A91591B6D57FB56AF91
:10E350008140C27B475E62193EEE70558CFE639928
:10E36000DB01B53E390C5D543E6A0B15ABBB0EFBB1
:10E37000A6C92FE380CC2D78C9D2C5D07F73F240D7
:10E3800074FB9B0D3A0DD300261F91B3F4CC4604C9
:10E39000775CD1C6B7AF3648D662A0385BD1BC52E5
:10E3A0009FEC9F21F70DDC81D5E15B5295D6F89368
:10E3B00075BE5B2A5C5E2C114202D7EC072486D521
:10E3C000A0E4F5145AD473AE11204E310EF4ADF51D
:10E3D000D77984F82804EA5FCA7EB7405188CF38DD
:10E3E00069E29491D8EA9E0DB84C5AF1AA6708F5F3
:10E3F000195E81B41BC39A1ECFC8E2D67109BAC296
:10E400001EA01321A8BA4EA9E5FD4882BAE784B13F
:10E41000FDE20C552C47640E1899D2CB7BB00DCE83
:10E420006A8AF36A566F19CE67B39D918C7126B1D3
:10E43000047433DEF1FC7EE9F1A31EB2DF6A9F8033
:10E44000BE7F32ECC43E9949AFB183C012F710BE13
:10E45000C6705DA0ECB395FEA548385317B0A11463
:10E46000CED6CE7FC22522A49CC993F916F6ED859F
:10E47000AAE60AB1CABCE35EA0E7C531AAAA5DE379
:10E48000030B5E52F3F36A6F4B6E279E062F86498D
:10E49000A95834FFC2642C6A168F0CD239DA7DE198
:10E4A000A7FAFE4779C188AE90EDF7FFB185978353
:10E4B0000A1DE13DA74E5D715CC8CF4FBF75EEFCF4
:10E4C000384963821985DBAEC06A96E5EFEB456893
:10E4D0006040E66EF074C372CF1380B7CEBAE53CED
:10E4E000DDF9DB27A8B330361C5322626299AC8574
:10E4F000D9C2E69FC922ABEB382ED03AB2B150FB5D
:10E500008463A69AFDEF1B67577333566BD83FD6CB
:10E510002567E07C9F1726E97B2212AD747FEE8F82
:10E520005FD6583EA72F09422B89C99A8ACCAFD50E
:10E530003F639B3628D6A54BE115C8D26D62126D9C
:10E5400019BBAFB5C0207A526EAB20DF063F26BFA5
:10E55000516F6785096CA7C186F0BA7658BF18E974
:10E56000F5B474661AB8FAFF48C6635B39BD761C09
:10E5700048FEF73ED2F2904AE9977DE2327F891F4A
:10E58000368426BA914C703088E80CC767A61EF313
:10E59000EEEEF37A1CADB2FE7131992C6AE580B8CB
:10E5A00025312F64A520B416D8007E2E9CC717589D
:10E5B000BE8EEA5253ACE0FB2B7822B0F803C63390
:10E5C000C1A592C0823AC67CC65043975F4F93D292
:10E5D000B045F9E04E9F676A76017BE06EE4DD119D
:10E5E000331E20777F3E1B775707FB7EA134777A57
:10E5F000FF59A6DCBACA1BF9427B89C47DA93748FA
:10E60000229459186999982A768FB0CC7AB1F3B2CE
:10E610002F158ACAD46E3E432E83D80450EEE46B85
:10E62000D5F2DA7DEC62866EB00B52800539E821B6
:10E63000B036284559BC39D13A58D2A03A7FBC6689
:10E64000887DA403D78F11BF1872AACE7ACE472F28
:10E650009CA59FFC235E809C9B9CC956B83AD567BD
:10E6600061A71DF975E1986A74EB3B65998FAC0D54
:10E67000C7EF69D0740FD05E51346E60E1622386BB
:10E68000CA2E0C8B2E9E69A62D0E6E7F2D2324F490
:10E69000E6C13971C1C2687D878E813C7C606C5D4A
:10E6A0002FF95D283E4FC303DA8A7255349C3449F2
:10E6B0003C926354C99EB7F5F9B6C4FD32A5077BF9
:10E6C0003F77F3A83E5B9B5D20B72E43A8ED2F4913
:10E6D0004FFB8F5E8FF9A8CEAC93E2DD4EE2C3B262
:10E6E000F81E0FAC32BBF7146CC9966EDB45FB58B5
:10E6F000BA4D3A15DE0418CFC7785ECEE3FA3D88EE
:10E7000018AE47F296F1AF103D923E7A66681E470A
:10E71000314E11545CAB097967015211BE5F6C0731
:10E7200052626AD471BB8218B16A0F83867D40DC65
:10E73000549C91C14A324AA3D8841AD5EBC6C6FB71
:10E740005A8EA6D62D62010B52D5D295BAFA80A464
:10E75000DB1B203319497F7244821D211B20FE548C
:10E760008EF3C5D4B687FB757FFDE3CD5290D1C93A
:10E77000B2293FA7CFD993CAE2CE82DD99B650DA4B
:10E78000BB45C21B9C73D6F2F2C454973245D25D8E
:10E790006D1240F10220D26BEDD564B4C12B31E093
:10E7A000EEEAB4A8F76F97D7ACF9123EEBEAA31CD8
:10E7B00001B1E2D54879299085E1DBDA04FA901EAF
:10E7C000EFB2A5D9E219090BD5126F1A7B653AE8A9
:10E7D0007A00DE4C5716AE70F491B9421E018B19C7
:10E7E000023F171BC70DD37B55267F29E978860A80
:10E7F000A0336E28125FD11FA7BADDFD10BB25F133
:10E8000042DD929794E4DA3312843B06FF83CF1201
:10E81000661EC311CF5B5295EC58B832AE7366DFFB
:10E820007EFB2729A882126AF1B08F3E48BF4CAB0D
:10E83000179F13150B213C6204A7532866722952B7
:10E840008FD1C77C7F57D2B459ED67A00BA8754311
:10E85000A06A73162BF590D405424100E55A61DF9A
:10E8600034ECAF10C9B76392B8CC07110A9EE6A387
:10E870006D4CD9A9F6F7975AFCA60248B4D6035AAC
:10E880006013DAB4DF333E2F4EAE17726EF138A943
:10E89000209C7EFDA7FB67087D20181F7440E117B0
:10E8A0008B2F9B3AC295EECF58CA105537F375E3BC
:10E8B000B3A7053B5C68AD339C8898FD8ED1C3C778
:10E8C000D4A0E9CC08F67719951738CA2EBA38FEC5
:10E8D000B708C0D3219DAB895CFABEA41C5A0DAD0C
:10E8E000ADE7AA96C028E1C3069A4F968EE271CA98
:10E8F000B4047531D22819F307824915B8F550CE02
:10E90000919723BE49DEEE4C660EDD37FB04AA2844
:10E91000D9ED538494EA2E62059C21205F116CA4EA
:10E920005EC2D52A21B7F643151E2F16D9CE5EA397
:10E93000D058FFA48B433D989D8EAB36CF0C30DD75
:10E94000C87E9FA5C17EB03D8B6DB0DA769D6E41CD
:10E95000CE0CA351B41AC1091EA9CE887554D22D6C
:10E96000055443D0445F7B1EFC87466526E4F6F6DB
:10E970005B6B5CE506C951D755F53B9976219DAC9B
:10E980001A41C8FC2D9EDF27EA366029FB941F1A26
:10E99000859BED1E2191D2503239867155B37ED5BB
:10E9A000BBAEC277FC9487871217BE7F6227005EDA
:10E9B00051DE59BDE24434229E776CC614A4578FB1
:10E9C00067A30D4A83D8625BEB683F6C10CCEE798D
:10E9D00069767859EFB544E250AF1122161F34AA78
:10E9E000383145DC461F972184E650B1EBA279808F
:10E9F0006FD0F675A44516D44503CCACC2D49FAFF6
:10EA00006483DA8C6C3C5BE7218EA6FA31968643F0
:10EA10008AB1F42B8E2A029DC31EC3FB10709F5433
:10EA2000B9C3F8E22428CC126DCFC5FA8CF56A1070
:10EA3000E6A8CB97609C53E626B4BF0E0497300C33
:10EA400093BBA7B4262298B6665B8656BDA682FC09
:10EA50007C3A54A3F566D60EE97A861718F3841B20
:10EA600063496A8DDFD86114622F47BE9A7471635F
:10EA700085E62420CE3559F3FD1C9F0917EA8158FD
:10EA8000A9E8A543A2696008A070C360533003D011
:10EA9000FC4218D18A4EA89AE9D8C2AD2BB4ED47F2
:10EAA0001569A5ED969A5961CAA6FB601F39C57A0A
:10EAB000C1EFB0EBBAA0304ADA15CF03A7EBD3A170
:10EAC000319DC8C0A6C180785A3FFC3CCEFD12B62D
:10EAD000CB2ECD3B73B8204F3E249D14A27EC97926
:10EAE000F8A265C25D2A8A6C27FE9FC5B453218DAA
:10EAF0006110DCB3577342EE8A36F34C59A787CEC8
:10EB0000CECB89E323F42F6833B181988E69EA254F
:10EB1000AC426E86D44F46766CAFAE1E7EAD075CBF
:10EB20009D7643990CF11B2A5A41DEC57DE8341EBF
:10EB3000ADC3C24152FC365873534CF2FEB9342572
:10EB40009D0F30131AA004379FCF9E052398019D77
:10EB5000FA5AEB188A991BDCE7E32A82E0ACC2C0C0
:10EB60003B3BF8A3FE6FAA5A69EE8CFFB75FB6CEA7
:10EB7000EE135786CD4163A6D3D55002A747730441
:10EB8000CCB25BF27A2876AEFE6D6176E08501B795
:10EB90006BDE2450EE5F401608F8839546D15B1B70
:10EBA000FE502DF18D58E805593B0C9F28284F5EEB
:10EBB000362BC0657AD59EBBB3E910469A558120A5
:10EBC000F079750748B33D70C84C3E9CCDC5C69BD7
:10EBD0000176CE5EBA9D054427DDF07FFEEDF54A55
:10EBE000014DB4BD8862ACC6B02D80DEC25739A9D4
:10EBF000987C4BA06332A7C4FB57472A0C1E715761
:10EC0000AA1A8127B08F47CD3C194EA325B63AAF3B
:10EC10008BE78A688F8663BE2B50642BC90FECC5C7
:10EC200038CA97B46C16260AB118EA4FF0CBEB66D7
:10EC3000C08BC8D757FCA634D9C0A98E56B2AB3802
:10EC40009723D296417F0A80EBF1D98F692E510626
:10EC50008B368FE6D67F9619BECCC513ECC6ECED8D
:10EC60005FE2DA40DDBE18977803CFAFEA471A5E5D
:10EC700043AC74F8C4405C69906D2CBF7F58198414
:10EC80005795F32537D2A957EBF965EC8C1337610B
:10EC900050594D4615D4CB32C28B1C97ABBE77C9A9
:10ECA000E2C5E87D8D87571909B4057C759AA1A73F
:10ECB0004D994F9A3CD2FC10D39C1AA3C8823BF0CA
:10ECC000FB94889D49FA9B7E5CC7778CA61F98AA07
:10ECD00034E4F5ACA4541C93F6CDED581AFB1D8416
:10ECE000DF61789781040365AC0181998CB386C993
:10ECF000B77BB632C09884133E0930E1F26D7628B6
:10ED00005328AC96C17ACADD4B4D3E43B0B71C7256
:10ED10009DDD16CD6E48A2B484A8CA5FEF80827CC8
:10ED200035900FE760D92F50EB0B14A0FE94E04014
:10ED300071BFBC9F86AE76025FA06660116ED17D0A
:10ED40007B190F119C475104620FC10917D27E94A1
:10ED50002039511F86A849033DA9612EF0B660767F
:10ED6000BB069D21E1E05A54C584B1E99B60080FC0
:10ED70000A9417859F36E4F9502B1D34D1C54C04F5
:10ED8000723737ECD69F30F7B8B639F141AF271755
:10ED90002FBB4FC2DB07B08E6D594A3BAA27D9A5BE
:10EDA00005F768A5C54F5D5B8B5692581A1A1D333F
:10EDB0007672A331C7A755AACB6B30C4DA487C93CF
:10EDC000A9EC09099A187C2714E24AD692E4618AD0
:10EDD000DEAADA724D7A85CB06973DA7CC99B59E0F
:10EDE00043ADB7481DB64C4C3D8FDF917C3AC8EA25
:10EDF000AF84CA600D65DE5B1A8F6262C0CC2B9B4C
:10EE0000F51A6F60E43A1F0EDE26C3F175FE3381FA
:10EE1000E649AE0F054DC3CDA72E1C416123818E5F
:10EE2000982A702CD2D6642B8766DB2A637342FB48
:10EE3000C9B1CDC416F601DFB06DAF18BF32531C97
:10EE40007F42D041A9FF653E473B47B42E84C4F2C0
:10EE50009A0B0A276E6D26BA3E674E56F5829204CB
:10EE6000D30137887EB297354D6D951B37D2AE15DD
:10EE70001E7ADBF9969EEB3745FCB33DA36CD6AC0E
:10EE8000680C3346A96246AF466001A7EC3523D42F
:10EE9000594442E3BB193CD21EDB34AEA388011FA8
:10EEA0002010C0EAC58278640045F6BFB34611D68B
:10EEB0008CF3BCF38535104259F56A3C50A696ADEB
:10EEC00068CC2C952C655316C7E2123F1B03D14624
:10EED000858370151C7F5A137809F23E92F407FF60
:10EEE00057DDD1BC779AF0890DC637FC2E00DB4583
:10EEF0006DAC4D612B930B82E68DDBF070C5C4D5F4
:10EF0000130158FF7AADA2F3F0A926190709C1022F
:10EF10001FA756285792820200D7EEACF6926B05D7
:10EF20006E5C6F86A8B8A66FEA73AC28BF0DF46B51
:10EF3000B3502E77AA55051939CED2AA672EC4C070
:10EF4000229178E977E189C040564CC085D5578831
:10EF5000720CA5A1203EBC0761332DBB66C9F951D7
:10EF6000F99ABA7B90DD76FE2E46A9D434734346D7
:10EF70006C182820B17E5A9B999F3B8955E2FD3140
:10EF800063730A952380A363E110AB38B3959309AB
:10EF90009A8B473218ADBF8C23B31D0A9B1424559E
:10EFA000B0ECDBC92FB598F04C36419B857E00153F
:10EFB0004DA4BFDF97B4E4DFA788777599E1854159
:10EFC0003615D3F1858D320EEB4BAD9C5A09008975
:10EFD00096F76B51BD7E9FB944A59E4F5F77832BFB
:10EFE00050BC84917AB7988A5C836422683F3FA2C0
:10EFF00049EF8A7AA3E93A493DD1511B9282045CD8
:10F00000B54E400623CE504E5B9F9B8AD0405DB2EA
:10F01000F81B1CED0BC41033D50ED6ED9A4A14EF35
:10F02000C1D03F1D53C2CB1442B361AB95A47B87C3
:10F0300063D0E69530E54FCFDBAE69F7F9E7EB96A5
:10F040003783F8EEED38036DB66B4867D818B80D06
:10F0500082416789238853C619FB10E12328A3BE88
:10F06000AB333269390C81ABF34871991EB8DFD9E3
:10F070000822623CAA64C982199791FC898DBBD38E
:10F08000D416BA1A9A0A2AE16AC6999DCA1B509DDB
:10F090007D99FFD521E405D62BB6D08B5318DB84A0
:10F0A0007C1FF549AAAC4198F7539ABFCA749800DF
:10F0B0005EAB75FC6CCBA5C54F0404A4AA589CD4C8
:10F0C000BCE3C2E393AF04A7AE70FB3FF224563912
:10F0D000FC79280CB5444BCDD055CC8786C1BF8F69
:10F0E00036181725E03F457C52BD38CC7CFBC31C4D
:10F0F000F1EF964EA2261298C05EBDDCADEDDDE1CB
:10F10000473435AA386F39A98C9B7740D16F7AD8AC
:10F11000EF00D849D7CFAFF554C65FBD1325C6F46D
:10F120007C14EE86BD0CFE20E34801B45DF228F9A4
:10F13000ED0BFB760BC1841DBAB8494C5240DEDDA5
:10F14000AD798C454D42C9A4CD0A986AD25118CBED
:10F150008D81065548F841D23CE7D3A8145347A502
:10F160007C2205328534DC1245D0C4E06BEB797823
:10F170005799C44EBFD848E45715CD912A998FEDC1
:10F18000D5411ADAF383C70D91D4176F702DE29A27
:10F1900071E5D766D78648958E826ACF9821807FA1
:10F1A00045263CA0FCD0C7ADE8B3A060D485643F41
:10F1B00039F2123400B38443AEC8D9CF1F91B9C914
:10F1C0000080B971667D15048C33CD064D2DAD736D
:10F1D000B26B505252253BD17307E52D6EF309E116
:10F1E000C397D05631C887751F9FCD42C5B082DC0A
:10F1F00095804E69D7CB4697E8D7C6C8B486B5F593
:10F200007F5073C1244ECDEE82D6404CFD80F1F884
:10F210003C4A55E7FD518CC086B6D28B6CDF744EEC
:10F22000226161D80A5B10D3C09DFBA064E3EA743D
:10F2300033BE876CE36B3923C55E7F4DF0E9BD902B
:10F24000AA36FC199DD62A601CB9C9791A447FC117
:10F250001227BE01E559C9D66F5DCF7F02DBF66389
:10F2600064BCE6B273365245EC09A9D39EF81DFD85
:10F270004A76AECB63515676DCAAE97C5FBABC5FB6
:10F2800005615AD5224559E04B2099A8793F7D6503
:10F290004F5FE1B5FCFA4D0747EB2C44BFD9B428CA
:10F2A000F09E0EB883BA75DB063B72206C818D8FA1
:10F2B00095A4549D7B188AD4DC61D04855D87398A6
:10F2C0008F5D4B6A3687E14056BCF9111CE4EBD9DF
:10F2D000E2A295B7F542BF21303A485FA00807A8DF
:10F2E000F92CB2AAAA910635D00F87DB66ABDF05F1
:10F2F000D1426C628CE69FD897D916CF25D32114C2
:10F3000006D649CCDDCE2E037FE6EB19ABBE869A3E
:10F310002E1CC138F60A5593391EB51096B9F2ACB9
:10F320006C8A3819410E131BFB4B921C5561EAE1A4
:10F33000FA0A5F93B8BBFCF03BD517051A9CDB4477
:10F34000C9D5C6DDB722E1C93219F69BB233515F88
:10F35000BA2F0B636375DC3C6A34A09AF8BA741454
:10F360006A3D3BB3F0849089FA506BA62538835FE1
:10F370009C34301B7BA72FD61297A2B7E2EC458BAB
:10F38000960D955A72E9C6B6F4B5EBFBE09C2AD10E
:10F3900071C9601D896CE2E93B0A47F95BB8D93550
:10F3A0004640F2CE7806A89302316E46B2EF94FC46
:10F3B00059928AD6E68F93D3C78B3514DC628C8042
:10F3C000C3EA44EBF4AAA0F390856D3C444E6FDE93
:10F3D0007B011E7B3D2ADF5B0D92CBA3AAC3EB8B87
:10F3E00063F6BFC7847C3BF24815B79188822C74C2
:10F3F000BB44EDE96B210A221D4BD79D2A9D4BC5CD
:10F400004DB409AEEEC1970A259A6D9C40AB10151C
:10F4100041FB8B3B1378F45815F3AEAD16955D4464
:10F42000E1951F134662D90C5D714C63C4FB99AB27
:10F43000867684EAAF8BBFD9C3B686A49343427461
:10F4400026B20235A4DFEBEF184A10865610C6B577
:10F45000BFD95E6B548589FFA38DF74B632C7BD29C
:10F46000B851F6C883B0E9AB00B4650EE7CB679E30
:10F47000AFD5095E9E74813536F5B417D062E73199
:10F48000C7BE43A116D9F084B3B0296E411DD45B29
:10F49000117416B2EFF867520984C27647A41E337E
:10F4A000F790F477C70A1D1CD5BA63BDA72D29E2D2
:10F4B000A17F79FB5CB8F6E2E860D7E4602FDAE57B
:10F4C00059CCE380C7DEA7B7342CF4AFA4CAC58FEC
:10F4D0005BB62E689F9A3FC84DDB9B5BA150B6EA96
:10F4E0004305A47EBCC861803BC7E3CC429AA9CE49
:10F4F000C5E0FAC934600A20B0BF0F69E21D2A6F67
:10F50000C3F3E0B20674F4DD0E0A48168C8BB0C863
:10F5100092F4CAB2445D91E452AC7B4675B5210EBB
:10F52000C1ABAECE937390E1A72ADA8F4A473C6015
:10F530003D8F632C7835008259B8CF6EEFFA304793
:10F54000EC6D55EE20C2287750C90A9B98FED88CE6
:10F5500049BD172B1D51D238F3C9FAE85C666862C1
:10F560009CE5C58306F0CBECA6AE7B154043D16E7F
:10F570009D9128BD43EBF2DE7515564CA05AEF89DC
:10F58000444EDB74F9110ABAA371DB3842DCF43E55
:10F5900030A8C5820239E6C4A575117D166B9C5D45
:10F5A000897D54518D36B98CC75AB7BC0865FAA10C
:10F5B000975BA55AC49A223A24CC65587C1152EF25
:10F5C0003BD24933F5D5E759A546DD907FC712F008
:10F5D0006D26DDC6ACC8372832B8EAAA8EC88AAB19
:10F5E00058CD39AF8DBBD8640FEC3AE44C634C1363
:10F5F0009F4C815775861889BB761D3B0E8105751A
:10F60000430A4283858D1773EE3CC3A02C1BE5296A
:10F61000C7A2EF63BF12A3A22687D070D8C5FCABE8
:10F62000396A0B99EEBD7D630BA24D56272923D273
:10F63000D12E7F32F34102406B24354C490D3812F4
:10F640006664E06713EA45F206FE66312ABF3E3182
:10F65000CC384A6A5A12D0B8A64769EFDFF5EBBB3F
:10F6600061309253E8AC0390A342C9D63B94186E24
:10F670008C148B8C1EC2A69D0C8C7B2EAA06AA19FC
:10F68000FD1CFD078B20416ACE3B47376EBC652EC3
:10F69000F3B5887DCAF81A09D17B35DEC6163CAAB7
:10F6A0008005B96CEE97133ABAAE2F9AA4CDA63E58
:10F6B000706344BC9AFAF2395877D8396B98F6CD12
:10F6C000618FBF214FB6235F71C705AA41FF636AEF
:10F6D000BCAA18AAAF268F4792F49381FF3ABD5770
:10F6E0003AEFD9DAD2E97C4A1ECEFECD3258A99043
:10F6F000C9702F31819111526E6E32692AA014B7F0
:10F700004139032C78A46724283C3BB64514E1F228
:10F7100026B5987CA7203A83B2ABA13758A9AC2173
:10F72000A61B238778CE1EC15F6760B64136CDCB5E
:10F730001EB4D904795F6F4F30AEA8D274E2D77D82
:10F74000D735B6421BAF38373C3D57520B8B535918
:10F75000E8CB63D45BEAC3404EDECE2788779EC6F3
:10F760007C75279E9810A699A55F288CF3907C4203
:10F77000568842800800DE77DF33AC1AA661A9F311
:10F780006B56D3D817A25248108D0E57630849E024
:10F79000C0EA6B18FCFD0E82D7EF22A36BC5F7D62B
:10F7A0008618E2876E7991FAD213A8698F812C3C72
:10F7B00046899B803DA35A05DFC2B81EFB6336AD68
:10F7C000131A7789A5145FE0A9C9EC525D314E7315
:10F7D0008B3F6F4D74213716F4701ADB740A8D76E7
:10F7E000AB69967167A34090EEE6D4E6ACE697B8B5
:10F7F000E45C320930531685FBADF77621251832CB
:10F80000B9A0E30A84EE3F0340F2A41D113C0DE5CC
:10F81000E78A0DE102DA27F0AB39AEDD00C72E1B17
:10F82000D48A8BB217F5D8DC248A0C3DEDAD2B10B1
:10F83000CB2550595C15DC7E03BF3F337E45415ECE
:10F84000BB18385D7B73BC45D49A40CE60849FD78B
:10F85000EFEAB3C6C295FD3BBBB9BF922B06B1041C
:10F86000D1FA52AA7CF4D1AD728B2E37BF5BB109AD
:10F87000360B4A4EE49143375483C3ED306CA0A657
:10F88000A49D2F63DCDCB29F8FB4E6E68DD5F5D561
:10F89000EE4B7C0C073D795C554BF0380CA929B236
:10F8A00079B8D6B47BE4E8C6A0AC3B277D56028E7F
:10F8B0005820E049BAF01472AB0499A4DEFBB747B4
:10F8C000EDF849C19E07CA52E34643BAA6744FD524
:10F8D00013572A38FD8C597CB885D3EB718B593B73
:10F8E0006D10EDA2A6924263ADAB96AB0A4C13A28B
:10F8F00087D38857A6347ADA4A04700A2794C6BC9C
:10F900008769C00A2D732C049DB6A60325A2D1EBEE
:10F91000D929A4C0381A3F3476EC6C0A2B662A8A9F
:10F9200094807FF38E4A3731FF47734794C32D721B
:10F930005E45BF3F67E26FDDF74618BD8A7D7A13EB
:10F940006384F34FA3559949FC64D66CF529D4C55B
:10F950005EEBA7417A1BF14BEF9CE3C1412FA1EC79
:10F960006FA84DD53485E28017B682EBBC7A099634
:10F97000CE11EC9B33BA94A5018324EFC064C10E71
:10F98000B39EC2C371B410649BE1B098AD153D261F
:10F99000E7E7A56CC9E7AC1D2560E585D515DE4D0B
:10F9A000B5799AE7F8BF9C10EEF97BA93AF6D19F9A
:10F9B0000E3BB1521D6C4FA4D525FFD59126EDD13C
:10F9C000B3D8C1AF79B327BD3D01B8FD4E45A9B845
:10F9D000B75C9409A2F41488B5BA5D9E3619CF714C
:10F9E000EB1773899B21A06E1A43C9804A83BAAD75
:10F9F00094586910D7E90D5ACEFC68673EFD89A47A
:10FA000069B305820A43D1697A09F2D9BAFD3F7C0C
:10FA100059AD582A4E40FCF9B32A7075B740E61725
:10FA2000219D3C1202C4CF7C321877F4C1B7D51D9A
:10FA30001AD905C40C5091EA966692038459FAAB20
:10FA4000E9AEB012B430CC8537ABDD9FC0D451C025
:10FA500026A6DBB6ED8CC2BC23A1F0DA1694ECB17D
:10FA6000A734EA7FD4F1872833D497C8FCC9D2538E
:10FA700066FFB3BCAC661E964AFB7BBE5B55363B4D
:10FA8000945D0B8A08F5788FAFF120BC2AABF54E58
:10FA90000F1BC96274595D83F1CEE2AAE132159958
:10FAA0003CD875D18DCF727018062A371A206DE3B5
:10FAB0003CC084FD39358E4EE59FFE48D9C2ED50DD
:10FAC000F9FCAB9C1403742434E24A49EFB1AE252F
:10FAD0005CD671034A8F34CB987434147A1CEA8D47
:10FAE00091DB43AF8CD2CF9AAE9C7B16E09DB604DF
:10FAF0009BD15F90BF99226C4B69EE996551CFC93C
:10FB00003413837D32E5A1E5F82A93A7D77BF57BF3
:10FB1000884C4EFCA205AF09061F01F60E6A442F61
:10FB2000EDDFE31AC84294E15A8B363421EBAFE0A3
:10FB300033AA731595D8D578D3BE9BBE8966336E2C
:10FB400058E301682142A7C902A4B5A3D8A6346C22
:10FB5000FD4E693374879BA5D4640B0F6C791A5AD8
:10FB6000A944185F88C515643030192C58847E1458
:10FB7000E2A776CBA212027CAB00F55BCD3606DBAA
:10FB8000F4C6DE0C20FB663680F3D8FFC73F66392B
:10FB90004C2C35641A196B5C610DAE8E46BB9C4CC7
:10FBA0003E9E5655668E4BB8E5A7EBE96ED7AB1077
:10FBB000F86B999F3AB32B5D34111DEC0CB268F6CB
:10FBC000A6FAC419E7CE9D741F2D666DD6F6FB41CB
:10FBD000A25CBEBC65A6BAB2D282F1E47C9BAFB097
:10FBE00044EC32A77916224CD204C5D8AD1EA0CC65
:10FBF000CD46517DCB1B434830342CAC89BE0840E8
:10FC0000A89EDA28915ABB0076972F09457CE2130B
:10FC1000BC01A972E954035D5C45B7182804BFC54F
:10FC20008DB45CC48C569485870BA7398B6841BD15
:10FC300049A92FFD965CCE7F864335E54667F03EA9
:10FC4000C531AAAA388CFAAF8CB7A38EF06CE267E4
:10FC500049B64A16E576094633B37B57C956BAF911
:10FC6000708A48BADC697A1320391DE0C085C45512
:10FC70005467C30D927941982FAB32DE370F693745
:10FC800087C15EB766A4C36FF1F8E4739EB5D40E66
:10FC9000B544CFDA4DC8E435C45F8807A15AD9FD11
:10FCA000071B8F50B52A796573F68EF7CD35F3EEC5
:10FCB000F23D30624F91A4DAB7C1A2AF707502373E
:10FCC000FE248E8BA03E7BC3BCEAC8C4643FA28ED8
:10FCD000BACEBE6DDCC3502148B34289D835CC8C36
:10FCE000C50668E3D08D59D3F21B844957090D7EB0
:10FCF000C954FA39A27F249D61003D5ACFE374A410
:10FD00004FCA013FC85279DD66F482F9A8030AEFB1
:10FD1000B0DBF00D59DCDBD03FC38E0370B30BA416
:10FD2000283DEADED21735B7C08F46F8D618AFC8DF
:10FD3000416BAF916598C1BA1BCB5FA0923B03B2F8
:10FD400056C484FF61C0FC92FEF90C9B0F03BC916A
:10FD5000D33C26BB410589B079B884627F0C707FA3
:10FD6000A357E99145DBDBE716555B3F8B7DDB272E
:10FD70000B7E937DB1CA58B354A09D0BF45892F4F6
:10FD800096CB449B47566CFEDB8E87636F9770540F
:10FD9000FE9EAA286E37AECAB94477A20986DDDB7B
:10FDA000A012A16BEC840E97724CE40EC2013136A6
:10FDB000BCD87ABB982CA10DA898BA75E9CCE852AA
:10FDC0001FB89AC5D0CAFF486C54047C9A18041115
:10FDD0004A5C25F8B2FD750E0E7F3673AE7353F88C
:10FDE000E6DDB8C3E7E29C75695A4CCB8C4B657B6A
:10FDF0000385B873DAC97B44C8CECB504271BBFAD5
:10FE0000DC32F21B4FE370E6F487EA58793206C21F
:10FE1000D8DFBE967956D97183734F0563071C7E70
:10FE20004D64C123F77AAAAB6CC555469714D730F9
:10FE3000C8933955F30DC1ACC250D11F1D92B03FCC
:10FE40009AF4C5B737BD1B6F7708EE6A8E27D98342
:10FE50008A08C11446C2165AA3E2C877709203C634
:10FE600074AAC3567745D2B8AB3D0309F1607DB89B
:10FE70004E12414C7D87D2BF3258BCE8F460784FB7
:10FE8000D274DE35CCEB2E5FAE08289A3196DD4B6E
:10FE9000414F334D86A4C719B5333458E44F60E55C
:10FEA0004BBFFD9F3A1F1F6F975A938E77EC9ACBEB
:10FEB00058C2D95387333EF7989637016905051E16
:10FEC000203F2DD0AA37E3CBE45B82CDA1D44B51A8
:10FED000460033985996E0A87D154BD04CEE239CF4
:10FEE00084E3CF8FA4A6EB7FCD864EF79581636424
:10FEF000FB4CAE04E2506AC688D5893C31C6A5F6F3
:10FF0000D11B4753394DB94B0E80B94457A0535CB0
:10FF100078902474D233F7E83A634CB26D4345C607
:10FF2000FF500FE08586417E276BE4B9ACA3BDBDD1
:10FF3000AE161018AF0D10D2202088EA4CF41B6BBF
:10FF4000892014689BBD926BE7A33F462948F26B5A
:10FF5000D501903C3C8A6914371AD6377EF6F89C56
:10FF6000A380AC1DE47E87B1CDA09079DFF5351B71
:10FF70009F8B7883380474D1576A39744E16BB0C42
:10FF8000E0E0A898E5ECB02516AC77C1AF5509665E
:10FF90005232ECCDA82FF8C92A1505070F7C3F6F08
:10FFA00037201E5E1EF808CA2A056867BBEC6E364D
:10FFB000D9880CFDFA21AD155B63D11814B53EACA0
:10FFC0008496E0F4149687A9FF6FEA24B87BCE2AC2
:10FFD000FD70F0F25508110C3A94D5133687D8DA33
:10FFE000514F30D4D2588ACA63AA8EECAE87F0CD76
:10FFF0008CD7A24C035C95820B4D696143A934A652
:02000004003FBB
:10000000B1A3EBFE0A481063BA8ED922C7F66AA7DD
:10001000073D205F1C3F57CAE2050F261A3A6FF5CD
:100020007C3517AC7C0931BD4BF64E52AD5FAC6CE4
:1000300068637ED2E66EB472F17F174D1AABDB7F38
:1000400026AA0A67E59DBCFD3FF347DD3EF0D1A738
:10005000AA1C4DC87FCBDB1CE7134E5054EF879D85
:1000600094C48CFB9975338434D3F14C630DC8B5BB
:10007000A6280F21DAF289BE9A5E1AADE192A45F3A
:10008000126EE60E1E397191523A4A3CB49DA31E7F
:10009000E876407028E3F1261432D70D72F8188DF7
:1000A0005359347FAD6A148AF30B7A66D098EE0FF9
:1000B00089F57EDDAD57C18CBBF57A2F7784B8E327
:1000C000017D4DCD9F9FB7FE012D42A08E9C668184
:1000D000187CBE298F5FCF37FA5887E3F3A7CE4647
:1000E00009AE7C55669B4999D97E2743C5EDEE55EF
:1000F000BF05221CF26C6487190BC394B041E05118
:1001000097518EF948C67C9428C93306F266A0B38D
:10011000B3A1A0DE45C28070A245645FD1E657FB63
:100120006F5D99ED1618CEA45249500D463E1B271F
:1001300016CF5705BAE35F152E22032570EEC28055
:10014000914781F91E431D5987C85BC5281961CDA8
:10015000160C92B1DCE560A89D340526F0AAED28C6
:10016000E5BC6786C8EF2B6F4EC4E4F75367133DB9
:100170009D7E923C571AE501D921061C12897D9378
:1001800011FBCB78ED42354665C361BECE758B9FC2
:100190001759E0AF5EC4EB52DE52CB1C819E384C47
:1001A0002C3DB144229DB203A2BEA6AFEF148EEC4B
:1001B000A86134D4F96A08947819DF09A2E95334A4
:1001C0009223560F999230DB4F2AF69FEED03013D0
:1001D0003CFB352F4AFADA8BF9CDF4171B7266FD1A
:1001E0006C9D9B3850EF0FFAEE99E30975E1172EDD
:1001F000707DDE68E9E1D1397213C3B50AECF0CE47
:10020000856566FBD483ED99690461AF6EA697E2BC
:1002100087E7911BB705271B206542B8BAC0774B0B
:100220000250B4E51960C47CC3A9B8A96286C50DA3
:10023000A3819A282C1AAA671C7D625988B83B1C96
:10024000A5C1114C8F510B19C0DC2E4B80507EC6BE
:10025000C161497DAC54BE185514D079F022EDAE81
:10026000A2CB0B2B21B07F188DD489389EC6A11844
:100270006749DF4D775F614ACB97F131E3BB0E3DB4
:10028000127386B7D9A0D7969C868E37A0040684B1
:1002900095FD939314DC385AC291823C025E581546
:1002A000A0D18CA86914EDAE3624677C8775B2BDE9
:1002B000548ECAAC61D11F7D1CA8B662067A938E9B
:1002C000CAA54CF637BC232F04AD846CC99DBB7006
:1002D0007AE301B7EDF45511D00219527DBF223EE9
:1002E0001BE656FA4059AE33AFF0EBC433D27C2F45
:1002F0002214309746165B4A0333974D558EAD95C1
:10030000B561D69359288B860DADB8821A7D47FD0D
:100310006460C01818A436C84EF7FF9ADCC643487C
:1003200071DFAD836EC7E191D7D801A02406DC3F11
:100330000F70E92EBFE1B1BF3B6A607E9740465324
:10034000CFF5D4950FC7C3FB8D0F89244A62671977
:100350008E7BB8284A5EC3856C1B41CC81E8308D0A
:10036000E8C4DBE6EDE3AB6A5F2526A7B2B30D4E2A
:100370000AB1F58BE14340E8481337B5192A9720B5
:1003800050348D4A5A3C9C831815E238198F22212B
:10039000D97E72B235A5DD307A5CB0AFC324771B4D
:1003A0000E950746404EFB8BE6A7B3962DDD1D7AD2
:1003B000D431E416619A02270C6E98FC4FB2249E49
:1003C000175184133190322DDA97FB1DBAA776C5E9
:1003D000FCCB5C703298AC757339027619370937EB
:1003E00044AA96DD4832A2D283705A161A2C8BD0BA
:1003F0005C5CD2726EC20DCA4BB571EC1424A7A41A
:1004000015AD5EEB8976A5E7559DA6314F5580E287
:10041000A18C0EB72BA93C277AAF2ED4302EC2E682
:100420001F4F010397C518D15465821CE189DAF684
:10043000E89E974CC70FE044444202DA20B3E852EA
:100440008F28D1EB1947237DD7908F4C235E77F609
:10045000D6F0E59A5E78372675A7E759CC9D8426B5
:10046000F7AB059F0AEB8E71811BB0EAA89B45F4A0
:1004700010964F1CE6D20C3FFA38FFE0323C2621A2
:100480002759026BEC146981760234332D7E7D107E
:100490007CEA99F0CF7D5466462761B638BE7FDF8F
:1004A000F4D8A422A988139F1909DB4C60C87E05E3
:1004B000873BC582C32C29205812813450E0AF44B9
:1004C000621DE5DF5FEB0DF3557EE5F3610F5853D9
:1004D00052ED36E92DB7DCFEFD54FF95FA41BB0223
:1004E00061919B11A8E3AAA2C005BFC99BC64C1588
:1004F000DD3F5563623DCDCC5651827E2DCA1344FB
:10050000F3F56539101520F8857D78C21D851D38F5
:100510007E4D7C5A8FE1F86D36A4C85531A36FC269
:100520004BC85CCE8307E13824FD4A0801DCBE429B
:1005300093C77E667AFC100B1D2FA6BCDEE3E7E9AD
:10054000DB53C07E8FE6CF922544192E773B4C01BA
:10055000B9B4CB4B9CB0AAE29E75CD79EF92F61C54
:10056000D00C44C59759590361B89D6C0B7AAE3ACB
:1005700065F0F99C0BE52F202AAF098FF53F1CA7EA
:100580007BE42FAFC8ACB1572B24A24A943B30B0C8
:10059000395CEB14D99F52500E3947E48B1A5FDA5D
:1005A000A15BB1E5A1A90B32078AC136B1AA822BA2
:1005B00070F6264A5B6E63144231338B18B54D0CCE
:1005C0004286BCDBBB15B9A4839FD6C926BB9684E3
:1005D00085CFF5E4C24FC8733A735745EFCE05CBCC
:1005E0005024189927623AE703ADE1D408B6B2A1C6
:1005F00067306BB8BFC553CA6FE914FD1108CD95BC
:100600009E10A518130384C4A80B1DE76DEB21E809
:100610007A90604C3F821202B1C7C22EC0855282CE
:10062000E49DFE7B833655CCEFB35E4EFD504CA46B
:100630007A979DCCD4DC9009F8B890590A3F28E00D
:10064000BF2CF12EE3FD294EA9B15EDC7F4F04AF34
:10065000972536563001DAFB4841E97D0EB48F7B91
:1006600086EACDF01BABDF75DFB01649D31BE31D67
:1006700075D81690B318AB1609A1500ADEEBE7F057
:10068000C16550BAA74B1AA99858FEDD4B84086281
:1006900044EDBA91A19214E533CEC0BE8948E4C7B7
:1006A00092415A311C4FCABB2C4BAAB6B0B2E3E2FE
:1006B000842907AFB667F5CB22418A6880933168F9
:1006C000A370545EF21973F81A9F213AFFF49EDA70
:1006D0008FAFC6A03D2D1098C4C6F894CAB0C5739C
:1006E000748C6EBEACBAC00E191CC0C128B3BE2536
:1006F0000AC294590118F4D2BA66BBEFE17EBB5D21
:1007000052264AA0F46B61EC547123289BB5E9CCC6
:10071000AB193A863084EAD93F10AB774AAFA913B8
:100720007324B41596F2A01295AE0A53EF67DCA3BA
:10073000D753294768C9CAD7709F1171B2984667C5
:10074000669A90A3B8F8776EFCAEF1487C2C2BBB70
:100750001A82641853DB971C133787748EAC666A51
:10076000EDC7CF942AF4689B0F3C20DF20E3381DAF
:10077000E75BD8C3768FA4FD4A60E81D517FA8A12E
:10078000A73E7E962155958AD97AAAA6D3F21C3720
:10079000FA083FC07110581731F7CFDD26B980B184
:1007A000D8BB0FD8ADB23E4C4159B7E63A7F3E5266
:1007B00027ECB6898F80E4F7EEDFAF14B5A6D3CA75
:1007C00048EF80704BEB4BE3748B2B76F9DD82DEC8
:1007D00048C884F7CCB9DAC4AC0D075F825845CC61
:1007E0007A2FEAA4BF0169C5BE73EED813840BDF6C
:1007F000BD31FE06C55E9A531380A2815017CA0E02
:10080000040D0A1FA0159A37E8AC5C272E2016723B
:10081000EE857CE9FE384B86968B833BD70B7D6C4F
:100820008B030F9CF3BAD2C8315C2C3F46B7EC6DFA
:1008300064DFD36FBF6CC4B60C3C57CB54129E7DA3
:10084000BF991A59B43ADA1976B71DE9961E50DBEA
:1008500003A8DB5A6860406F791C3C3D9101808A97
:1008600068730FEE18D00F92419C4740B0237D89EA
:1008700078B7B5EF4578442D97234FAFD314DBA459
:100880009B72C916CF69E740451C83AC6C65199D06
:100890000E1C7F1384E120204E411BCBC190CB8DD9
:1008A000BCA8A0CBF2CBB603CF6DD959B3B96ADCE3
:1008B0009972D80FEE02BCCA0C5151F2E162517C20
:1008C0002E16556222D8C47970DD1EA40B06E7D01F
:1008D0000A88EA754D3048FBF9EB429560B3B044A5
:1008E0006EB11040524E34B2FDCC91006E91CCC42A
:1008F000B536AAC6F3030F6C8E5476DD60433EE92D
:10090000767B1EF6256F32DB2B861BF3678A341449
:100910000E26E4C7D7B86358830348E30AA44F25DB
:10092000FA6B7F72BF98F5753A64C13DD9FC6F8848
:100930009FFA6D1A7B7550279073CCC9202D48996A
:10094000F73B40A17FF42BD0318E547F0846CD1762
:1009500057A63731502F0E28CE6683A5CBE9DEE6A9
:10096000DF84803EE814845B359598453B1DDFF2BB
:100970000BC876C12F5BCA0CC2F4E538D1E16C43D9
:10098000696A44307F612EF10FBA61F549D3F1AE47
:1009900041E6B930BBEED932C3C93EB71986ABD3F5
:1009A000D121ACEB9BD1997FC34C1ED62936139C29
:1009B0003DF40E161C401E29EB89DD2CC1DB353BB6
:1009C00035338F84E3EC2EAD3806CDCF4BFCC2B669
:1009D00004EB741B2EE1528D230F958A8DDCEBF70F
:1009E00066816050541A1D6A4B1CE4789B40113993
:1009F00087A07BEE000AACF57A7F5ADCDAA8A2A1C8
:100A0000A740AB636484D23D84AC02BBAB8AC8868A
:100A1000A5C9A45425C1F7A9EA3C765EADFFEAAAB0
:100A20005D8201E9F3A9D4BDF2170DFFE4EAB9E450
:100A3000D08C23F9687FA12CF8BE89A634C2128617
:100A4000CB710305A22B8BFE3697049B5725BCA9BF
:100A5000CC3165F211F9EA7B94D9A3654FBA1C3702
:100A600085AFB6E14B6CD4D419BF22A104C041C4F8
:100A70008B56B7487F265D2F5C5749DDB5A8987D1A
:100A80002EAF2367B07E086E3E0017EB54F574144A
:100A900072EB0AB98BC62E6002E984FE135756EE3C
:100AA000C131D166859CA4E935D45ABA5F4A464023
:100AB00081F4983F731031027E4F34D88AC74FDFDC
:100AC0004860396F98E544EFFB825D0560E5A9BD9C
:100AD0000FFBDF8F7F0950FFABDADCB2BB9A569772
:100AE000C8599B364CD87849C2DFA8795477E65567
:100AF000F6A9687E2CB13F8104B767516997C0930E
:100B0000C4C37E26F84AE7BC4EABD215671DF4F786
:100B1000F8B6087DE34B5E025DF341FBA81E675EFD
:100B200026219130CCB7E6DB20FF12F9E507B05E55
:100B3000B05DBCE19850F7C2F94EC020F238097E92
:100B4000D27F322B8EC58605C875B27F4430BB92EA
:100B500005483117A02C064BCA5153A4435DFD54E0
:100B600013412A82060A49480957286BE2CA370C02
:100B70002749E6E71C51FEC911BD5A070713FD1BA3
:100B8000807C0F62E2DECBB034D29EE7C217E20671
:100B9000215A6EF5276795150E76F4179EE1C0175A
:100BA000070C388912C03CE5251EBC11D18F6C2280
:100BB000257BF8EC37974066C48899F36560059209
:100BC0007C60B301347239E32FE23592E8FB248C68
:100BD000D120D55EB7BBEE832BE5C5694AB4B7C754
:100BE000AB71EAD08DEFB02F0E94F62C36DB20BC23
:100BF000368E465308E7CAA6DE82E5C3A4BA713C26
:100C00003EEB05A9BEE7D3BDF530CC068531FE85A8
:100C100069009D0932C669A651F7FA8C63E82D2751
:100C2000B2DE8A91D7751D7CBBCF490907F5038ACF
:100C30002591CC67BE5636E4F44F76C22A3C574E17
:100C40005338A762D9C5E269A3B72B014812825C69
:100C5000000B049D92CB8A9D65D053FFF18D381D0A
:100C6000F5B6EF5D83C0EEA40C9237A97BC05A3570
:100C7000AF9ECAC0A9533A449F366E65E559CB640E
:100C8000BAAEFC7476A8DA2C72988F873B8E13E587
:100C900056C9989B749872E5E0FAE3BE3D12968AB5
:100CA000D0BFFBEE32C2ADA98E57005562448D8C89
:100CB000777258860F196848B3990C5586692218BF
:100CC0001DB43DCAC53840FE530753F965E966F7C0
:100CD000777107ACFFDB02244E8AD68D06DCBB376A
:100CE000E85E79DE05D35033BE15FF0E73D078C7AA
:100CF000F964E383A0DB1CCE8B7E61FCC7CFDFAB46
:100D000009CC77A7F6807296746DB4EDDCA1A1943E
:100D10000BDDE87023B99FB40A4774E1758FF39C2B
:100D2000DBE3569264BC76175F351B6DFB9068154C
:100D3000B580B8EB4EB87D254AC8444EEBB9D6BC59
:100D4000CDD5A93B32AEDD0F2C6D40FA2AC2E7F1BA
:100D5000A99F9792B08724A883A54AFA148DC3BF90
:100D6000D4B957EC2CCA47B1E95981692EC1B21EDA
:100D7000657D3D21BE7F3B1B2603FEC2DB8F767A5D
:100D80007BD3484D5C1CA5DB9A355A87B2C46530CD
:100D90005B2AC835E7EC6DE5A0A8AE62DAAB1A1F96
:100DA0004F24E462FDAAA5BC959B214B860A635A99
:100DB0001E0AEFFE0A2A70A7EDC0098246F1E7E39A
:100DC000F485317DC6339987C49086121251CC1FA9
:100DD000BE4C5D1FC04F6A2A8946D35FCFF001C564
:100DE0005B2EAC8E29B60339D5DCDF6BB4E9C9F0D4
:100DF00050C433A37FB1DC9E7EC9315BE336A608C5
:100E0000217AEA8AE3A212CBC8758345FFB1984DD7
:100E10005B5AF57DF1911900A23B893032BE220365
:100E2000C08D73E510F33E9A8407FA518AA38BF4C0
:100E3000CC2756684F60DBC62B9BFCCABC40AD3E3E
:100E4000A8CA7F80CC4FA71937A611E9FFA279E085
:100E5000E07594CF4A7350DB5EE27789AFE7C5D582
:100E6000A55F2E2D32FF0885E2CAAC43069C27A55C
:100E70003BE2BE75612FD8BC905914659DFDE161C0
:100E8000E41346C9207EF325B50CAF32D47232EE9E
:100E9000027CEFCAC983AB7E990ED38177D8548385
:100EA00006108267692BFA440D4CB103F4898C1E3D
:100EB000CD6B13D6C7BC263D719777E0996508497D
:100EC000CA95545835A385F8FA32D11B0D49A6901E
:100ED000D54DA61EE472BEF641566EFB820B816DA7
:100EE000E457AA64C7E72628657F4D97B5BB1F0E58
:100EF0006B0592C5C379472A949DBFC5C0662DBBBB
:100F0000AC16ED1BD42633A271A21E3040AE65880C
:100F1000A64273042927A02A785BB91C17F24B5606
:100F2000EF7BBE3D5DFC063D4A18CFFC536DF002E1
:100F3000ACEE3ECA4AF646FE14EB899207530B41CB
:100F4000DEC7A024787205CDA613E8D4277081D619
:100F5000BEAA3AE4837EFDBF4832BFBE135F15656B
:100F600064F913773AD1057786B5E06B3F4A0844B8
:100F70000686ABCFDBC4872AAAD991A7C0B579640E
:100F80003105A6D85694E2B58A93C466EFD73100EE
:100F9000117EBBFD4111590F48A7E9952D69B79006
:100FA0001DD1482923A80C10CDA01275099116E077
:100FB000F210EA4E50B93386410EABD6E8391472BE
:100FC0002DD91DD67638BD3DF234B1BF020EB1CA5F
:100FD00032C9822ACFEFB68FF12519073F11751C50
:100FE000D5E0901601C822CDEDA8E7A4654884E5B8
:100FF0007C6DAC51D9C73CFE3B8239BE2E03401BF1
:10100000526E667F59DEFE0BD8DC8B2594BB4A807E
:101010005458734228D8A3DA4E6848D7EA65C9AB5A
:10102000F36EE2E016B52D5E9DE3DBAE4513793C31
:101030004AAB08B391E0E65530B42D2D34353FDE90
:101040005C44F908D3177D3A6ADD46EEDF0D87B4BC
:10105000B6A04B58068630C1CA35241407218759DB
:101060004CB1D0788FD129C4E49AF2FD19B39B33E7
:10107000E481D70DFA9B24383947AC7FFF83AC1B42
:10108000ACEE608805299273AAD16E14737E893DF7
:10109000E7BDEBD341A89BA467B64839D35ED8809F
:1010A0008BEA49AEF0001D661870015BE617CC6252
:1010B000C92607F460E350207966AD2AD03F144F6B
:1010C00038BB5EF00CC3D585F1DBE51C9316BABACC
:1010D0009163B75C87FC45EE9FBE750310095ED235
:1010E000C532742EA53F92F66EF843360C082F8554
:1010F000B35098DE727158391F3B3464D980E5CB08
:101100006FB6E369AD652F7B800198C3F582B4C4E7
:10111000A6C96D74A4914BA29184936CF312051D22
:1011200062A19A8E80620B45AE8905684BFACB00AE
:101130007FE2A1FA6051C185EB779C06F1D1D3899A
:1011400055DE379667A481DE804D2DC3F60F4AC168
:10115000500FD8CFA9C0804E04C7F47D8355AB890A
:101160004CC69E752AA7C1B67EF7F0F79F2E498E12
:10117000A9142AC1D94FCCE8DD9571E3F425752A6D
:10118000E6CA013AD5B3C1A42A1A8DFC7FA3D92F90
:101190000025FA96E42C3A7C111B74D97153D38D37
:1011A0000A0ABD268B2E670D1F3A88F77D29653DFB
:1011B000A5AE6E39C2046DD9815E0B3CC1407D7B0A
:1011C00063AB47696BF1B44369FD872C4A2E7819EC
:1011D0000D48703F93F7AC53BA29AF73FA67645365
:1011E00090E0B464733020725E27AAEB6C6466BD35
:1011F000C4B527CF9610A569C587A6B65330593711
:101200009C4819C17441A0CB4F8EA0DEE2E917952E
:10121000A235C33348202E4C9D2FDD0DB6857C6151
:10122000A6D137C13145F8B99F08EFB387E99905D1
:1012300022854AB2582A3C16F94CF2826376E9B309
:10124000CE6C6DAA3B229D188A9D60EFE6E1C4E753
:1012500078FBEDADEAC1E0F1A950458AEB0A266FB3
:10126000D8F4DA85B27FB6975E9EBDF6399D6CF6EE
:1012700060E173BE2F90BE95507C758E4930EA8830
:101280000043A070B713C091315A2750380B5DED61
:101290004222C7CBB0E8F49011A05838D5C5626A95
:1012A00014E71DC19324D6AD7FA685ACAE45BCF92D
:1012B000B6CDB0649E2126EFAC924183B51F1E5976
:1012C000147A0415F5080CCEB49A4AE44A1E5AAAB8
:1012D000D8B8196C5D5087F342ECA338ED2E830526
:1012E00048B799826A465A3D48B0CC3F4F6CCBE232
:1012F0003D0B340131762B61E52EB04046E8253CAC
:10130000102778D3288C5F1A11C3A32295B32A2BF8
:10131000A4D1782F20DB6C4A8172BAFEE37506896E
:101320002E19D67B201C91C37549A26BC9660E9FEE
:10133000B56CFE5240E27B5C36586C5D906358D2CF
:10134000257D59812E77AE01BC5DA5C69D8368754C
:10135000776DE757B2CD7FD9390A2ADFF0389B4E37
:101360002D259C37A4E815F3D86151E349D4C42452
:1013700087CF4C7E63A3C97FB075CEB2505B95EA30
:10138000B6E6496BBC1126A958E38F050290728C12
:1013900096B164C48F5607B8E9C6D6FDE8561CC698
:1013A000F64FEB023274A8D7200EDEED0891223EF4
:1013B000BAF5319393466A9C34C495AE510BE07DE7
:1013C00032130D3B645E62E3C33AD55781FB176766
:1013D0003FB5CFB0F7076E6AAF45FEF017EC16B514
:1013E000C8F1A0281654E82B9F3549B37A6D3AB25C
:1013F000EE73597B0C4E0050F8E00D8ED71D24374C
:10140000CDBA276714E8297467D4D97B9D90F24838
:10141000FB2283A0E2593E92CD665727EB3B47FA69
:10142000D6796BECD1A465141848AB3BC0E9FB3FFF
:10143000E5AF419C5D2DDF1B54954F7F6CF2787BAF
:101440000DBE1F9EE6527928E9803857A4EA9AF724
:10145000461B7C4F64C0F02E98D0819B1C38A16441
:101460006CCC5E9C1CB9AA87F85AABBFB5D6117478
:101470002E0F16257A7B8D82E0E65625B0ADDF165D
:10148000A7FE5DF4FEEE0A12794708B23993527155
:101490009F6B5A464ED8F90063E0691DE0370EE8AD
:1014A000F427F0CE1A86F9A4A4B41BD1C37CC515C9
:1014B000D3AAFF5ED334119AC040FAB3C59130C0AD
:1014C000DB3885D67007C9A7418CF4B6E8BF13385E
:1014D000C9E4D3E662D3032CC41175BB6DE56A364B
:1014E0007CBC08B250C285ADE9BD9AF2EEBFBA65C8
:1014F000FB67E1B16B9EB5694876529895F7550F39
:10150000255A0BA919C92119BEEE71D227449E395B
:10151000AC29C4809E8BE98D37021A8F71FFE7C416
:1015200067FF2DC6D02486941F1AAA5F810CCBC7F3
:10153000A7E185DE38AEA392E549A56FCC827C1A7F
:101540002F13523C098DD5C9B866F91E9EF8046A5E
:101550004B960B2E137EF65A2DE06579A01A38F2C1
:1015600082BDAA46AD9CBC7DC4F361BD4CD52E3D69
:10157000A50EC1DD9BF8066CD56F1214A3D83F26CB
:10158000E58D1EC8C94F1E4F21EB83F58FF699F7E5
:101590004C0D0D9A99123FA46BF78B6B9A387271B0
:1015A0002DB00CA9DC26F7410B7A43C003FE297845
:1015B000CB219044B39FC3254EFA69668D77E62B05
:1015C000E08172AE58DB9CC4202F92DE3EC6EFA3B2
:1015D0007583EEB9BFE893531F646FC9D748875D21
:1015E0003C2A41743559CE77CF500EB802973A9CB9
:1015F0009D2886F0E982BACC3ABE7480B13F3CB6F1
:101600002098EBC1F570922015019D1BDC370ED997
:10161000DE91C613E6D0A655686F80AED7D20D27EF
:10162000890648875BB7AB52D08B24A1D1719C67E8
:101630002F268F7818227D92CEF5A7AA293521CAA8
:1016400039B6EBD70033CBDC83874E3ED8642550C8
:1016500077598E75E8AD1C383C0823699E1DDEB0B5
:10166000439BAF4D6C2C58B2358176C324C46BB804
:10167000FD5CD06410CA13C8480949223FDAEA8BDE
:101680004CCDF00E5DBF5502BF91BFF461A2C80DF5
:101690003ABC2DE297150B05A68C1BA680F0516A6B
:1016A0009F0A60414884D04B7D1609012500FBCD7F
:1016B000C6331D41D318B73386264B23BA7FF69F16
:1016C0004277789B3E0EB4A91BC5C0B3EB2A7D1AA6
:1016D000125C002F31379C21FE6E41288B1F5A2946
:1016E000FEAB507C11BC7D00E224FBAD54AFA816CC
:1016F000B72CEB3458EF39B618384408CF187C3D76
:10170000AA21794BA8714A1065FBA9CFA0E638B28F
:10171000E2B9DCE5848D0C1C4D83D3EE7FC6EE3739
:10172000EE1687917857AD6F120E3BCAB09AA74656
:10173000EB1AFB05ACF57A1955578717D7F14A22F2
:101740003E29E81D9AD4927276EC67A7F66A0542A4
:101750008DB0EAB22450D190373893290C384430F8
:10176000AB83E2B033FB3E0D211ADBA0D6A62FE8F7
:10177000DCD713B04539BEA0D1572AD84C84C51741
:101780004993E5E9CD172A1EB4144BF103122AE55B
:10179000724AE83A74B2A62EE674F405C71373AF22
:1017A000F6E2D0F7E801DFE608C5DDD1689A4F2DF3
:1017B000F0B4B8431A6C5166A5AC85BD4E2754C52C
:1017C00075407939F2F966FF116F4AB1802DF187C2
:1017D0003564D2B55CC4E04CF40A84BCAF3386E710
:1017E0009B61BD7C4CCB763D45674C033C10B2A65B
:1017F000A72F02CAFD2BC84A99E2061CC38B680BAF
:101800005C87AB2E417AFCCF981E19B0E8F1B38209
:10181000B596DEAA62FFA5FBCC96E7F8FAA7937609
:10182000F5A58AFF85B5C6DF972DDE4CAB9F41F944
:10183000323A55C598819D6F8A117469E24C949330
:101840005EC5C2022E80C33BF43464EC161A75CF19
:1018500064D56A81817B1FD3B761A34E1BF874E600
:10186000970818E6A1BC2272002AE1AC7236C9338F
:10187000751481602B4B9AFDB212CA0F755654AC89
:10188000EBE18DB99E7F56B876008099E7FFA758A7
:10189000F6C1C1D13D31E6B884E51C6089F8CF0CB2
:1018A000199234599FE23F591C8403FEA64AA8EAC4
:1018B0004744587089E4E3ACE407F506DFDA13AE79
:1018C00065941231D6ABF818C58BBFAEB2056795DB
:1018D00070B440B43103EFD92188612F26148226D9
:1018E000A137B1C21127742E1F155CB43E30ACB6BF
:1018F000A9EDB737FF234B3AFB71FA4E5FC2E98679
:1019000069DDD42289B8E8C153665EA88F8E95B18F
:10191000A607D2AE5B8A650985EECB8836BC687AAD
:101920004283D7038DB0B595E3AD63A723BE39CD10
:1019300081A65647540ACCA778EE53EBFBC136314B
:101940007063372FE7C5F4E3C8BE414836066E869C
:10195000BAF10902202054E92FE085F891EF5C0CE0
:1019600013DF0D4EB94A02A1543920B86AD85F5E20
:10197000B9CA2C7122C6EF8D5AA2C5F27F68EE9BC0
:1019800003DE25EABD8EABF6CED81750D2A5D6FC25
:10199000FD50A060E4BD5365B305DF3388F429D161
:1019A0009D18DB5355F396B936DA4B692547B15A82
:1019B0009B440370A33C38BFE35D479E56FBC67C47
:1019C0009EEE3CD531709979863B79F1DB71BDE5AE
:1019D0009CB6B0C333C8A7734AC30D4E91BFA06174
:1019E0009638F82EE72BE46BA74AC866211F3CC047
:1019F0007AA4E66EC642E5DE19AD84D78987D49B0A
:101A0000AB48F2577D8A32154BCB78D317CBFEFC0F
:101A1000C547E35339039EABE291E666A3419E1DA1
:101A20002E4B5E9775156A462660B31A9C3713BF16
:101A300005B3BB84CD145DCA025B8B8EFBEB608368
:101A4000FE4882FA2ACBAC51071F5F1F01A54A341A
:101A5000F6FBB64FCCE2C04C3D72F28C6BBE8208F6
:101A6000686BAFB047D026C8E5FFD9B3E5B9E2F15E
:101A70008E38BCCD30D05DAAE4885C02AF5422A57C
:101A800056EC9A0B06F3A8E553DE2E8A53AA73018F
:101A9000983B51635F64C02670304C482963122123
:101AA00052D6D6831439E4D99F3431D491E3A0437C
:101AB0008BF3BBCFC07697E21D08751135A7DE1EEC
:101AC000567AA440044F0B37A7380D594D0283AC0A
:101AD00050AFB6B8B362F9CDB98AE2FB665AE10EEF
:101AE0006D4C4F6D03E77C4D0A778FDAD5A192E4F8
:101AF0006E05F4409611346401AD7A61D837C73B66
:101B00005AE8D256235DC3A4AB7DEE2129331A8C4B
:101B1000D1BAF1AB38988841F252EEB967626F6B77
:101B2000BBF76C1EA2E5747A6035C0E30764321817
:101B3000A50710EAC9623BC976DAC6FF633ECABE92
:101B40009F6ADE89515066FC086DB1D31377C339A3
:101B50007A1C57EE64304BF6D2773E3A7A1F1FB2AA
:101B600031C9FE3CA1EB32493AE3065B9A3DF14CA8
:101B70000AB1FB53B038C9F380EA8C8A23C74FC03F
:101B80002C86F3A22C4448CDD1FC59530A39AD7CA4
:101B9000C30C703C1FAD6871F738D80E6C739F7C16
:101BA000A46C0F4C9B48FDB46D3F31B9557D26C6E2
:101BB000E3430AC5D182709F20ADA2D61D235FE505
:101BC000406B50ABED74205C0855F54DE81712AF33
:101BD000EB7099595DBA9FDC2ADA782DDCA4EFD43A
:101BE00028867374C298A59B22C34C1C335CED22DB
:101BF00004A56FB8552DC482F8D0559EA6ECDC25FF
:101C0000F3F91C6DE9117AD9AC821F36C4EC8AA1B4
:101C1000449254AB913728E93188D93BA049F65218
:101C2000F8043AC1C9B163D2E224740D8C9C945A71
:101C30009DDF6D6EF146AD0F3C35A974A9B68E02DD
:101C40003C4840D867764C0577259EA3D99B4254E3
:101C500087CBC5CAA18E1B78CD48AA732CEA7AB46B
:101C6000CAEE99BCF1E1C5A039D5693F3C5C54C8C6
:101C700019362FD26A2A290BE8FF743225504C1DE1
:101C8000234517D640242DF6666FB657D6720C7DC5
:101C90006195F79FC14876CC8CE66CCC5E01EBC6B3
:101CA00083D8E644C87D4A8287CBED9CE75E401628
:101CB00091DFF71B64ED32CFA9175190F5CC9B0A49
:101CC000CF453930DE437B443AA9FC0EBDCFD81551
:101CD0001E01CEBF44C06B6A4C43F28BBA1FF85151
:101CE0005874832D7C2227F039E440A836EBBDF4EC
:101CF00024B03FB568EF77619311E8D31BDB402533
:101D00007EC95EDE9B92FA7C88AE7A1C78FDA28E3C
:101D10000F2BBBB57259FE475AE4FB00CC9149C862
:101D2000B64DC4ADC3B586D51ADF999FA4AA647613
:101D30004ED0EAFF215712012C3D1C2B16C56A8696
:101D4000F03343ED12FFAE5AEF17B559A7601453A5
:101D5000CA7B711214853B3585BC3CFA8E5C52FF00
:101D6000A2552D9FE51B34B3560A39D2FB6CBE6ACF
:101D7000DA8A7C4CDEE0B732ACD98BDF17E25CD379
:101D8000F4424A02C75C56881E392731996795D5B7
:101D900089FE44586BFD0F3F378AEE42B88E30D330
:101DA00088897F1A2091157B89D2945559F6B210F3
:101DB000B7D091757FC02447F1AC37FF885F3D26CF
:101DC0001832D5240A707C88B8EE7E7EF45E89993C
:101DD0006C0440C48BDE51E176A9CE0F6B494E1FD7
:101DE00034F89903982A02C239A200466090D26B57
:101DF000087E20711B3417E7C591D5F76FC7B973FB
:101E0000B958B1D49EE84DAEA8EAD3D021B32D9FE6
:101E10001A18C911F5A7E4E927F4B678B3175C8E50
:101E2000B1D90D27040A9DBE520DA017D4FB7342F1
:101E30006010A8A6BC625A1000891047B83874F820
:101E4000759B8B4583E7037734CFEE5D12AB64C19E
:101E5000AC9F5C1C6CEFAF81F2E37D0C5B981C299E
:101E6000B46158E02C3E569D2E254634CC9969C667
:101E7000785848E47A284A1EDEDD4E8AB1B82EF240
:101E8000F7DA719D50559B100FE798E3CAF959EFA7
:101E900023F72F7BA7CF629684C261FDDFD1637EDB
:101EA000D40324C7C22239BFFDD57AAF157C389E32
:101EB0004C0CA848DAB93F6F29291A8C130694A252
:101EC0002DB1002CC848258D05D6B5FF31ACBA33ED
:101ED000C12586762EA6E7298C7AA21550D62384B2
:101EE0000D7DF6A9C2214727F676C42DE47A344B3E
:101EF0009836E44403CAC2A00D90FF5841CA8694A4
:101F0000F2F8BC2896ED9A346A830BC8284D8CC52C
:101F10000C68F8336061DA0E18E5A9B4329EBF7B15
:101F2000CF483A2C22458FE3B09AB5D4EB39D4C4CC
:101F30002A9CA2B4192D4FBA7BDCEDBB4DA305AF93
:101F40008B6D34745560820675B5F84F29381DBF06
:101F5000BF2FAF1B3B1EB41B4C996BFC7342CF5081
:101F6000C60E2311772DBF3B6DFADA2AB606210380
:101F7000FCD320281F0D5B0812ABAFBCFCF3E5249B
:101F800047EC224B64049EF9250F0837A249090942
:101F9000A4316E602D14FEC7F250691EAACDCEC9C1
:101FA000ED7DDC5F18CE5879FB6F2C1D6BF230A6EF
:101FB00081614D70E801E045C588477E566003BCED
:101FC0006F836479C462E838B3EAEEE731C8935AA4
:101FD000C1F6640FE97FAB453553BBAC2266EF0B0E
:101FE00034F614DCDAA2F8DA77DCCD0FA2ED0D01BD
:101FF00087B7A64AD8330907F5FF645AF0BD16AF74
:102000006244153A9F05C571EE8D6F645AEAEC7310
:102010002EA2ECA4761B70748E47DF82E779E0D79E
:10202000FCD56C8E28BE033B06DFD4D7DBC93D51FF
:1020300054EF6D793A2CB9249D1312561E2E3F6C25
:10204000A2428D5288990426A78EA03233E4001450
:10205000E5C6E0F99B3E2F35F73DD974B1B8E95993
:10206000ADEF98B238BF6E249FD8882948DB540A58
:10207000BB583074E1CEE98B4567DB2525BBD927FA
:10208000E3E70C8883295BCAA49D1BFB3AD023B8E5
:10209000FF925CC49E13330FF534912AA277371C4C
:1020A000A4A5CB0175E12CA439E0996C4B3156EA1B
:1020B0008A121285BEEBEAF585D26A4C8786E39ECA
:1020C0005A25B5F3E5EFCC68340EF88E02D81DBB67
:1020D000468609207A22DB6B09AE9362FCDAC4C41F
:1020E000CFBDE0E9EAEF6D22E14E3DBDECE0C91164
:1020F0003CE19EA68F2394240B5B40ABF3F89288BF
:102100006DF0A864461B017168A8DFE7D6AAF9370D
:10211000AFF6F1578BD966317F375A8599505C44B9
:102120003F84F7BFA7E45545611BCF5AC8C83F6F2E
:10213000675C5E57677561DA84E19D88C3CEF323DF
:10214000D00C9EAE110181CF5B947DF62FD5A504F6
:10215000FB3129F3EC980A132339AEB732C1CFD142
:10216000CD446A065F7F323CF8D4ACDB64CCDEDF62
:102170004A6F13DAFE1CCC5B3DC984EF8106AED1F9
:10218000B47156963F58B97A7E3E3C010F718EC1AC
:1021900036DC9C25218CE5172EB52D12808CA1678D
:1021A000A98F901F2CFFF4A331E43ECC2E932D2257
:1021B0005E13979539E88A363C8C8BA8C96ED51882
:1021C000A149AB95FF6C3D2A8104F205F4EE84B67B
:1021D0000BE6E5FF02D07FD5C290DB37BC6A4A42EE
:1021E00046982C9A267D680B1D44D4A426C8C34764
:1021F000DE6421214F31F27967D9CAEF04CA810F19
:102200004D2E1073A1DEFB3804448DDC1AC423323A
:102210007B9BE70CEADE9F676DFC6121F0E9BBA2C6
:102220004936F509B4DDADC152A4C76BFBE91EC741
:1022300090B87013D1E6E1B14CADEA1751C50F006B
:102240000ED60F6A3A39D7C8E0BB5422184463331C
:102250007C3EE595843853DA4198400E8F2EB8487D
:1022600024E789300C54A93FB39301B51E3366A807
:102270003E6703C1FD090FB20FC8735A5F4F44CCCC
:10228000215258290090BAC72F2EA45E19604D44E0
:102290009FC6FA88E9DEA6E20D6233255CA99FA9F4
:1022A000AA1EC221DA0C2C6CAD5210E7DB21916E14
:1022B000C2C9B06A146DBEA1340800660AC336F7FD
:1022C000F53A15DCB9786B3FFFD898A9BE5E1B1EA6
:1022D0000AA8DAC78E3E8D257304436F6DC78AA5A1
:1022E0002C1E715B09BAB75C162A3EBA41776FBAE9
:1022F00046D7A52CFB00A2884EC1A862AEE602A577
:102300006498B6643A6002818F501A5D28C7202015
:10231000CE4BE2FE325E56B0CEA61B902E41CB9E37
:1023200056022A36B2DFBB8E0B32287B57CC9C017B
:10233000598E9975BE960759D94C36242605981C96
:10234000FBED135FE4A1513694B3E257BCD2747233
:1023500090A2AFA82ADFB3FBA1DF157A38DF7EF8A1
:10236000CEE11A25F6F23F25F978F1D74DF62F0187
:1023700064CA317371B3B15165101EABEAA02DE18F
:10238000A1F9BF023B2BEA72749A9D695297FB82B6
:10239000F5002ECBE6DD8B32E136D309BCFF2FC52D
:1023A000F2B093DB784CFFFA59F05BF805AAB25A09
:1023B0007CCE92873F04560B952BA4013C6670B9E6
:1023C000B48DDADBFF0CA8CCA697442F4088F20E20
:1023D000271ADBE985D63157037682471DBB35B412
:1023E000F9E5A1C3493F360D35FFEC3CFDE8275E1A
:1023F000844ABED7C688442812B3BC3C4919386405
:10240000DB627D6BBAD75120663AF23E37A85F9BFC
:10241000BB70BB6224DC73B6B2A7C5CD0190E05D92
:102420000BA39803F56876BBC5480B463B71043A8D
:102430003C51D1ABF207429FC8D6348C0B05A56E38
:10244000DCCD1C4BD3E6F30144752C76F7EB2D7CE9
:1024500095CA31B1B5D7E0A3A1A22A8C90642CFF14
:1024600041966A3D423F2EBCA6F0FBCC1A6E5C2B17
:102470005A019753EF1BCA5DB8B72AE81249AE5FFD
:1024800031D2112AE12AEEC4B1C8B3113B489BA650
:1024900055DF6A5E6E01E1A5FECFBC5A4B477E4A0E
:1024A000D03DB4E05DA3B1E738EDDB2E84FD73864B
:1024B000B97BA478DBE34B3ADE195B8920F12F046A
:1024C000982D3B1953FB465AFB1613DCE762D718CD
:1024D0004C09C09A6C10D2867FEA66A310F86A078E
:1024E00017B93A6311080530CDD57FF36377073B01
:1024F0005F118FB57E7DB0B393AAADE1A1BE4F76DB
:102500008806C4196D485F49842E4731909C748CAD
:102510003B9FEF65F629364F134EA0ED0AB8946243
:102520001B5C13FF35EC0F5370E4E26D472F18D49A
:10253000872205F1954875C2BB9C63DFE457855936
:102540007ED0CA4DD60EAB4A575B10B19F71B444D2
:10255000A28F498D94C922BEBF97FB7CEDFC9B994D
:1025600065B5EB1E0209D99BF266CB324512C58BCD
:10257000D3EF46F61B319616901C771065AEA8CDAA
:1025800027C31764AD98BD1E546DC99A0F2B005F09
:102590008696166717BDB3CD2D3B445D3F35F2C11E
:1025A000555683747A51B6384C79E034DB699D8096
:1025B0008D8CA4040F3590EDAF095ACF8C11CBF45C
:1025C000AB03CDDBFDD730137FA83F3F926B1FE5F8
:1025D0001D14D52AF84594A028C07301D8B6D5D6C5
:1025E000D4BA38FDFAC2355F0EE516D38D92422477
:1025F000F5458B51923C08FF71A5E54912D903B608
:1026000010FCFB2A880DA4BD65C34AA70AB6670F54
:1026100022C07D55208D8526874670912DAF6CB9DF
:102620003D6DB03E2E831838A37025982C251324B9
:102630005C79176AA692E1F98E057BE31580AC738D
:10264000E93A07DCE83BF4FFD9D0EF1AE6874F26DA
:10265000986878DA8C05719970CBF47B534B40B94C
:102660002D8BA005F9A3FA717E5304C4A15989C327
:102670009E05F263BCC1F8461D2188F65FDD911905
:102680009136ED2D93C0AE247DA94F4057C054AB79
:10269000430D822F3DF79F514AD2BB8194BCE65631
:1026A000F55F41226EFA4434B2994D993994553D03
:1026B000D7FF53B1FA859BCB9F9F48819062211C25
:1026C00065F158D18126B843E38831813FBB46523A
:1026D000ADA0BD3BE456E198C373BFBBB91E9E8855
:1026E000092FC6BA47AC4CE08566215AA6B68BA81E
:1026F000A1A153A8804FA74049BC32391D181D8F96
:1027000022FBDFD65C77E779A1FD662584347B99CF
:1027100048141833C3E506B558D5F2A7FE958DB613
:10272000D64FCA091E876DC0F342DD8C43E5F7CB57
:102730007C890B092FC5B0E4410E022240B4206011
:1027400007D12B2787D51F49CA0DAF2FF76E121857
:10275000694A6A6B56A11B615390D7B3548BD0DA88
:10276000A1EAB375F52B604295487D7EB5C25E3F08
:10277000E8F3E65C638DA6ACAC989B84558ADCC21A
:10278000A9DE9905A1C447B2D9F0B724980106D8AB
:10279000B25321C897C5766416ED3447D5628409D3
:1027A000CDF9ADB8EFD3B518A0A0B2EFFE98B979C6
:1027B00035D3AA8A677FA4C515356B49A3D3D9231E
:1027C000BA34F33D89DD72C1D116A35778134D8910
:1027D000450CF912696FBA311E7D4FC60F35980945
:1027E000144D2332902940594C8EB0680F298FAF79
:1027F000B4B78F66BC0CA6FB69CAC7A5BC948AECAB
:1028000065426051149603717FE6F1713C46C8142D
:102810003FEB448A10511DC7109DA74B881D4D22C8
:10282000E7FC916303F2D75056F64FE94EEFB8112B
:102830002DBB69768C84D4E97EA8F55977704F8CCE
:102840008010889A81D8387FBF2D456084D1A7E950
:10285000827BF28F14A98D0C1050B86FB78C88CB87
:10286000FC9AB169BC0A5A4223249859DBDD327ABA
:1028700028AE96D2434A9463DF253F5FD19026DA93
:10288000D438B967D640C85B22A8E930C3084119DB
:102890008F7999D194F6CD7ECD69F60D93EB9CA4FA
:1028A000ECFAA64F34FFFF02B3F494A7199D867A81
:1028B000323B80E88244E47A1275D105074CD99FF7
:1028C00004D9E1EAAC70B585DC7D405E17AE825676
:1028D000C1BDDA62D181CE662E01DB7A55F3518417
:1028E000741FF83A457A041DEF23CE9F9D4E8A0748
:1028F000A49333D73BC8750D6D134FEA8BEE459CFF
:10290000CFBE23469FC74B68652C9F24F9C915D1BC
:10291000FABF20175E488F8B415FB029A77A88489D
:102920001A27A9A583BA1D09512961F717DF591381
:102930001D38D5ECAB796FAFB679687A74FEAA62B0
:10294000869C8456B587E3056A3A025228C63E74CF
:10295000263DD6B2F363326CF0C018031640E00C8B
:10296000DD8FC94B9257B5FA42705E9AC6B7B7CBA6
:10297000AB812D5AAFE6B038539694A9027035BC9E
:1029800055C120AAAA7B7B685959AEB6624ADFC7F7
:102990005E1A749277E5E0EDE78E124FA8DB0B89A3
:1029A000823FE6856E9C5DD413A86AD991E0686683
:1029B0009ADE225762D97B2211A521824FB62D17AC
:1029C000459BDDBB84F23283BF2E3103EC668E3330
:1029D000ADDF919A7DA09A6983BFE3F43558C08E2C
:1029E0004B60F89EE1A19FF2AB2D7B0E91DBCA3BC1
:1029F0002B5856317DB4680E8099065F58DAA624AC
:102A00000E66F16D71F17052AE33EB852327AAD7B4
:102A1000800CFD369B0B9B66BD497508DB65E20C9F
:102A200038D00A524223FAF64AE0D0375F2575EBD8
:102A30007DB8C26A86D6D4E3FF018B8D34EABD2B04
:102A4000A6E2B346654F45CA1E02BA5136148BD66C
:102A5000BC1E8B5B697656E4CEC1A6176B928A4387
:102A6000D7859D64B4D53769DB122E8F05884880E1
:102A70000D91F3E8AFF2882E5D7D2853F3C3127CED
:102A80000202B72926790600CE938AAE896BE1ADA2
:102A9000C05742E68CF39DEF92F8912629786A148C
:102AA000D23B095C9F89917389BE7453472D95CDA4
:102AB0007272D2EFACB7ACA607A1DE30C46012D8F8
:102AC000F3C38D1B6B34B849C9E63188F1DFC959AE
:102AD0006ADBF1940D50DA877E7054CFFDBDC504DA
:102AE000078DD67A27B305D5C218E065DF49C84BF4
:102AF000831579D50EED27638DE10ABC29D80EE840
:102B00002D3521A6206082C930442DBFEFC9BA51AE
:102B1000CFB257C360F68A0071B6888B82816A0093
:102B20009DE8E042A85A1309A91FD597891C269B46
:102B300065D11D585182B7FE49B3FDCEA8EEEAEB30
:102B400029FDAB32060B03EB40F5F673F47DA123B0
:102B50001C4070FF44C3D52DF4DBAFE23DFF299745
:102B600098D81878AFFD619CB8F30B6D3E4B3A32A4
:102B7000FC9B699339E56E59DB6F99EF78F1A6AE4E
:102B8000A369D5ABAA2FB14734B1BD14F7C796548A
:102B9000830C98CCAB20E9B6569006F00CE7DAEA45
:102BA000198BF77423D1F0CA8D595C1CEE6D54AAB1
:102BB0002C0646BD8E077531EFA813509399560821
:102BC00060692B417EE9095937861D0B1560D3DEFC
:102BD0009DC257C9CFFAC6B7A561F5454EA0974625
:102BE0005B5D603C3826665E95C05ED42D93F5240F
:102BF00046D5C29AD0F083BD5864C4B92A473C9BDD
:102C00005F39F37B75D48B33CA4C4569C8299C5214
:102C1000817985E6A996E50D91ABC3CDD2ACEC0BDD
:102C200065772004892675DBA1230FC8B69EF43B87
:102C30007163C4B93200822871DE239C2ED60BBC8E
:102C400032B25C7C1EA7D37414724547C6A29F2E75
:102C5000D0FC8477926C47E556EB2961F92388E52F
:102C6000C72727EA12041EE340B26189AFB5663771
:102C70008CE24A718178853C1EFA3F82E278E1D786
:102C800056F1AC259ACA8F4A5DD7DF3A9661D029B2
:102C9000AD6FA8DF1DA34FE84708ADE0E0A91DA870
:102CA000E413E6BD098E2A6CC6FE17267F8CC9C7C1
:102CB0005CD72155820E2407AB3D15B08C75960369
:102CC000B58F7B993C142F3EE2ABFBC4ACBCD91D45
:102CD0006CFAAB9B60CCF2B6285F111F7257B393AE
:102CE000B451D853127903DF83A5B151B40DF384E5
:102CF000979996669EBFB08D5AEDFBB820DD1109FD
:102D0000ED0DBF5F3E20E02026741D472DC4D597F2
:102D10008D4014BCF6C4CDC54906C2E7EAC0C3F174
:102D200058BCCF304581C9ACBFEEE26296A5160B08
:102D3000A0443C70003F1835F7315E76CC2DB5428B
:102D40004C74EFC54210B8C82D189EB4A5241F01BD
:102D50008A5D80BDCA867D8BE4CA3EF414DB589040
:102D6000C2824BFE0E6C31D1C222229939B6349FF9
:102D7000BC5E2E480295B703F45E2D9FCF60100015
:102D8000B5FEBC10DEFEA1E400422E76016BEE57CC
:102D9000C426BFB0E83EEEBD535C5C2CA2829D3CD5
:102DA000CAB19DDE1B87D41FC61A26C5A5BECAD8C8
:102DB00071042AD6223441F8D8B3D74E22D07816DF
:102DC0003F878A47C72803E24037B6A5FC6C07EC6B
:102DD00032A751A2974FC53CBD37021790D223822C
:102DE000C7644EBDBE409D8B4B71B9EE4722CFFAF2
:102DF0005CC2C14C7695845016806215581D18E847
:102E000055F5F6D88FF7086506FD8E7A5E38C45101
:102E1000FE20BB442828454E9BFC9A5C74CC33D2E0
:102E200077163F7B50CD34025029AE5D0280A78DCE
:102E3000531451D30A64B657D344E5627E3508D69D
:102E4000CF3039FBA7652424513FA1757C642F64E2
:102E50006638F37C03F6F1030B63615D0F292B9158
:102E60001E35142BB25757694CDB8962C7271C41AA
:102E7000C950AF1FB390F0C794CDDE02B9A29FF442
:102E800046567111A08ABE172DBF42BE8C01AA7A88
:102E9000B32439FCD9950C98CAF842873CEAB3317F
:102EA00021289F36708AFD0CB76FE9AF4E35DE637F
:102EB000CEC7975E3DBC724DE5550FBA715C88D99F
:102EC000598BD3D747416EA809167D92519332BBD7
:102ED000B515036539DD3AA002966C9E0508100A07
:102EE00075E568F10A12F1576124531872E95C67BD
:102EF0004560724A11FCE8CA37C38BCE1E994BE578
:102F0000EDBA7F7EEED71FA4A4EB8A0AC1D83D3369
:102F1000C29CAB260223D809BAFF806DF9E158891B
:102F2000581281FF1921B6737FA1216A2A285D5AA0
:102F300053D39B9FFB013C4E3D7026E41465EF1F6D
:102F4000BF32859021B21C5D01F01283FF40D75A39
:102F5000920A72963A198F911B2DC8D0C3D84EF79A
:102F6000C1430105B45D5F1D63C6B209AB1B6A5165
:102F70009D94ADFA7B384C75EEF714397CF194448E
:102F80008F3BD3C9FDDB386CD587415C296193AD9C
:102F9000FEFBBB57538B6F2378116BFE2E1A8A6191
:102FA000B830F68A7E05C03FEF884C5812E96DD4E0
:102FB00056C91F436786F295DC4C4C6D51110C8944
:102FC0008484D59071F32950F82CBCC10629C2BC69
:102FD000368E09EDC37641E4C4784564F959BD598C
:102FE000A12B6C6D388E7BB5C249A3D2AC40ED22CB
:102FF00029700269B7942E0E006B77FBE538A06F3D
:1030000053741253C4E7B8545EAA3217775D9E001A
:10301000D89A4FB5818C806BD340CB666C10938C63
:1030200014AFB16BEA539019C2DEEDBD3555EF1BFD
:1030300088E37A0BE53E2D54461FA53704E69F0929
:10304000D7F8D1B8AFDDD64F081A0FF60B7D4B7C01
:10305000129D4D5F997A5B367A5079F858AF5C00D3
:1030600071A8549450E37A3B2DF3191509EC6FA71E
:1030700059DEF60CFCE44D818018299D7C791EF206
:103080009BE97611B68FC0C51799FB08799836B0C1
:1030900040F44622F84CBDD8CD4781C6D6D2FE2694
:1030A0008871AF854CB7266E7DFA21A08F5EA83E51
:1030B0004D05C9D17CBDB280BC6C565E7E9CCE18DD
:1030C0003FF195C6BCB3B0C401313E5D2086929FEE
:1030D000731B0187242C786F0866FFE692E184ED6C
:1030E000A0763334E5F09F4F5A539EB78448B163BE
:1030F000B45E1985020B36E20C148E7471D29D55A4
:103100006FD0BC329E58D6A97077B1D13B012960EF
:1031100055F7143997F63FFFFA90728A084803571B
:10312000F5CEEA5B071B872B1DEE00F426F828A3DB
:1031300063C68642052C23FB2E8A13AD56D7AA49B7
:1031400069EDE1AE21B292975721E814A393011CD7
:103150008D5521382EB749A7BF7FEA0B91830229ED
:103160008371F2CF91F3659C5C8C930F3B19E5B2B0
:1031700042FA6CC05D0E018F0B6E979EF729D2AAA2
:1031800093D8E436FED6887F556B8B886C606EC60C
:10319000CA58A165235ECC9C24A126A7A1842AD26B
:1031A0004D60E991F5705FFF9949C51126553F1AA9
:1031B0008A53194EAC96FD1F1CF7AF2C914CC63D9F
:1031C000C21F0A95B7529AFA46A8BC323A8AB45638
:1031D000C9342C2F2F6984391A4425B3CC7A8DFC3D
:1031E000C1DD6B2855C368751E7F407E7DB91F8287
:1031F000964E462CDE7374E66941588246C2AE791B
:10320000A67B404312824E2754E61857B3405D40D8
:10321000719C03766528C2E2E440FE807A7C397BAB
:10322000B960A45B92C41800FA8361465C137630DF
:10323000838BDB5F9E916A7B57C21F7007F348AE9A
:10324000F6A68DA16D0DE16C3E2DA28405970D5C57
:10325000F0523E876DF482EF640D37EA1EC53636B4
:10326000C45FF2742605A0D26F2C96C3DDF5E91277
:103270003692F51E7AA2E8B7F5455D2CAFA9A3D426
:10328000B238F4981D617D8EEAC9C3A8645031C07C
:103290004C6F8D89B6465787693948AB4559E79CCD
:1032A0004702E2022611AED4BCAFF364F0D5A221EE
:1032B0007E24E63CEC3B6FBFEBBD732C53F800DE85
:1032C000FC80A00AF7F4B4FC8A5303C63603F2A7C5
:1032D000FCF2AAD7BC162ECD82C1ED27B54D691BD5
:1032E0006CAEC104C23D772720C15F7D8577411F49
:1032F0008D7EF8C3940CEAC2EEA1D7A7F119CD6C6C
:10330000F5E271A3340AEA5A8C9FDD975EFEB1BDE7
:1033100024517AEB72EDE9D8CFAB01C7B7DDBEA07F
:10332000CC870F6AACB3CE09F8E4E718228F7B8212
:10333000C330F70D97D43C6B2EF4F16060D6116961
:1033400065DBF7C69C9CD939B03A41A047D74E639C
:10335000F4A143A316C51BDCD88AA0B43C061815FB
:10336000024D9D3929EF8E24A698F0F1123A6E96FF
:103370000644F18ABC43D4D500AE9FC269CFF8A9F8
:10338000ECBF9975951F70418E03CA3CA08B8DB11F
:103390007CACE04E9C69758A460DEE6BAF7CD654D2
:1033A00063E85CED87866BD6692413B4149D9A8319
:1033B000996F3F2E32F2C46C2A1C68C1033E53F34E
:1033C000B3A5439573F0A607312CE655EC2168149C
:1033D000C02AA5418FC256601E4E3172AB6B4AD3D4
:1033E000EE7356D74D14E31990F7F517E026B64A59
:1033F000723F9A7A2FAC332C6A7A0A0FBBD916DD4A
:10340000270E8E3AD40AA896379154AD0F9F139C7D
:103410001F9C034C43636FAE1B51E5027B9BC205AF
:103420006645D6818DC6D43E0DAB76A305ECBF159F
:103430000A6A101D65056672E5244C875B8F8DAAAC
:10344000A553CAC02C41A508E97229626B08CB02BA
:10345000336261CFE1FB350ED82A85797782D4FDBE
:10346000051D4C19945DBBF70284FB5EFAF0323DFA
:10347000A067314941348A8CBBB80DB1F30D1F10E0
:10348000410657425A0F09983FCA4BDB44C71FD227
:10349000C38C675A8E019CB9A25B7B3BEF50D95419
:1034A0003B3D632176E78D06E3E9B5953BEDAAE068
:1034B00037CBA74FFFDE266095861B33DA428304A5
:1034C000CA6C252CD76A59FD76ED077E2DB6A44C23
:1034D000700454D65FA5F24A30D385EFB869EFA2E5
:1034E000CB31E0FB559E9F4F84418B1F3DE73D292B
:1034F000FF3168850EABB27A33FBA4FFE1A5BEAE07
:1035000017F9836978C6C63C8FB64525FB57AAA72D
:10351000513669AE9098E9912D1405C575955D9267
:103520006DD69F607AB0DF61A71EFBBB65F6F20F18
:103530000D7EE3D36123D139DCC006DBD9ADA8B35E
:10354000FE66BF557C8C91F1322EA79C37C072ADC0
:10355000E67B464FAC11371F9031AD427577C4BF43
:103560008164EAB9CED32EFD514DF8C8FDFE99F025
:103570005D709CF0EF678E7AA2FD8823607C3ED858
:1035800043B31AC2EFDCBFCB77BA84FD6991FC5517
:103590006AFEF3CADE1A17895450F627800E10CC43
:1035A00039E20C71A4C6B65D3C2E1F9F060C94DB5D
:1035B000E2FA374B543E1693696A16ABFAD6060800
:1035C000FBD6DB5701A6C1879ABC21D8638123D2E1
:1035D0009E2E02A16076BFA71E599F5FE26415EB85
:1035E000AA71D228BBAEB0B9FD34C076E6A6AB2630
:1035F000423755A438875288BC3E654255F9304C55
:10360000C717746CA8B98F213F4B33B61B20A5F3A5
:1036100029E077C4D49F9CED055560A202DB044DE0
:10362000F96D0EB537AE0192865AEDDBAC8E762B76
:1036300035E843166555ED89411B24184CA1C3AEEE
:10364000184673B4A1E0A6C1D33F6CCC2EB3518F02
:10365000A25B2E67194C3D70592A4834412215113E
:103660006FAED4707F9A3FA4DDE1A72C45D21C7CBD
:10367000B9240CDED231C66140870C7F64283168E2
:103680003F4ECBF346A755DAB3BFCA83AD871DE9DA
:10369000B71CDA7107B89FEBCEB548D0454BF43371
:1036A0005DF308C188E9AB045594194EF1D3A874B1
:1036B0003943367EF5306B892296F47372E84014F4
:1036C000583BB665748CA26D383267A8111B5FF049
:1036D000CE3389EC332F42AA7D2E7BB884841D1E05
:1036E000B8A33E3CC86DCC01A9B08EE89C22101A4C
:1036F00092E50501747167F2D0C500BB3AACCEA665
:10370000C1047E93DE04914FFE5BFB09775362BCDC
:10371000203185F80BC35A78BE3C46658B457077DF
:103720000A3A0CCD23D25A4A6FC743E45AF0E887CD
:10373000CA81AE2D9222B0BC33B6D153B838C4C0C2
:103740001CBE76585A82CDE0BF0B0EBFFA97881385
:10375000016A3DA3FE5BD6A67331AB1D3FE470A7A3
:10376000A3FFD249464FB9310EEA6C0CA3321027A1
:1037700059C169DEE384430E0B583688073AB42FEB
:10378000803A347A881494C673A01C8D481601D4EC
:10379000EBEB804321207E5FFA44A23BA9A3BB2A26
:1037A0005FFD0C0BD5A7E52E888FA637FB4F9765DD
:1037B000E0286217D49244A4C0A25A2AFBDA0BDD97
:1037C0009291E12951E736E3792AC125EB57A2F11D
:1037D000A59F4DD951058B3F26C28F12D54D4A5317
:1037E00088EB9EE5BACF22000B74521FEDF646E43B
:1037F0009042E38F81E0C3986A1A59889E80B9F39A
:1038000040055CB1D5812F92FCE5918651809D7772
:1038100048C43550B436CEE71D0B6C222627EB0981
:10382000000DBC00F03408808FB7CD602A9B3CE9C6
:1038300091DBC0A50F42B721454BA8146754920DE8
:103840008AA6B8F28249A4254658E81655442504AC
:1038500031C8DA182D92B27F03E1D3C522202C8A19
:1038600095F7CAA7BC402E69732E6B8657B663C105
:1038700058031196B90ED9D4C861A9CFB67C146E7D
:103880004D0F0C93266FCD748EB187C9D76B039300
:10389000798C1F8442FA96B66F8073E96AA515BCCD
:1038A0000B326198C6923CBA3C9C7C88C2030C4C9B
:1038B000F5FB4D08A0D2B103FE0DD0B9383526F284
:1038C0007AE2A163E4DF2DC127EACBE98E48BFC8C5
:1038D0003EBD12CFCEFF330307C13B03B94340F8CF
:1038E0004BA64A848A32BA6F08F94AD072C6B9E642
:1038F000004F0BDFC397D1676CEF0220BD5187BB30
:103900003C0EA6C3895AA9A84C083C0DBC5792C1CD
:10391000DDAE74140F69C74A9BDF37D4098EF3807C
:103920000D0F4C23DAA441279D676ED5F6FC130AD0
:10393000EFB8EA367E9202E4A914215B88CF318584
:10394000EC871BF643D2AD7E349F2797E87DCEA24D
:103950009ED4C099E3F4E4881EBB39F1025967A6EE
:10396000AE2828656E46F6BED3522768B66A205D3B
:103970005C95D72D3CE3FAA462A1CDF2E4A890EACD
:1039800058571C80CDBF9A5B1B3661E80880D9FE72
:10399000B00AA23592573DA2F056A85E15043C9895
:1039A0006CE00EA9C0A8A9C9EF681DA084DE21A4FF
:1039B000708EA294CFBD60EB23741B97ECB6616A46
:1039C000E62D14FADE52A5E83D75B65B64816333DB
:1039D000BD56AA521F8A28B307331E6DD5FCBB19EA
:1039E000CE5AD8DC883A4D3840FCEE460EEF6D9A40
:1039F0001E779665E0018386DD558A563F20362F77
:103A00007A2D86C5B55ADA3755508A72E1648EE54B
:103A10005AED5DDF22D0AC883E20743A4A51E16510
:103A2000B9927406DCE2E3C816E3EF86F3918630C0
:103A30001A1ACA38B04AC4934D725EBF6AAF74E3B3
:103A40004DA701BBF900B66873EC3BC078F9ADFC3B
:103A5000BBF3E7A001E8B01F8AF2F7FAAD3DF2032D
:103A6000FE5FF59E739596ABFB105478AB85250CE5
:103A7000514C1B3250FA487FF5EE38CCE9364F12E4
:103A800063B98E0F39D783B648E4253AE54D3F59DF
:103A900081B8472865E3C405494593429719E76310
:103AA000BAFB6A985F27AA5C1657D56318A7CF0799
:103AB0000141A155D351B852D5D9580ED61BAFBE2E
:103AC000D8D4EEE64FD0E556B334035B036B88DB06
:103AD0006DE9FB4907344944E0299761AF9619D74E
:103AE0003C24D3A20441664BAD45ED82284B310501
:103AF000D1F552CDA3DB861D8ED106616F73795E41
:103B0000C3190E2770D9BA32E38B439898CF4FA0D0
:103B100073B3F33A0AEC5DFC11A4A1C7388E09C255
:103B200050B73C49162C3AD99E4CC3843E52F802F9
:103B3000D530D46DDEEF46863F5DB674253966E23A
:103B4000D7568923B650C2A644AA2A2414830A044D
:103B500003B129EF8E400308B53E76548582BA5BE7
:103B60006D501B82277E69C7893B50A759968208F2
:103B70002DBC4BFC8E09D53BC41BDFBCA0E68D964B
:103B8000EE2B077764A8684EA65815F26AF2636CAC
:103B90004795C57C8D2D264668A8CA4E484A59F8D7
:103BA000FB5DB1921C00DC2AE50DF4D9900C4CB001
:103BB000C9BCA89B46E6050069300F1D6934A7A063
:103BC000C49560810F0FC9088DEE71BD09827049DF
:103BD0006DA6AD01CF3B92A7D6434CBB2001D5F0DB
:103BE000D239E30E975A82178E5B7631A75E9B9F80
:103BF000234088F6A32614530C460D9C42877DABC8
:103C00001826831A02D9E02D60E8A3101675135107
:103C1000DE3A1E2D39958C765FBF75073176C873F5
:103C2000DFEB3735071A358F7B306E208C67736D6D
:103C3000B8F85F5D706554FA760249A8D1E8AA34F5
:103C4000907405E4E5A31DB87F1FF5EF4C95CC3DBE
:103C50008D00B57FDB22B5F1E2F59198F0E84F7D5C
:103C60008762E00DEB36042CF7F957C22E99FDCC94
:103C7000F8D5F81953CE8E54AD5A3FAC8D280BC4ED
:103C8000F4A7E21D759370431D321FE804004472CF
:103C900065AAC57D9D8746A971E8B0559F44FA394C
:103CA0006F958EA3BD963E6A63C7EBB0A24AE650FD
:103CB000BABAFB725876920697C1180EF9E017B39C
:103CC000DE99A6D3950F5F8ADB1AE832F213ADA511
:103CD00010E0543A9D130F85C726E911D0C1F1E7D2
:103CE0003500144AB6C129D103507FDD30CA33D91B
:103CF0002DB614CCE29ADD1EDE8D488BBA4A6D6873
:103D00001FCADCDF6FD06B1DD2B83B4BEFF23653CE
:103D100084BCB0DF541798C8C1B867698FD58F4C81
:103D2000B17BC9A7390DEF64A54A02971C5BC40C8F
:103D30000EBD027E241F99D8EB307AFF2AFC6CF16D
:103D40001DFC8EA52B313C3A5C15D9E032D380772F
:103D5000B1636938BA38B2C357EBEEF490C98F3A01
:103D600089647B3FD21BDA376835A0451E7A837E93
:103D7000B9E35FA8AB38473924A8445D18C32A6F5C
:103D8000EF08A97515191CE3AA6285CD97EEA80A5C
:103D900014D3EBFB290998CB5FB801C15C77F37BA7
:103DA000C89D92E451983D43B466B9F88CFE55B96C
:103DB0008E735459E2670DAF60178ED1E2FADCE9D9
:103DC000A12F06F3390C3E9018567986E42425601D
:103DD0003817838EB78F38309E1649FFB94E1DFEB7
:103DE000440369A230E9B1679619C7EDEC894F3AEF
:103DF000D4C4B4E5053491748C6A6629684CE5191D
:103E000037009313C153D106DF6A973EFBE08B7EE8
:103E1000879C0A177EA98BCB3DEDED0246CF8F29FB
:103E2000E186A39B99824F5F876253CD6BE5EB12CE
:103E3000353CEC70BA19BF617F21E242CD3B0D8E5B
:103E40009878969EABB702CE3E9BDB16983BA2FAC3
:103E5000C5D7026FBDB00E2E828ED501F6D0890275
:103E6000E7D2A8BC4442D854F34CDA4C1F178AB6A8
:103E700045BA7D826A68934F579203A30DCFE44100
:103E8000C38D7A2F1B55D0F0A2F833BC7CDA99F1A0
:103E9000AA566810F1428FFB2B5C246FF855A35C87
:103EA0007495CD4521BFB3CDD8BB65E497E42067B9
:103EB00080CA6860AA3C82BAA083A4AF4F88BDDEE6
:103EC000068AA21C1B0FD0D603FB5EDAC33F7278B2
:103ED000C2E1381534315829C698621CC22232F525
:103EE000D9B17669E8B8057F278519D1F7A3CC1732
:103EF000BEF7149AB0BAC6894D0A221A8C6F75DEC5
:103F0000CE476C454F4F374A88D8A2F6DA2B9D260C
:103F1000C902C9263481D93DD7C88AB595CB6B8AE9
:103F2000403AEB3FF811DFD5C5D62F2B57E4ABF164
:103F300098EDFCBBA030AFAB10678F0833E550C2E3
:103F40004D34EAACD478D0FA4BD1523E1872027E8E
:103F5000E73D2960F3EB1FEAFFA027B2423EBEF423
:103F6000FBFB8C9249BDDE46FA904B7707CA0810DE
:103F70008A6051C3D64E197250E51B00A49B42EAD9
:103F800015E67015889D060ACA5DE9C3AD7C282137
:103F90009F469B7B8542A351DDEB7380A111088472
:103FA000969993A19BE76D61F54EA31ED866729416
:103FB000FA432105E24C1A48C1CFBF2A925052CB96
:103FC00032C7A09F741C2D0E289E2655FCEBDFBA2D
:103FD0005AE0451B3A9D8A62FB689B40FC7D79AFA5
:103FE000A5AF15F6FC1CCFD5FA8F1EB68A9E4E7E65
:103FF0006E7214275584E241CC389855D3A891FBB2
:1040000056951D3A44748D7E0E771855BDDFACD0A1
:10401000B5E370B5BA4DEF608C8977A35DD6208784
:10402000F6E66BB77804FAFED5E2F95F12C80559D7
:104030003DCE2DBBD3825253B585C66ED101A3CFE1
:104040006B670DFF5561409EFA05C3C982B3A91F76
:1040500082D36A4370C1BEAA7AA4F64AFA0947FE1F
:1040600033E338053357BE6B7C69A9CE33D37F1653
:10407000FB7C74A39BA999D334743AD63C8685A063
:104080004A4BED6D99D38DD9B04FBD506CC2369D62
:104090000ED2FDF9E3909E4A9CA4B3A59B44CE4C5E
:1040A000F8D42C6AE6F4E78326AD8E902C9C2EBFC4
:1040B000F26F0B8017FCE6AE8CFF918998AA8CA159
:1040C0006EDFA857500BB97500B71C716D1D383CD9
:1040D00039C19450526ACB67A7B7F3916418C6AE42
:1040E00019CC8F288460FDF4F67993108F0EDA6D69
:1040F000CDF0B64BD54B45CF5EBA548E270407C1E1
:10410000E14CC6CF0A5334BAF14857F1FCA2C5F9C5
:1041100003304DADFDE07189883504D0AF51508733
:104120000ECF4D8C0247154E2F1FDE582017AECCF8
:10413000DEAB2926CE3A872B232C8D4DF55E9AFADD
:10414000EEC111AAB54BB352CFDA2BA8465077B8BF
:10415000480560CAA16693DE69D6A7A47262498643
:104160003F9695B91DCA21FA3EDC89FB68BF15B49C
:104170001CF374C195F3C26D327878C6330F8E9AF2
:1041800069DF9672829C17C1CEDCF10019E6CA5A2B
:10419000C3589C419FC747A36010F1EB8A4C84CE63
:1041A0004652571CB34AFA0754F57DC582A056758E
:1041B000D965338506A29E23D99F7B4F96C5B52727
:1041C000EF4BBE3F40887F569D1C327FBCE3F6F428
:1041D000A93ED35D1206D67DF6CC663F46D59CEE51
:1041E000488FB1E41B24F028CB5F31C6D16EA8C044
:1041F000A5B6211E4E98E6FE2FFA9033D366EDE861
:10420000E82A4030AB7A86ED811AC6506F9F41C4D0
:10421000DC6639559409C4881FFAB722558A809202
:10422000B1BCBD4AFC5408A457BF245903E399D03C
:104230004D7F782F8628B344262D65667408133980
:10424000FF18B911ADFECB09060FE1F56704F8E1DF
:104250003F92CBD7F7E3766ED8BD25589419CA455F
:10426000ABBB476798AE961B6DACE82B90D6029619
:10427000EC50625E6DB425740F59F7B2C4D6DE9B64
:104280007CB86E08F331682826132ADEBFABA99EDE
:10429000B9138A1E7F24A293A56EA427840DA4B40B
:1042A0000AE71CB398E4CA5203AB787ADD2A73CDCF
:1042B0001632619E0E3F309B96C4974BC62C739E60
:1042C00028344D4072295BEAA7034583973892E072
:1042D0006E83F492469A4104504610F2698B8CF238
:1042E000A7FEC6C6C220757C04B42A2D9B99239ACA
:1042F000CE9C55D1458BB948DA3474A1D71A30C653
:104300002A19A593806359CE6C5399500825D7B9C3
:104310005607059C9A1093905C3261A74B6DB91FAC
:10432000F171883FAA1C6BA3438894744CDDD7FEBF
:1043300010259422DB4D661F7A417E0442EB17EB79
:1043400022AB5275ED57129B70A6485D22607074C7
:1043500050DD30165908D8776D65A914386356FFBB
:10436000A71C13D17C1445224E91106AB71F6DC251
:104370000B3F53B043F08618344EA059863E340CA0
:104380007E0659FD1D582DA1D306C1CBC7F8871D48
:10439000887E6528E772E72177DDB6A42A65F9CE25
:1043A000D9C7FCB535F0B31FBD878E1A1BCBA7B19B
:1043B0002860C3ABC423ECB7CE2CD5D8FFC7F37CA1
:1043C0006C4861515D98B5AF97EB3130CB2FF34618
:1043D0006BCD1FF0F916E9C9B30BC3BFA798EF0760
:1043E000F412CB803CBB274FAAC00D3BFFB5B821D0
:1043F0009EAFD5EEF8B74538F649452774B3B09768
:10440000660C7BCB4FBB66DC72806063B5306E5050
:104410006049EDFFE85FF861AEB5CAFE634E870CF8
:10442000965A3DABABB292F327E0BEDF6E2650C882
:10443000FBBDC8B43665CF77D23AB4F5B665E7416F
:1044400015BBD83898C99F532D5116379B2B64E95B
:104450006F298016F725913BB15F3C47D4040E1AB3
:10446000EB4541C51E01A41D76774844B8E7E93500
:104470002E785674DA84B02AE27BA19E327FF52929
:1044800053D56B1A0349DDC17A4B6EE2ACC6926715
:1044900024941760B1F7B772181A4BE06549AAD097
:1044A000306C4A628688E2C5EC6836694EA653DDF8
:1044B000610DA0B7BD7EA08B91B08821B1FC3D1DE0
:1044C000F41908CB86F70ACB2889B9720ADBCA151A
:1044D0000B63F1975F2F4DC6F3B1EC8341D3A9E194
:1044E000242406652C0D761875468576D112527DEA
:1044F00051F063F23F7DC0CEA64389D1264E4528B8
:10450000A470175C485CEAC378662474CFC280400C
:104510006DE419BD6743D60FC2F6A8ED9DAC023419
:1045200095C94FCCE0B071BBDB1981B238B7955952
:10453000E4FA423C340A9E9A127869D328F474A8AB
:104540003FB8D29899B45F17338431249B1381AE5E
:104550005E96B6FED88123C1824A623315F7D24EE9
:10456000C6DF43354CBC4CFD70DBE5F7DB8223D264
:104570008F0741D474AF79E1DB1CB6BB6EA3DD4A73
:10458000F4C7D19E5E34E5FAD92FB01DADF4787A28
:104590008EC168B3E8082F89ABF7350A237BAEB527
:1045A000B4B0725C8FFB3F000597DBC95283F1808A
:1045B000A9FF59EFB43E6FE435BBB1C43CC87BCB17
:1045C000FF79504393686D482719D5DE467BC47147
:1045D000CAE6F39D9CD33EE00F7ABD880EE677795C
:1045E00041B518D0DB66427010B8A1A60D2EC835B3
:1045F000481310FCDED0B7AAAB5CF57717BEB16AE2
:1046000047247D98211BD164113D7B51E8413F2710
:1046100035B090022484F6EC1C6D683AB27113F642
:10462000962E6EA9B75F985A4BDAC958ADE9211B8F
:1046300004AF90ACD9E8F144FEC05EA4F02950BEAE
:10464000E770A9D3ECCE92C4B061A946EFB61131A0
:1046500036FD2DEC3F9924599EF1FA95B1700CF17D
:10466000C134984E0707908569FF49DD2DC0235757
:104670000CB659DFCCA33720E349F3EE8D4408FD97
:104680005F17EEA69B979C02EFE38E695A8C75C567
:10469000BB72662E3A9FCF72C8927FAA3C77B40352
:1046A000E0EA34A697065496E65DC499846E97CDE9
:1046B00070223203693CCFDEE81A598B13B018EA36
:1046C00077C8A9CFB315CC4AB1B426268F2EC8B06F
:1046D000B6BBC4BC46EACBEA57F1A3CFECF15A44CF
:1046E000BBD19590EA1609FA982FFBFE1BA92A5F09
:1046F000D9C8D81EE21170FB11774760EA44CD5744
:104700007F05D36DC283EEE34CE8B15578D4D6CFA4
:1047100040E07A77129494DB1E2CF99966D826BD76
:10472000A0B40E4541D058E68CC1E36EFE489D3ED4
:10473000F31D1853F721891230B89FEA43BE461B78
:104740000E3080CE3826B9499F32C2E7BFF2648F5F
:104750002911A7C2A0EB2A5B5B1C380E374BBA7A33
:104760002D6BD77D11BEC6B774490DE1B38442F9F4
:104770002084B63AE0ECABF8E7AD735ECDCFFD1C1C
:10478000F599B6B1C37D0EDB30E12BA2E2329C7A03
:10479000592ECAC3C3CA06CF72AA4976E16859F531
:1047A0003CDEA6C052178775B1C06B8426FBBEE302
:1047B000CB53B54EAFC28EFA9352C23A24561DC7A0
:1047C0003D9EDFF0AD470369A0AAED1EE3E9430774
:1047D0001A317D2E985335AD9AB580D8B273463DC7
:1047E0008219FFAD097C3773EA74C2F1BD1D7D8269
:1047F000894A6C88A5920AB800F55B74BC661835C6
:10480000409A5EA81E3F0963DEB17012CDD96DF2E9
:104810003928D4ECE91894C8788CF5EEBB2F4431D4
:10482000D721C6116F668B14A9C1CB6C48EBB47E3F
:10483000DA9D9299FA01D06B106CE794EF9EBA3B27
:1048400054583D77AE658616AB147ACB8B2A50163A
:1048500033299D7535F3DCA4E898C19117AA6F8AB6
:10486000BB425FCCA57D0CD30C17353CDEA49A016E
:1048700088B5F5E8BBD4655BEC263A46A5CB107647
:10488000D989BB0E9D0221311B16385CBB5BCCD590
:104890004717C0A04E55621E470CFCCFC29453CEA2
:1048A000CC2DBEFE7CE31C9D9FDF20233FEEE495D4
:1048B0000D1BC7B34DA2C0E65EE2F4194C0F4913BD
:1048C000B4591E9EEEA31B582FC70718A4F8C53C69
:1048D0006446B15149F6AC02943FAFA2E9904A1F39
:1048E0007CFDBE42F9BD896A81E7D2557B72A50580
:1048F0001AA800CF8D28B8325892677F4085232AA6
:10490000A608B60D1AAF2CE8BFBED2C767224CBDB1
:10491000B3FCF50E1D9650B0A7E6FA6ADAC958A4A2
:1049200091DE218DB5B126A30F3372CC02EDA8D94B
:10493000B0FB6407A6E9B55FA5C76EF0F4DB9E1C6B
:10494000258970D8195B321248BB1F0963C354C74D
:10495000580C7B3D2E950DCCBCA2B341D10A067CF0
:10496000F554502FE7A1FE71955EE012723369B3E2
:104970008E9EBF39E78A755E885880E5FDBC9AA88F
:10498000E2E06316C798648B012E71FA32733C41E2
:10499000807B3B6577248ADFFB8790391AC0ADA501
:1049A000FAC93541A909E065ABB588DBC3480BA05E
:1049B000F9A379C3FA72A7109EBF2BED5DFC595085
:1049C000D925719EAD0E1994993EDBD9CB00B7B1B4
:1049D0009C88C2EC79D71CEB2615C1617125463D38
:1049E000F3DEF923D2858815A4131C18A03A41AE32
:1049F00013CC4B58B089E3FC1C29D3AF86AB3009EC
:104A000020712347B58D658F025EB015F9407AEDB0
:104A1000DC64EF5C7549AC32C267BF3C7229FB9124
:104A2000BDEEF6D8681ACE121A32F5DD4E2BDED462
:104A30001EE67A8D7E527641DEA3AA0AAD20BFDA49
:104A400024F16E923601FB13DF571587D47FC7DD43
:104A5000755D50524EEE4BD7A03E824A3E69A1A0F2
:104A6000C6DF3D7AFD3F439D4D330D43654674528D
:104A7000081EE2A038CD15B67EFE628F3D203D892E
:104A8000D616D1150E7BF92230C3DA9DE644A60F67
:104A90007F377189916423325C3CDEE77383141D98
:104AA0003614A45527ED07A7F8737A5BBBF4C7D576
:104AB000D665983AC8F63A13BAACFCD826CADBAD2C
:104AC0007DAD0C42C506A5CBF5DD247CB756FE4274
:104AD000E6A9339EE2AD8F756BC63AC1C9505F72CD
:104AE0006F3F931838885962C1A265FCC37692A9BA
:104AF00051C8AEA7040235EF6D03F16F70F1A73412
:104B0000DD1A68C25B3FF20C0C7BFA201A15865D39
:104B100037A502D76DC613CAEB0899306335EEA1ED
:104B20004FD24CF56FEE28C426A5752D590D384A85
:104B30009CB09B44F303B9F420B67FB923C198F627
:104B40003724A7F60732BD168ACA3AA13DA2C1D1C1
:104B50004FAF636051501324428F63E02DEDEC653D
:104B6000B6DE01A8AA0717A1029047362E63E0A976
:104B700090DA511E1E9491A083B7CCFA0ECEC56870
:104B8000C77B827260BAD3C3D791F342746F5774F4
:104B900096F3C8E2BCDED3D455E1FD371FC07DE6F5
:104BA000C76B10980247659A060F372988F0CD86A3
:104BB0003563B9C7C42BC45F014EE2B78D7340B0F3
:104BC0003BD2905550FFDC3D3121F069672B5A6F85
:104BD000262384B409C478644C440D33951EDFB693
:104BE000BB7C2BEAC8FEA6B33D121C03C6D22D2AFD
:104BF0003740F12658F2CDDBCF240BBDBA0B41591B
:104C00007EA708F9AA7FE597774329ED693EC00999
:104C10006514ADA4DE34CFCC4CF2FE2AFF3950FD32
:104C200012C03DC98160673DD442F224B9AFEF465E
:104C300075FBF4E4A99831D13BE61F97E639EDE620
:104C4000C0D793330D5903A0DC650F2A9A104A3D53
:104C50007632C820745827FFDC6257080A98BD0EC8
:104C6000CA551D436A9E9833C7A2D0A3044CCB8E6D
:104C7000DF64CFC4BC838E2FA0963CA719B578669D
:104C8000B72F9836989010841861E50107BA31B1B2
:104C9000E28A050F687553BEAEE91631C572BE7063
:104CA000F0AFF4BB426287D02558A4A3BEE23638E9
:104CB0004F1D4960D617DF01D4725D7B0A29C1BF41
:104CC000E1552FFCDF753A3DB6F1F95907C7617917
:104CD000DCFAD993B1F2DE81327D4E4789C66B543E
:104CE0003F4CEFAEDDF5AF365708BF611B36D3350D
:104CF000198BF0FA09ADC70D55A41F4983F914E6C5
:104D0000290129E881F999CCDEC1B1EDEEA9087C31
:104D10002D9335A062D2F492C9082F61532B4254CF
:104D2000B843AE9A6F7A99B3B757ABDCA83C1394EB
:104D30005EAC40FABA2DADD5EB9747E9FA9FF0D3B8
:104D40009458C090E6B6C1187072BC929C8CAE5854
:104D5000D21ED7DF590A2ECFF55A94AE5E7D238B33
:104D60008A0401215D5DE56BA98F398E4F36ACC990
:104D7000E273FE0C3C7DFEB5589AE7F76826385082
:104D8000B8672085BA70AC669180E3B81EA3862709
:104D9000CEFBE8C8D3E277B8027EDC4DD005FF0039
:104DA000A761EAF13EE565D569F4B84252ED6F2E90
:104DB00043ACF6609143F720B65EA3F4EBC9B78825
:104DC000C82E9D371EA20C16C089625B5F09FD18B4
:104DD00028DC3B82C734BF9A906C0E8962C05F5753
:104DE000C38797AED231D370BD4F5555981DC9DAE0
:104DF000E72ADF8DE4E124D4A7D68EA06F1C0EA88D
:104E000079C3AC30C1903B00EBB8FF6417128154FA
:104E10006B8182CFCFEB104EC37A7F3DD09FA181B3
:104E20003EF1FA6B1A46AB196DDB1BA25450F2949B
:104E300028941C84ED7D74DFD42FD36834A2877846
:104E40004FFC13F2C7D0DDDE95147A49E78FBB58CB
:104E5000860914911C19E582C73A311D8B809FEB9E
:104E60009381ECE84E2C8CC7E2A9CC568F72237F3D
:104E7000011931D776DB36131B48EE4874F75C3ED8
:104E800083B0DC420B4927C736E95891D1A419B841
:104E9000C3927839F459E9FDA366F1BD8E734F22B0
:104EA000A5F0736170F802BA59315269EEC112FA75
:104EB000BAA80E8406D322A68F8A874BFDAB1B2B84
:104EC00092CF1B68B5213AD44EA16A63B208AD25D2
:104ED0008D3695DF14DD05EC1CE356854456EBC298
:104EE0002C116C36B2B3698D21701A16082FBBE9EC
:104EF000B75E7D878A6265B0C416AD2726EFD6FF00
:104F000053AAA8EAD4329EA01DE5D5B59D566648A1
:104F1000BFA275C3B21114F8E51AF7817EFEF3B78C
:104F200072F14CBEEAA05CD396549F575EFFB9085D
:104F30004FF581673FE97E43842C4506518103DCB0
:104F4000DDAB62D2E8F456E4BD1B61F6E396DCA962
:104F50005214C2B4659FC77E8D1E76488D56EA3BBB
:104F600069C11723C6C236B962373FACC556B7AD63
:104F7000FA586707DD13634EAAB5C9A4023E842B15
:104F800027629CAC01759BAC430E82B95042E8503D
:104F9000E1420BC91E09BA16124217B1372D093466
:104FA0007F4A20885C3755A203AF74E4E2E325050D
:104FB000E64CFA3BA453CC71FCA3D2D95C8C089B81
:104FC00095CD2FC26328573702D67C84AD41DA27AE
:104FD000CB6810541E353A69823223B5700D9F8A12
:104FE000F46CDCF7644B220E8C0E96DF64BC0D3142
:104FF00010859F0113ED1822EF3E6DDF2D6A505E84
:10500000A9E180A0136DBD1858A9D87BFF014E51AE
:10501000D883999FE25ABC6BB96975F5F76ED0E8F1
:10502000CD405C9BABCE9A640079E49B0324D2DF35
:10503000F2CC26C1038D50ABD16CC52E9C3922FE1B
:1050400094C97B0C6599449489102F554BD6FFF871
:105050001084A6B1A1CF546EC8C9A5796D06017C94
:1050600033346E89C7D2FCD5E554A995F9995BCD47
:1050700001905DF31D8E35BE4BB4E55FD4074698B5
:10508000574F6BA7C8681705D66764ED627589D05E
:10509000F067C664341EA1D90405F348163839D820
:1050A00023FE623CB8299507976758839F8477E46D
:1050B00068128A3A625A352C1B80880D0B54A4C79B
:1050C0001C5ABF0CA8CE279F8E5B1FEA8D34BE26CC
:1050D0005671020CD4ACCBB4094D4951054F83191C
:1050E000D6BA7F33AFDC8BA7711013AB53FBB97DFE
:1050F000CA739BCD8D5BC3B3F88A25AE3499421435
:105100005623D1DF9C1F99B9A5CE6A6770A5ECCA5A
:105110008128B422EDCE8FDE7912604F76C481767D
:10512000E0A25AA6CECFD6EC0110E610764146B3E7
:10513000C2A9014E4CB0794E2FCC6AC73B01B2CB0D
:10514000299547E937FDA5B045E2B615841399D7EF
:10515000D8D2FC1BE0241C58026C3B547D81F35DCB
:10516000DA00226EBB8A19DB61BACFDB11BC99BBB6
:10517000B8DB8059288FE13563E79BFEB1B0ACDB2B
:10518000BCC21A18749023F5069CBFBAF8B7DE8C1F
:1051900073D82BF681365644E38AF313E5F17996FA
:1051A000C186B20DAA33E15BC281A1D9A93C2E848C
:1051B0009DB49CA994F6D9793C4A4A4EEDD66979BA
:1051C000C5B61BD57E6398E684F409615655FAC5C9
:1051D0007F8ED5FAB52DD02BF55371227FED01FAD4
:1051E0002518629FCB20C07411DDC3C7E10C8F0B63
:1051F000D9C805FFCF9579386734B4AAC3936AD468
:10520000F89B5F9885842E2F0A67F1C541F6F52833
:105210008000C11742BF15AA1998F98E6DD1E7CE4B
:10522000EE6216B91130DCDBDA75BA8C56C65A0359
:1052300093BBC28606A385998BCE64E72181FC4B84
:105240006700A0F129B3CD22F296BEDF50015A12B9
:10525000A7DB8FE9F84F4BED1D6A569F8371F1F87C
:10526000CA4DBAFA51E6CE41DE68AA539281EBA349
:105270003EC5BED03F0296F87EE9AF2AE3F92C0F77
:10528000798FB46F8D5866C85596516932F6B6CF8E
:10529000F38FB2313459F625C7ABE030BCEE612F45
:1052A00047D6B69E8E628662C342ECA5C4934CC2BA
:1052B0004DB2BE93962688CAA82F415D9F61B54224
:1052C00044ABD48285E91CBF4B2E023135CAC16084
:1052D000F3D433578B6A7A213557280C0D649C9C84
:1052E000DC03AAF9EF7AED7EB9A48B2C77130FF4C7
:1052F000D58789EE6A47D6B1F1F5276AA6B8795BFA
:10530000F4C69CF2A5405FE2E4EABB5042A170F112
:1053100036571FF1C1A79E55B1A8D84A8DCDCEFAF8
:10532000C6E0CF94E1AEE9D10F133249A3FB1A785E
:105330002069F75A191524116DBA1B449018542C82
:10534000856F6E6B71E35B33F087DD654FB6793D3A
:10535000D3C45302141B4C41E55711AFF6A4B45704
:1053600062940BA061FF240590FC36ECBAEC9484A7
:10537000EE4ED0D259D6DB463D7586C2040ABFFE3A
:10538000E2F165AFDCB41C9D487FE6B71274C9F347
:10539000DDD2979590353354860FD2CBC54C53CC84
:1053A0008B3BF420F7343ED9CB4DD20FAB18DF1630
:1053B00028555390DE9D17FBB5B197625A94C438B7
:1053C000F5A00179698A06A196EDC3C76506D78560
:1053D000974BBBE7D902B71B7B4F23B0F181E38F1B
:1053E000EBF759C5449279147E364D1B6D23332B50
:1053F000E604C8868B42716EB1769071843F478C0B
:10540000124D77A186AF8E365D5C2B2EEB181854AB
:105410000B66DAB0D71FF9A4843D40DF6E4015D685
:1054200028C635498EF31578ECA3AA6F06C77A9083
:105430001168D61C279D9CAD7FC3A0DEC0C70BC3DF
:10544000942AF5CDEDF0292F89AF11032E49BEE046
:10545000F2691A76D778D2449426A873308E7823CE
:10546000B05DC1F4A91AB94FF6E0C5D208D1D4BFD6
:1054700065F84CA5678CF24ECD2BE6D704FC572679
:10548000C915B8AD2A2BB977A9ACE59DFAB9ED4D90
:10549000A08328A67130B5BDC2CE5CC526E8208C9D
:1054A000322109A5C19C9858D0F5DD0CC0C4D9C7DC
:1054B000307ACDC78D57B3B94543711CE19661432E
:1054C0005FF27F17034F49DEC4C20180F8C956EC72
:1054D000672ABE7636932C12CE2C7180D12858D3F1
:1054E00031C33DD3A53E018AA607431E71CE70523B
:1054F000F6804EC1A0A9D1D2DFB1C97A61B88A3F86
:10550000C3349E658DDFC94C01B009867D2C95DFC3
:1055100047635468BA23C4F9FED260F267F4517D40
:1055200065371D5D7CF9F0C63282F46A4F29CB5095
:1055300039729E32E4341F601078BAC39BDB963216
:1055400009BD3C77650C54935A03B79568A1C175A2
:105550008FCD0E2085618AC2C46EC8CEC971A2F1FA
:105560007AF61B12F4CDF7FF6FF2E8E9F5121F5D32
:1055700093D3D070313EB6EE0D084E0F1C2347C2B8
:105580007960DF92E4A5B9D5B1BC8B71386CAA27DC
:10559000F645D70F817156EBF8886B034E69C17AD7
:1055A000B1ED0FA16F9F534E5884DBADF897C05AF1
:1055B000D261FC926BB8FE0D67B9499F799B3FFEA3
:1055C0003006B95116B3565AF85750F9EBF88567BB
:1055D000B8528C4984CC19BF25B87A957300F8620B
:1055E000F510BD2FB64E2FF6E496BEAD28C3D130D0
:1055F000B352080D50E3F898C0C968917B1E73261A
:105600008D0EEC69ADA0212D7150264F68164E46C7
:105610007955C2B97FB5F4B16A03C8930AD30BDADE
:10562000FE2E36BB09563BD43180E347C0F19C7156
:105630009F2B902AF7D734D31E6F6077764A735C1E
:10564000B703764C0E3192765E85898FF56B13DC4D
:105650008A68B499135A33FF23128A1E0C07AF11BC
:105660003F1F419DBDC92BEBC0BC9A3DD53641655E
:105670008EB02893D4C1BFC2A4DDB3D92D7684D215
:105680002B73D674977C0367700EFC7BADD6AE92FD
:105690008CEB324E8DF446439026CA72253EF8DEDE
:1056A000963B4D758DD7398C39DD802C2F470D3ABF
:1056B00048098FD62E04A7F4A47C8D0AAB08459E1A
:1056C00099602DDFA949D58E2985151F73D723B57C
:1056D000AF9AAC0433A346D08755055D770D590CBE
:1056E000E6A15BF35B52BC73A1BAC024FA8D4105FD
:1056F000658095BEB2CD91598BECD8CD0D3492A773
:10570000477DF7379C409A73D3F38AD5F4755317C6
:10571000A2E5CE809EBCF8495C12889BC97DB68804
:10572000B9D27EB4FB9F1F6483262410B7697EAF75
:105730000618A5543B940B257039EDACE95075EC77
:10574000CE164EE4364614436B0F952856B6118B91
:10575000838C09C96B3B059716E93F7256F73D03E9
:10576000EB693F65F5BB645E51D8AFD0BC0482EDF8
:105770000CE7DF2467D02CC4159DC0DD257692018F
:105780002D83674E46900BF88302F97CD627DD9374
:1057900053D47728C69152927A46584841BB5CE56B
:1057A000307CF6DD386D03C78C801A8B9931A1A946
:1057B0000EBF47D67F63958BF721C9D7645BDAEDBF
:1057C0005B08DD90C517E1EF36D968CCB0A0095D64
:1057D000475D1DF110E4F44A2C23E6DB58EF537AC1
:1057E0000C42FC09924DF5A37EB99C6525D75B3F21
:1057F000D1DD2D5524220C17C2AC163360082C794C
:105800009C4FB0B5148C9C3D599D5BDD95FD43C408
:10581000A9BE7AB3D1E4FE55EA0D6C30436CE0A426
:105820007926878E53117C462FFD525B74B3F1A706
:10583000DA07F4A95E02C1103AD70B9D80C2FE4080
:10584000139692D5CC5FCBBE4C97F87E42748E8F68
:10585000B3E737BA65AEEE75FBA1F9908AC43A3862
:10586000F5356A9F2653D85809CE050FB331A7D610
:10587000BB04E42A3291E0D95CDC8865CE477B2406
:1058800074DDF175493615186C98D38230EED46A00
:10589000899385552491491E1A3E319ABF231201DE
:1058A0001117A01BE3BD3944B10087248D50CBA54F
:1058B00072B996AB6C70A192EF0DAF5AF080103DAB
:1058C0001BC8F58797CD5F10B94BD340C9AE3D7764
:1058D000E683F27FCF72A8D73C935ACCEF0FD077F4
:1058E00045F4DB37F9909F19A2F079A3E443C6058C
:1058F000D1A06955A7D4106DCEAB4FA0247CDB306E
:105900006231C5CA197834BE7749F5BE92F4BAD26D
:10591000F89843AE285148DD12B01AF7575FD1C648
:105920000F836CAD89EC8A93A60C2748D5AE7CC852
:105930009A77A0A6F2373C1867E4CDDBC171A2FBD1
:10594000247BD34094F890879D35DC290E0FCEAA96
:105950004073B659152ECDCD5CA309EE4957AB3235
:105960006F04CB9D78E27A0DAE78C80BA239CABE1F
:10597000304493D80401F77F6FA16EDCD606B5835F
:10598000C6A8801D1019F69612B75AF5285566223A
:10599000C57C2FFFAE2782BD818C303CFF393AB0E9
:1059A00043F270CFCD8FB5F5BDD2C0B0ACCB67831D
:1059B000B691B222971C8D5AF56CD5F7B463E29F6D
:1059C000719E6F1A30F3943F021891D1141DCDB51A
:1059D000F114947E111EE13C2DB738885F9A1CFEAD
:1059E00037F387A481B69A38300AC3D820D3E29916
:1059F00038C20EE8EDBFC5BE37AA0F9F61A0707216
:105A0000F7832A528B57B438E227322CE0ED5EF24E
:105A10005D0E3A1134A9629439A0258A1F770CF9DA
:105A2000E0266BC0D8C4E99DB10A423F0813DFD815
:105A300003C863E01D5228396B216F27C68F06C04B
:105A40004DF30A56D3995412FFA36ADB45B49B3B2E
:105A5000D4DA0DFF8911ABA5ACEB585C0B7A034C83
:105A600051DF4FC4C9E8E9AC7146A3E7FF4C120F00
:105A70002F419E9114AD6ED8799CEC5E05B824F14F
:105A80009D4749A74288649438D75F91FE362969BB
:105A90000435F3596D41C96ED009551C74AE1F68A9
:105AA000063A89A2D2D93144DBCE10768ABB31992D
:105AB000210DF28AFE9600AE9C6D561EE3607AA020
:105AC00099C9F0AF1626C6AFDFD4FCF57762EC0EAD
:105AD0009725308E70A51645275C73CC18D0A7E1AA
:105AE000D9ED321A6BFA43BAE8086843B60BB5C869
:105AF0009412C7E791752E1134B5EA4EC7823FCE96
:105B00009D9505EC354EA849F45CE21C58F6065C00
:105B100080FD2DF9FEB96B33A64081C7E5059A2DAE
:105B20007AD033BA275F4F8FDA300A1AAC31E85C8B
:105B3000500D374C0534D00366FBA0CF840A7CC0DF
:105B400061D5B5A1CAC55A27815EC0067F7A1EFD00
:105B50007B2D253EA6F6334ECE37488BEEEE0F75E5
:105B6000EE224E91C4DE3D55778D50FC7E002C0C0C
:105B7000F3E152770539AC385C44672A7C23B68858
:105B80005B477F5AAF414508C43A8F0932B0496537
:105B90002AFC16134AC6525F197FC177195FA9B054
:105BA0009D6683C10528389F4477E4CE4547F99127
:105BB0006FEFD09FEA194F3976980F239F187D61B8
:105BC000332452377402785823FBEDA8BB1BBE2E3A
:105BD0000542A41951D954C4436E8AB9CF99DB50F8
:105BE000FB4A5FAC8B884917ABBB607CE5AF8F0984
:105BF000D4E5756207FCB8F5E14C680BD0ABB2B7E1
:105C00001CC55F956709E694573416231C80C9C9E3
:105C10006E54D01F8CABE09E0D8815FB757A4943FE
:105C2000284CC826319F4836487BD87CB4BB93F0BB
:105C30007FE7F441EC60DB56AD70FE68C81C70284D
:105C400053888362839570ED7FB1C4CE1A60662E4F
:105C5000D8C9AC9A4718FF854FE98EFEE370548D82
:105C6000E85F41B0C689859697EDB54C638390FF98
:105C700046FA9D232D4C5CC5E3EC89EC937CF7063A
:105C800043F238BEA26808B8F0DB23E89135D8604B
:105C9000A6D1359C17DCD4666E91539A45945A8DE3
:105CA000EB70415CC18BDDDB0E2049D10EF3AA8184
:105CB000A5783841DC260F6E66A692BC7134332974
:105CC000F07138E55053D9B65DC827F1275C997655
:105CD000B85699EFED8D72934EC2BE42378DD7FB09
:105CE0003C460EA4706133C0D7987A3CF601C801D7
:105CF0000C3771BE795C1FF2166234939FA0845BEF
:105D00000EA57F1206866A4E65D88C19AE39FFBF84
:105D1000AB073F29B14B2D7EE5735C6ED5E757CBC2
:105D2000979F29B29F8AC583C5EA9C343E45129548
:105D3000169F9C7400011032B2B71A2BE64DDC316D
:105D4000019AD4FCE51FEC34B08B5F650B7B76FDCC
:105D500001FC0EE65358612E327EF925F59C7A92AD
:105D6000C32645C316BEC80DD2C042F7EDA3D61256
:105D70000CC94EDA77B4737708FB99B0133E5CC652
:105D80008F01617173D0B8F978901DB0D9868E9C5F
:105D900089C1AB16567C2AEF3977FD2C5151A6727A
:105DA000A49C8FBCA3C388786E6D4467CC909B790C
:105DB000A8996B7D84DE4F74EA5A4CB9B94B55F7FC
:105DC000DDBB49F5FCE93FC9B33DE2413960737C75
:105DD00076F7A18228A5BCA88060875A6060E88C0D
:105DE000CB6A91AF58EBFEF2F711326F1EE1EB9CDC
:105DF0004022D2D93B8A77B5F1879F9584CE3BA7C5
:105E0000A2ACA58D1ACEB372427441D4D8C6FA6B37
:105E1000D77803B83BF33457295D883F270A876C4E
:105E2000E5E18706D9609FD7494EC332D2708DB461
:105E3000BA8F6C6EB72BE1441DA6FDAE81409EBFAC
:105E40007274F20216918C3076F2074C2029DEE74C
:105E500034CE98F7DD3BDF82897580C7C3252830B3
:105E60005B0D9C3C1F6B7B904D749F45A7C62DC856
:105E700094478404606586D33DA1446FDCEF7905C7
:105E80001930ED8ABD26A9EE4399B8444B6D6C9B41
:105E900056FF5368650768B6474C11FFF28174845A
:105EA0004E02CAEF3E474A80698C525CB0BADAFDB6
:105EB00043AFF538329D721F3078EC462DFB8FC012
:105EC000179C59414459AEFE7F17E79B6B9559F3D8
:105ED000F248030BDCF9773D484626A90F321294AD
:105EE0003613D3C52C234B1842CA9064F8DFAA8717
:105EF000478344980C922CF8D258545A7AA8F13718
:105F000027D5C8059402D57C88287B9C6BAD84E49A
:105F10009E1438B83BED7C2E03866B8252A2B4B837
:105F200047587A08B4D24691AD8804860C215C2685
:105F30006F9A695EA7D2971AFBD2E30D455C0F4FAB
:105F400005BE1DAF796018C095A7E28ECE807BD2CA
:105F5000E2DADA5B4A8F3C153658FD199C63CA7742
:105F6000346E37F27E72D779B8FFCF0934A36EB39F
:105F7000233A745B6F869C9C33FC8FFB66258FFFF6
:105F8000EC448C4284B53EE326256CFF4948421B15
:105F90009A1C23981D816D367890E5AB4848CDEC6E
:105FA000E84F7E6B5F7040A34F95558663261C7F3C
:105FB00002678490515DA16CD154FDA324F604BE08
:105FC0008E0E2B6FBCABB07CEE91E86FFBDB88E6EE
:105FD000F003C7F3401703CFA82F3FE150CBBBEB33
:105FE00079292AF3C733432A3646FDE6D9C72D8DD2
:105FF000357D58DAFE0E5DDDFBE6EE4E0BB3C00CD0
:10600000A64A9396329466B60400C41E6438D7CC70
:10601000344074373A48BBFFC1EB402766FDC0905F
:10602000579E1201F1CF33FCDA10590195A48C2E42
:10603000AC2094E4DA655D5A8A177E861224D8A5CE
:106040005A882C18B2B09A6DE7D7DCEE1F4506B01F
:106050006EEC74177FFAB87052CD402B5E79A0E8D1
:10606000A6084D2F6E3B89A5CA7A21C8DE415D0D79
:106070007EAC656C6281C9EB7E2732E3DCC87CC1F3
:1060800006FC9BAB1A50BAC0AD22FA7C9F6C487AD2
:1060900018A22CAA7CD2DC68D96BD06497715DA061
:1060A0005D508C0962036C3830F8A77B5C7D4E5BD9
:1060B000DD660AC056CB38D30845F486C432D4B066
:1060C000B2DC46EFF58A8E032303B0B5AF8AD94818
:1060D00014F701AF76901C96123CCC49B8C951FA1E
:1060E000107FD696AF29247CA7DA8F7D784F1C05C8
:1060F0002B8B92EB70335181779ACAF4EE992596E7
:10610000A5731E4BC948FB08D29F759C2816A8E7AB
:10611000E4496ADE03DC4A1628D492B6579E204929
:1061200091A05D0BD455C4676AF8BA465F14DDE0F0
:10613000D0DFD044951DAC4B51E1669D6E54C8A88C
:10614000E493AC16B2E2FDFFDB53631EEA9A0A7CCD
:10615000DA5235667764A55A5F63B43CBE60059633
:106160004F60FA2D7782CBED62ED229F8EB26B5A93
:1061700090F4C9877EB87AF6D4C89C53402E0B6E33
:10618000D1142CDD35CF8D2C9EDFA0E87BAA546284
:1061900029118982FAD837FB469B408A43CE2A8A46
:1061A00089DCF4D446D1E82482C3B3A776116E66A5
:1061B00016286CB0810E3B20C8C1DAD5171E0FCA55
:1061C000608B968D64143BEA973F3D3AAF311100E6
:1061D000F10962A7EEF2256BBC519E7DF2ED6DFCDC
:1061E000081598D71752F4439F1225395C00ED002B
:1061F00093FC935B0709B7063E61FF18167A58D7E0
:10620000AED81AD4558039B80574C51AC82B0A619E
:10621000E7211FC546457FEFB9D70BE8B22E712C99
:10622000C5D071A795DE6AB8FA9CBC10C74499CC5A
:10623000EE0CAEFD1BE0CB3A657C7C67765C12E031
:106240007A920E350E57348C4182257EE4188140B7
:106250004253572CD379C9B660B73170CBE4B485BB
:106260002157BCCE27D0ADB0BA67EC977F6889457F
:106270007219562489CBB7106BB02B2B3B7B7481E2
:10628000E56EF45C42570621C39B5997315EC85CAA
:10629000AE61D5C41F1A12328ACCF466CE739E55F5
:1062A0003F6F4E3502BB1A9D82CBC79CED40509785
:1062B0007737A69068C03EE3B75DD697B75BC6ACAC
:1062C00093C702AD72FBBEF4ABEF38B358916715BC
:1062D000D21B070985F92D715A033BC47C2CA2F20D
:1062E0001314FC5D8E889EE8B965BDBF2CE14FD3C9
:1062F000D4FD4BDB8129F72F4616228B76507FCBBE
:10630000C8773CA9EF7C8FA85F2C401D96D29340A4
:10631000CF77F41BDB31F7BD376E00B3D5761A7536
:106320006264793E2BCC3691B05A78898E6F375A99
:106330009A0219D28145A9C3BCD9709DA664FFC534
:10634000D6BC9D03E06674229D0CE14811795E295C
:1063500026B436CFC4A7A40CECE907F5940EB155CA
:10636000E81C72948BF5331433EDA3976324EFED9F
:10637000AEEC6F8CB987D1CC217A41621D8B2E1186
:1063800098D82AA7C30DD42EEE257B6859C931139E
:106390005D571475F3091FC660BCEE81CA6B753971
:1063A00054A8829034164E3058F5D69461B1AB4A59
:1063B00084D8A017596862F99B0A140CF2D9745951
:1063C00003FFCFACAA4475657E9508854DB346F1B1
:1063D000E7C992D99A9376AB7AE5677CE0874C8FD0
:1063E0006ECA2702BCB19AE477A15663FF555C08D8
:1063F0002EC1B861879DDD976C27479AB581E41758
:106400006541802161C94D51F650541E94CE0388D8
:10641000DFDB0D771DFFC40C4902847F34EE670D6E
:10642000011B4ADE625C461FE59B1B69A8C06CA08D
:1064300032A9FDEBF29F470107648B4FD0E2B1DD3B
:10644000CC8B651624FC034E6C799C341331EF140D
:1064500023FA1028F20BA3E87A60F5C698E07BCE09
:1064600054FA544CA99667980B8017DA392A4DF0E4
:106470000AF5042DD50DC7C26FA6129235C4E021CE
:10648000E57CFDB6EF464F996CD9547C2827FC2556
:10649000A50F93D42B5EA3CD61067817E6CE1958CD
:1064A000C6597FCE28A540F5910CEDB038EF833C5E
:1064B000FBB2A0DB4EF2B92C5F27ED20191332C1DD
:1064C000BFBCB7578FBE4DF4DC85DDEE8A62420853
:1064D00049AFAC9631787F5AFBD05565ED0E4F131E
:1064E0007A15053B3EF8F6FD48E8686A1EE8B5F106
:1064F0009270CE80C058117FBE2DB781C544451B18
:10650000DFC77CEAD04E9175E4B6B25C164FDD0D64
:10651000B5B5BA273274D87F7A08554421661CACC9
:106520001314C933965B18E47DCA286F371AF32E0B
:10653000EBB15112F9A19CB2660BBB5B6DBD251E80
:106540000A6CF409FCB1860E4265040FF14A05B2EB
:10655000E15062DEF5720FDE22092320A6FAB53281
:10656000E4E110B084127D1E60A50DF1535B634A17
:1065700084249C1E84D2EA43D0D288228F47EACC5E
:106580000C8EE995F96E0376A59D7899CFDE2ED510
:10659000FF1AE4E11038AF9B1A8DB3925C4B1CF4E8
:1065A000F5B41764F4FECF8AA87F3A17837D5DF5B2
:1065B000C85DB5B2C532C7691D1173C33BB77E5DF7
:1065C0005B75907F367E16145E00A5626D7A2A0692
:1065D000D317BADBEF91E2A9C667B5FD5519C70518
:1065E000C7721443F5661F41CCB2C0702C7E3B04C9
:1065F0003CAF485AA42F6CE2D7BA6D3189F4856E4E
:1066000037B272DA0892D08ADF1305E8594F466B29
:10661000B49BA978165CA830AF8D0CF6B63B8F27DB
:1066200079616FA784B70E66C57A06399F9EA7ACBD
:10663000D5EE7FC1EAAF220BE12FC4A3047F03A9EB
:106640007F0414C07A4D8DD752F6025726F0A0D998
:106650009A8679C7922A9720B8C4D0656F7F92A195
:1066600065BBB78B019007E369F533C443D4E1A15F
:10667000912B2B065EC99D05E75AEB7F04124B69EF
:10668000889DD8B497B9D8943C3E33E54103F56969
:10669000A82E6B051A0D0853DF4F366A2B123EA148
:1066A000697B7E2A7165C8ED1C868099A022B03C6A
:1066B00038C772D74C957A6F1BD925373C3E39E0E5
:1066C000EF666EE2013B0496BB72C7E6ED34482FDD
:1066D0009582EED433512360C9EB58B6CAA53CBAB3
:1066E000D214178632D4559F0940FC5BAA06F07F6E
:1066F000DF379665589663C2DA0513120CAB48D1A2
:10670000645FD29E86B1EE72910C6E331F8C69A8C5
:106710000FDD08EF16C096D78177475545BEC051AB
:10672000961CEF8EFE5B4966E88CF31FE66624FA42
:10673000C93D3C962A43E69DCF9E80005D3F0D7E7D
:106740005FA3682E47CF46FABC87B8A4CA497C929B
:10675000A6E18C7D1456B76E31A128F287EC40DC9F
:106760008E1A693C9C4538E24F843058B9DFD59D7C
:10677000F371D7B735751A659221AB064151843F45
:10678000599C932AA019F6BE60F4104B7D3CCAA711
:106790006778B11AF4A8FDDDA727EB680E47619270
:1067A0005C643E05FC061087337F0724B507505F05
:1067B000B4C292C39730BAB4955879117744D28A4B
:1067C000FADBBD154935E255EB922EF67A71C8FA1F
:1067D0006A48A632FADB6BF93E55F2C1F3CD32C4FA
:1067E00010A88381BC6CFD6F08B2AFB8D562711E72
:1067F000F73C775811CBB8FAE0701852099BF80EA5
:10680000903729F46105CF202ED30EE3B33C0EC69A
:106810007D06167BADEF1F886EE867EBBB6EC50487
:106820003C0FE6736D428A28051E81E9E40468B3D3
:1068300073972FC9DD6E042090361A79DCD904D6FF
:10684000D955634AC73A58146874E39120CB01D7ED
:10685000B1A8A5103FEDB897A3ACCCB5E953EF1D97
:10686000A1D502C1338B5351A083D503A26F697B9D
:10687000B75E7EFE8F014AD5CBC8D0075A1850525A
:10688000AA48EEF631F5E90B39BD3917C923E0D82E
:10689000B48AA2ED069D1CBED1A19D825DE7814A0E
:1068A0004215C74F345FD6AA19F366BE8ACB239E22
:1068B000714A678DF01EE51BE8D0F33EEDAE6A88A5
:1068C0004EB800A46334AAA2C446B107FCFB2AA3B5
:1068D000352A7CF747A97C3BEA80D6DCAEA9B06AB2
:1068E000A35FA1093933070AF50962686AD22EE16C
:1068F000D086F7F2E1C0F3BB936CB8DDC5ED6D67F0
:10690000C0F3FB085075A7BC0F711374A83CC24DAF
:1069100017AD0746F334E3FC6B7F4C212BB872E1D3
:106920001276A18126DDFF75D41E7F30CA5AAFE7EB
:106930009B84199BB5600C992FAD9E6E980797BBF1
:106940004B6FD6AD20EDE67ACC87ABD295BDE4484F
:106950002ED0B2FD01F57979BA198445E30C326B7A
:10696000DB8ECA010D9F89FCF5E01CB4CCC84A43FC
:10697000B0A700AF909016FAA8AE3A23E2BE312E2F
:10698000F58C27B380A69E780EB6945EDAC3364E99
:10699000B7D76683CC28F288F9138D42C53FB8205B
:1069A000807895A1C91D8DFE57E6B44258A5614B6C
:1069B000B5C3B39A05AB6F7A8437DABB339872CA22
:1069C00089CC82D3076CF75C787B8F69F8C2278A01
:1069D000F3AF9A70C8F0B378B362E96BCD24698ADB
:1069E000517ED2889BA8BFFCA7DA62AF1703318B18
:1069F00062676D18CFE869AA19ED12C94CD74C81AE
:106A000066EFC2FD5A2D8EDC3548F096A31E47AFC7
:106A10000B3715DAC43F0888B486811BFDC7474091
:106A20007B5F1242B312D7A16E5C6EDA9D2B23639B
:106A3000916E5834EA52C19DB075ECBBCD94528B27
:106A400062450998413A8BC167A4E9C50104FD0E6E
:106A500071FA8EB6F9DF367E27DBCCE582E070591D
:106A6000C27CDBA289FB46D16B8E728AD1A37337BD
:106A70008BDE0BC7566710A5C14759E9B294670D65
:106A800071F4963B952611A6A7EC84B9EAFB2FD3A7
:106A9000C0E2570FBD3BC5E516DE63D6B6C1DEE0EA
:106AA000AD319E71DC960293839692CF548A35580D
:106AB000B06A9CB577B174502710920261623CC4F1
:106AC0000566A2349570300255B3EF31FA953181E5
:106AD0008049D2AA84891EC737C4076552672F2B05
:106AE0009EF5B76F3333FFD9F32EE0E3D1A7D3532D
:106AF000FD174ED206500DD9C3E1F36AE3164244A6
:106B000041F75A391E08A6B76865EFACDA9CC21087
:106B10006256FF7ED1FFE2AAFA76274A7BD27E3008
:106B200092F232D21610BE2A89DAB2EA24E5DC43A8
:106B30008692080151CDAC4818B3A169FC5DC43CF4
:106B40001ADC266B0CF0A44E14FB56F3C6B9853143
:106B5000247FA0CEAFD06B8EA2F439629DBB4030B3
:106B600076A0E822AC00EBB6928999041C29F0F6D5
:106B700023252621C646E8EE7AEEE09C230F161464
:106B80008E80389F30DE9697E33C45911D81416EA3
:106B9000E4ED7803E1B5B5C3C8D4E1A1B0EE29E4D2
:106BA00074C2AF207667C7361ED77BAF892996F1AE
:106BB000B07269D5E9D9E59584B6F733F7C42753A0
:106BC0000F304FC8E7AF9585B9EC9A63E2545F1870
:106BD0001B47936006B5EEDCFE3B7BA7798180A264
:106BE0007633CEF082AACBFB83F8D8C33910F328D2
:106BF00093B281AB0180F171F3CA5553AC3338ECD9
:106C0000BC99D88C1F8681EA416DE3D971D9A43E25
:106C1000E6589FE2332D30EB97FE05DDD90C8D1E33
:106C20006BDC25641BEE86FAF0BC6F1E81B9CF4C7D
:106C3000DCCD6B276A99821C425ECEB5882A13D7B9
:106C40001C966AE37EFB9A15A85B0DA4E7638A266F
:106C500003A57E7D5A686E7D8BFA635AAC01E86F9E
:106C6000053A4A97032B24A7E80CB0B23A3F3CCC34
:106C70009D5A2C773F110A5076A451151D5CDC40BB
:106C8000909412C221E84D60F7F96548514484C1DF
:106C900024D29FEA076D188F71251F54C464A9314F
:106CA000A6FBCA106E3C2C36FC1B54B3C3CE225B31
:106CB000400DF3FCFB3D80B95FD6E2C24D0D116281
:106CC00049549804895FEFD6169CD3699BFC844293
:106CD00088D9235B77B7B49DE05C8E8FAFCEA7B524
:106CE000FD3DBB09ED97DB5C2ABEA0FC02F43B95A1
:106CF000F9789F1E4CA36529EEF5F88283E62C5E99
:106D0000EA728CA6A972CF6FED77EB84388870FF9A
:106D1000CD4A63D33D4F6C44D8974AB0BD0F08A00D
:106D200045DA977BDE11CB50E6A7019A24D0E774B1
:106D3000D1C433002FE20652583360AA0A23EDB5BE
:106D400056A9E91F12A4817A97D69254D64478079F
:106D50009E40989EA80D00CB0A47B6D07DDA2999AF
:106D60009E0A289C504B08DBC298249F277969D43F
:106D70008D50B403208B126E4B25EBF89B88DA9E66
:106D80000FFAC4323170033738A8EF62FD8D6B3BC8
:106D9000B0735FB59A409683C1CC56C7ABB9A8F320
:106DA000B2E67DCCBCB841C979A102D656A343B79F
:106DB00056B22ACB6CB22166A3EBB7CCBAD7C3EFDD
:106DC000F8CDAE5054CB8A58FB926E5E7243B155EB
:106DD00045C1D5D8B9DB5DEBD90BB8CEE516A61801
:106DE0007050483D7E5EDF2E886EF251248E482F13
:106DF0001D6C42211D6F94F9F202719B321BF92820
:106E000001FDF9A93B13A7F149CA5ADF0AC5628FF0
:106E1000D9547F40CC4DE3F511E3C0CF9507E9F598
:106E2000293791FF53E9B81FE2BD380620E6B79D28
:106E3000B920111C3A8100C1930A25331A67F3491E
:106E4000588A4CCCD5A7F0CDE18F22F6BB5CC51893
:106E50007DE648C152738019477B125D9CE15BF669
:106E60002FC5B7B34C3F518C8BD10EBE1CE316D44B
:106E700069392CEEB7D4EA0689363840B7A315BB7A
:106E8000D6D02D9B27675CC8C6B67BC00EBA6704F8
:106E9000E44030E87FC4A7438DCC49316964431C8A
:106EA000BD8DE57A84BEC7E85A3F8F9934A2C3AA44
:106EB000062C12251A8EBD625D6C0634DC20E42E91
:106EC000B1D9182DBAA7721372EC1B28FBA37AA8AC
:106ED00009CC4ABE948DBD6CA5E9149DBD4FFC91B3
:106EE00070A5C7DC39437E87B5B1F382A8217F55F1
:106EF000150B5EB758320F4F4B3D4B77D996D021CB
:106F0000A42C81F8FF1403AC48CFDE47242C9ABC94
:106F1000F301A7CF72364B183BBBC8AF51DF0E0C45
:106F200056FA10FF1EDFC63C09B9D85F192D6DCC8B
:106F3000B3252B363DE98E57E8FA668982882363AC
:106F4000E70627BDF1A433A20E7E3E91162F93587B
:106F5000254ACE23D388D6583D87C20679C3A8BC1C
:106F6000718DFD189F1005EE00F696730FD5B12FA9
:106F70008E9A881A57D353EE0B593B204935D94284
:106F80009772B403E67AECA9ECCEC36579296AABB3
:106F900010E89B7EDA671DC2E7C6BE0201AB27740C
:106FA000611B26BC3429E02B19A633CC44AF8C9E40
:106FB0001DC5E61BE5970273CDBE202F8F389C7848
:106FC000A95E6D57E76C00542EAF27EFC9F7D7AE17
:106FD00052D9C76D77C99478E52310D65ED1A5D56F
:106FE0000EB56FB8BF24BC7332B85E48DC71DCCC20
:106FF000D23B8502425715D505B0DB705E43396B35
:1070000061B4702133EE53827A16FB74E5CC761CA2
:10701000C7472A811431137EC0AEB2E6803AC995C3
:10702000799F9FDEC16999C56469A10AA0A4BAEAE3
:10703000409DBEC8668097AA45656173A17AB5BCBC
:10704000D978D0D7D01EA1818B70B08207D46BB411
:10705000319E9E29A6B6F984DC2A70767FB3251A64
:107060009C1749AD69161ECFF2898DBABD7C097C8B
:107070003060CEBBA1815A4D0B635B52987D1534B5
:10708000AC57B91C145778FC0B4CD49FCF866E07B5
:10709000AEF3555D0D03F43BB472E62AF1DE1B73CB
:1070A000EFA351D181F19DF0B3BDB38AEF09D1BCFB
:1070B000F5A53D4DBC461E5EF5833E2ECF731E8169
:1070C000AD9F3F2CEE363E5DD9BAC8E0483861A48A
:1070D00076789BA0DB3104050E28EA03C352AF9BF0
:1070E00026E21721C9F920ABE55FDF2553063ABC3C
:1070F0004D41880864AAAADA9A1B29F3F49FFD2956
:10710000F4778140236F95E7CB485599119902CFC9
:10711000AF47EDDDA25E560BA42D480628531C6335
:1071200048B3F80411397EA7ACA14AB7F47FDD6FEC
:10713000600AB69D6ADFB60568335B560E809183A0
:10714000DCA77FE5612647C6A7513B62972C74A553
:10715000059253730D2E6C0E83BD8A6DC0A835DE6B
:10716000F4A782BCEBCBD1881C9B518E93327877ED
:1071700057B538130BD3A711DC3622DBCE727C74E3
:10718000E0D7EAE7ECD2678C1DCED979040005D1AF
:107190006C77EF735526300F7A86B6037B899DF79F
:1071A0006A41F59C072C44996C57710C3DE09B405B
:1071B000F7BCFED900797FD71E7500807835AABC50
:1071C0002415141F7A48E0DC63EC61109C823CD8E3
:1071D000CB6633DCB7BBB346123C5DF308BD2F5022
:1071E000112470E4A24FFAC5031D6B9D2F9B126FF3
:1071F000C9D9AA274D67605038E3DCBDAADE0879FB
:10720000AAB1DBD6AD92C7E571BE761F60D4A7CE1A
:10721000E30FBA2235C5101632869D8429DA43ED74
:10722000646CBEBC30C33431D101A128E82B310FCE
:107230006F704438C79DF68D10004E7C6F491795CE
:107240004D05658A62BB2E2B6CA7650C1FA0A27929
:107250002D7345B6F6A3024EC7D6C6AFFBC8A4D55C
:107260006739A8E0E97E95698C8E477BE91DBA29CC
:107270002AC9CA0370D2328C1E5B6F4030F3D7919B
:10728000F99D48EB3C0CDFDAE4DB254D107381E41B
:10729000D47082FCC45EA223D02BD8F45855130EB0
:1072A00015D898606F7E89236DD64FEE36A7C2DA67
:1072B0003BF4065EC2194EACB0DF7192D2E8C73221
:1072C00048944C9BFCB65DE953D8D9533EA7E07374
:1072D0002423CC862339425FB87F674AEE3664DACE
:1072E0000D947248B1A966C770B0020511C4957AB1
:1072F00064615CEEDDF3B6D5AF9FE1E0EA821E0487
:1073000079AB2D5746A13C50FC53B4F910221B8495
:10731000503FF9A9C4F3A692422E1C6829F8F6A79B
:107320004684D31FDBED84AAB078EF68A6E89EB34D
:107330005AC014D4E7236B4EF5B3C9FBB0C063DA6F
:10734000C9F9F19640905E114CBCA1214E13E9A7FA
:10735000F093713B5693D4816F9941691EE753AC0A
:1073600033F8D03535F23BD56B7534E4F38DF2D874
:1073700006F148949229B07BC95D6574DC9DC633E3
:107380007E232164657D0ADAF1FCBD3C04EA2A8C87
:10739000AFBDBA4D454756CA8601BC8AB224061312
:1073A000DA076B211669F6FAC3B637E6514E7FA6A7
:1073B0005C55E78E11334B9657A503E6E0BBDC0422
:1073C00040795DC9B61DBF93F11503799037673DCC
:1073D000A362C88F0E3AAB9855F0419A8805069D76
:1073E0001670D39EA6C60C3EEA7C8DB7F4A76583C3
:1073F000512133187712199F7DD31F2106ABF7CF88
:1074000054E14C99B655A8A3C13141D5A716F87FD0
:10741000935065404BCBC6050CCD124FFC75351211
:1074200047A082FF1BF82B6D8C502C0A4998893F8E
:10743000DFE511971AEF240D3E3B11DB5C2124069A
:10744000322240B457253F20BADE27357BDBBFA36D
:10745000C9F1679DD16E85B0223211B6C6F0D574E0
:10746000E2E83A059B6635521C15EA56C3927B1634
:1074700059E395E7897E298B04DFC02395418EA5CA
:10748000E55FC1D99FD5E1B495A9BD5444745A5F55
:1074900080B9CB5986882A65CB2208FCBF887658EC
:1074A000DFD4E87026E9D3B848EB1770BE740B2E12
:1074B00081732FC2CA0CC21533DF8C484F347B0650
:1074C0008BA109177AE8CF3FCCA70D45A64F14171B
:1074D0004B453A457EF8B9898EBF5D52BF9812B0D0
:1074E000DC715477040DEE182A84D9622548DE2217
:1074F000B079D56AE013130818F7C2B3E3957CF2AC
:107500005FC64972A13A2904066CAB4C8A5FB8B9D0
:1075100061468EB96305FC1290E8494B16FBBDEF3E
:10752000F5B4381B758FA692557D50B7A21187A36D
:10753000C6E4085921C118F0259C10A81454E62768
:107540004AA40AB4DD4E05AFE1CCB5DB80BB9B306D
:10755000BF1937330AEB7273D87807B32970C2B2F8
:1075600028EC6E92D366E34EF91E4A6917C095DE89
:1075700018F9BA13415048BD5F8E68A3619275BA7D
:10758000A956DCE64028779A5135C41A73888818C2
:10759000D23ADA37D6D664363EC6BCDA395648A96E
:1075A0007AAACF51C5A5C7026BD6F0011B4D1F7D2E
:1075B000440561C0F45FBCEB28B96E6A4CA1A6CA51
:1075C000412301FE285008E2742B457F8BC31D62C6
:1075D000123C6992FE1A606DB1CE60F42958FDC567
:1075E00072B70E4B2B258C9479077CB6F9F0F17BA2
:1075F000116618B429065754A076B545510BEBE92E
:107600008039CAC5DB07A2378A20C4F21B68A4668A
:107610002530EAA0C6A5F279C5E93B19A63C65E389
:107620003BDA8C4C2253A41328E9831AD23AA520C2
:1076300075C17F2D87377B9EB2EAF0224595E5071D
:10764000DF428EB642535D14B2C51D80FAA109D344
:10765000877B10DFC4F6B2524AFA3B2365B550A7C8
:1076600082A5C8A84E637608FC2F9E7602750798FF
:10767000736E39F236798BA0058E692DF9FB35F6DC
:107680005E9AA0079DAB030883D4E7980A2AAF9DB2
:107690007CB23127E4FAA1F1BD574FC67DB4B9449D
:1076A00034D24757BE313D2CFD4663D116AF6896A4
:1076B0004F656A45CDE38F4CABB01398B359E5BA2B
:1076C0003221AE1712C98166D5FF56B50A5354E56B
:1076D000DF20121CFFA375007E64C3454D64536E0A
:1076E00045853944A504E3F0BFCDDEE8ADEB83A7C3
:1076F000298BE58146C30BF9634575448C23A62C81
:1077000058C9FB322E95A80DE4A2E58561EE6CAF59
:10771000299D24B123151DC4C08CC54FBA76F08CA9
:107720007E98857E9EDA06B082E1D314A51855E1D5
:10773000682B269ADCB7EFD15EA7FCD233685D9147
:10774000AE8410F2A005E20DFEC060C51220E978FB
:10775000836EDDB40FC28A1C2418E54EDB36D16679
:107760007E4F05EAC7E0EAAE21E5BD343E6B71927B
:10777000663DAF5CE3CA858324816DCAD32933E4B7
:10778000B60E8C200D50EBADAEBA3CE93E772DAB7A
:1077900020B67EF655BBF8780AFBF789CB1844165D
:1077A000C67CE3FDAC2F9032DB7C858C7F294F11AA
:1077B00075913EC46D7F3E5BC9189299C1A6B30C0A
:1077C0006D17ECECB9CAE51D906D3142AAEA56126C
:1077D000904F26AA6496991256EF7D52D9B7F6B902
:1077E000DD0C684FEE4F0469AA77A788BD0AB9F18E
:1077F0008E838833A492CDBB3FC525651CF17231C1
:10780000EB29262695C871D814470A4E4AA661E589
:107810006BD292CC0DA76BF38ECE12AD129B565746
:10782000A6D3C60FE5C8BB2F98B9B09D1AC9011BD6
:107830002A5857910D0AB37844F8A1EA99F3A57331
:10784000AADB5B05506A915C8DE8A3216534C7E033
:10785000B89F5137685DAF4E569D432C2425D39277
:107860007E6A0BC59ACA1931D432F17356891BC48A
:10787000802B9D879EABB743C4F4ED7BADFF4CE3FB
:1078800052191F3722549FF3DD22C9D8CAB2AF4123
:10789000F8C8692C473ADCBDF02DB605D712AEFC0E
:1078A000E42344F1C82338925899B97AFCAF09E52A
:1078B000D56256B4A98BD4D0929135E082010FC61F
:1078C000F41A613DAAA5A1EF5637D22D6E46FF6985
:1078D000C2067F83C8512819783A0D7A73BAE957DE
:1078E0006C876FFF01F2D2727B9D93C2A7BB84D4D9
:1078F0004C3A3C2409A20A963BC56D280B1867D167
:10790000A842BEE97901089DB5AD5CCE3D39C829D4
:10791000047F6C8B6449D82A15E33C42ADA1F390F7
:10792000B32BF8324C7AB0B8B42A6399CA3AE1ACB6
:10793000DD24E0182E9D81B011F57F4E5EBF2FC370
:1079400064379005AE69CF788BE72A1BA95D25CEF9
:10795000A8020B0AD2C6B30DDBB2A8A4188BB3A43D
:10796000A6B768BC60070365E33EFB51117A36C4D5
:10797000F8E91177AFF055B479226F3F5B75611963
:10798000439D14B75CB9C460F5E44A6DBB8EF870D2
:10799000356A1EF8CCF32F8071F39B51113DE00442
:1079A0009CFF5DCB7EC38BF9D029A2ADD7BBB503BD
:1079B000F48B8A432050C13B6CF8C29BB8C6F7AE2B
:1079C0000B84C962EE6844F9745E09CF9068BC5EAE
:1079D000475B5CE9F37EE8BC63A22BB39B6537860B
:1079E000BECE8403C8A0B1865521D905D4AC687336
:1079F0008881B2E6645EDEB7D914AE6C076F4820AA
:107A0000A68B4933467DF7307B011682744FAAA2BC
:107A100027F2E8761B928315155313D4F2D3A6EF01
:107A2000114BA9BC02E54611A4236F11CEA06EDC58
:107A300020F9DEAC62701CEE9C179A606D8D4126B9
:107A4000807FA2EDD82B951C835A8BBAA7A87431DE
:107A500034E5559EE4D11966C6DD4423FDA1677463
:107A60007ED2B6D98737209F9B42C78788FAFDB858
:107A7000B46D0FF236804C39C682FBCB50DCC3B2FA
:107A80008F9D8FA9513E4169B1CFA0D9995264C64B
:107A900052929ECE33CFFFEA6013E919A4566F6667
:107AA0008848F62262BD39788048E21A4D9B8CAE38
:107AB00067066BE32E5ED132E3B074C2705F0DBD1A
:107AC0000556F236930627A3A4B330A165BAD51D97
:107AD00062D5B712B6DBFE441AAA791DADF05C6020
:107AE00047062D797EDDEA32599DC7315E0DB7EB31
:107AF0006741BABC06F1A0375BAED5015D21173BEB
:107B00006197DCE3BB11E0015DCF095BC45D9F0DB4
:107B1000345ABA96690F150225B2F747A55FA3AE8E
:107B2000DC4E059F6F8DD20A610BFDCC046328F8F3
:107B30003CB9AB6CFD61E56152B81B2A176AC1FE06
:107B40008D94F0A20CB888DDC65C65D5B9ECA004B4
:107B5000AF39E6B58E8417A20475A6E9272B583EE7
:107B600079F77D9EF7462BB24283140D9E486D43F4
:107B700036F8908689B7B6FCBB9EB7E42124BA4597
:107B8000CBDE48594E90651D2CA24421845563A03C
:107B90008A9310E25F4BA39AEBF8F216F8800F2657
:107BA000393DD3C544C894EAEA4C34DA09F60B42AD
:107BB000B9B9FF957CFD03AE099F7DDD06AC8F470B
:107BC000AF774AB08431E958F57B93B09CA74FA1B9
:107BD0002838BBDE14B22F02EC608B7E9D5BEE92E8
:107BE000F70A81E76A68B1E92FAF8CDB295D13CF13
:107BF000ED4A633EB4FB6200229E3EF6633CA90858
:107C00006E3969AB7CDAE4E23F993A0B428CDA8F49
:107C10006D39FDA2B26AA8E2F388DCA98BAD3A9077
:107C2000D41ACAC8E5AD727137CA369AC95807382E
:107C300050E1E7E6255CA9FBEC0136E8EE4E7C124C
:107C4000309DBD47E7A1F2F077DCA5C935EB4D9D2E
:107C5000819BF0ADEDCEE80629E89EFE52D5C8E442
:107C6000578D0847BA2FBBA7FEA21741629856A8A6
:107C7000FD6FD2153B5F706239D7DCCD4A91105B46
:107C80001F87A6B3EB0438AA8B2B3DB466988F18D8
:107C900046CEA20BB660C58B3ED5922D99C3744ECD
:107CA000699C0CF5C833FB6DD490020B4C30E57C1D
:107CB00090D14B8A92ACB8C650DDE988EE357EC7CC
:107CC000FA2768B972140EC65100ED31199B315173
:107CD00024D40B803C3D05C09364C0724634039CA1
:107CE0002EE125013034BAADD5D81128B883BEB203
:107CF000EE2CE6DDF57882268725BD76D9E1E71EF4
:107D0000F177F21FFEBD74EEA301386186F7BAAEBB
:107D1000E528B907A0F3EB24CF4F4A235CDD1A8195
:107D2000E8F531843721AC0F0D4487137EF62E42DF
:107D3000DC227861E5FF0F6FC11663FCEAD272D7CF
:107D4000BFDAECEA6A846C0F64BD6C15681F609A38
:107D5000E89091F45C105A70B2A7A4622D8DB5B969
:107D600092B03614656BFE3F1021DB3A1BC9C66327
:107D7000A496C20E4FF14649B098F1661F32327890
:107D8000557F097B6805BA6516DAB6D98D0BB72A17
:107D900066B9ECB9B39A15D9D177258EDE30426A2F
:107DA000975E82244AF045B6782D1F21C95755FBAE
:107DB000F85FD49C66F4295E04C9DFA15B24AA02A3
:107DC0007B01B69AA4705003902A17666BD79BE587
:107DD00077E5FBB6EF70E01BE9FA09CCFD2CF61C49
:107DE000B910A1E8928ECCCF70530020AFE525B436
:107DF0006BB893A13DBF45A11CC7E1E1872F6A2C59
:107E0000DCEDAC7BB6682DC313ACD118F37B978740
:107E1000A9BDB5D822A135FA72833504FEA57874C0
:107E2000F355AF86E09802007A16AA4F177B3364A9
:107E30000911849F53DD937E40703B5250519DCE7B
:107E400079D628D65189CF59625C935433EFE26DCD
:107E5000724F12AF09A99E7FAFCDF951F5717937F5
:107E6000A11E8A98F71C32761D391F5C4436A12367
:107E70009349926DD447A0D6F58DEFFE3F45863CE1
:107E80008A9532EACD4964291CFE84FA75B32EE442
:107E900017121B143CDB920009E1F2328B9F899888
:107EA00002E8F5D2C2FCFDF876E0DA137AFADFECEC
:107EB000276BB88CAFF41CEDC5C16F517581C92E0D
:107EC0009366D6F755908CD4283BEE57794E3D7B80
:107ED0007C935ECEB2DEF815B10BFB8CE469FCEC52
:107EE00039EB1E1B443C02367A1DB7E846A7D42A5C
:107EF0008EC99A62C81730A95DF58A3FEF6FBC95AD
:107F0000D3E1497BC38909979870017B1BBBAF14F0
:107F10008B663366B763D9B7A17B1F8B21B76263CA
:107F20004A67351B21365147FF5F0C86040695834F
:107F3000437A514BB2228440856FE91F725D5666C9
:107F4000487B4A92355E0C38610F585EBE361B1373
:107F5000A25D699BA5090B732F015940D8CEED9402
:107F600010DB4FEABF558C949CA707FDC327C06B5D
:107F700008BFF488DD43C9FDC6D02BF118F3E2F247
:107F8000675073DE4059C01A8B845FD2AC28900DC5
:107F9000F32C5D3566CE635B9D73CBA668FB0D4B02
:107FA0002C5A6AA5B22E2A7AFAE1DAA721E55611EF
:107FB00009C115094DAD59E670DFFBFF24CE622CD7
:107FC00037AAFC5229C7FB08201C90471A4B911A6C
:107FD0007B134CAB386AC243E46DCE52384E4956DF
:107FE000601CEA060623FDAE39C349C140A9934F80
:107FF000E05F6788504D13499D2C1FC939E50687FE
:10800000C63A2F243801FB08451E4A5FB89D53111C
:10801000C8754BDE56A354EBF3930566422109065F
:1080200017AA0E246608125197CF18E868B661E9BE
:108030004A872E69495EFADCEE236E722AAB110282
:108040007ED52F74CB52E36CB6211F1502D915EEE5
:108050005B646A2228C6964B5301F5D4E113239141
:10806000685AD6442150A287BD3AFE13419BCA15D7
:10807000E42BDB92A54512CAA7D015123237105A4D
:10808000402FF9D1433712C40B5975E6FCEA198128
:10809000458C916D06F61AB2C8A1C6082485978949
:1080A000FFF89F6B4B9EA92D9C4114C236003F9A4E
:1080B000F8D8A271E918C45C5BA07F7CA9FEEC250E
:1080C000DB83F7B2B5BAAA351438EF05B035CE1A4E
:1080D00035157C976BE32481AA95E95BC8A0C6ECB3
:1080E0007770047C6E2BDE5698EF74AF0BCFCC1EEE
:1080F00023AD9F1ACC98725C95885231CC53EC48D2
:108100000CAB9DE7579C58EA46D38F327A33A8BE12
:10811000ED8986B9EBE4281379A677A695574CC864
:108120006B14BC1B0B561F48413D0EAB2E4E3659EF
:108130008B3BAB227644792AAD75052898F694EBF3
:10814000D9A343665FE9E21D8E41EF51D7E6056191
:10815000413EEE70DCEF75C4B8E766A59148439FD9
:108160002063AC1172CFE345A09C40EF7BAE703A28
:1081700092F3B5E87BE49ACA7F442FE2E48F30D4CF
:1081800096C3E5BB198E9C0EFF64D2C6D929A432D2
:10819000BE41533CF913B59F1428F2AEF5E869A22D
:1081A00045BDBD9894D5E68021EED6A7B8478B484B
:1081B0001D259374F2BB58F28CD673082B33C93E3D
:1081C000FB95595F1AE041FFE79FEF3ED9F39C26EC
:1081D000C1DCF165DD546A7EE72B25C65369A55ED7
:1081E000009A97A1E1F4A689D375F9383883CAE3D8
:1081F000F7D918F29552253D09FECF002CDAE7F7A2
:10820000757804F1A71669EA1A14242F82303D9F6D
:10821000AE600B05A8085CC8C5523B2CE6D56B5771
:10822000241ECAB5F84E396935A7233054D1C00E83
:10823000F876EEB06926857C0D52ED6918DCA2D483
:1082400041979BF6854D4C125F27A5A12B7C6DB500
:10825000158DF3FA512437E10B0745C8DC6112068E
:1082600080E4AAA9A32051E27935197D0C7FC6DAF2
:10827000921B8EECF38CC60B2B2F76FB777E842C17
:10828000F6F20579FD7E2E7A90321281508B023AF9
:10829000403ABBF005497346A0B50418A2196645DB
:1082A000E96A8619FE40B10A5319C03B9E7AFC5D0B
:1082B000C0496952985C3F86ADA88B7F3F2BFDA4D7
:1082C000EF8EC20E21F04AD0D0E535BAC9BC1025D8
:1082D000286B61AB430F3A01137000FAA73FB45407
:1082E00036C90C1FDE9AE2B350430A87B936ABF8A1
:1082F000E6800FA3CEEDAFAF3E56351896B341F8EA
:108300002ADA4D52DFA51AF9FA04F0246530D73C79
:10831000B1C13226513C8E37F5ECB21E99457F65CE
:10832000DCBEAFE9B0507A4BA981E266130CCF599D
:108330006289186920FE282B0B99FCEAE4AC42C63E
:108340003EFCB49CCDE80162A5D8088048EC63F3FC
:1083500061841985887A93B88BD922C754FBD1BC24
:10836000BDA1E2D7246B602986AE0215D6D4C19593
:108370003E83C742392914D2F405E1A68AAA2DB456
:108380008E348B1BD3715782D61152D21C7D4CC7B1
:1083900099EE445CFD7C10CB8931E1C1F370CAE7F2
:1083A0003DE776C775D24D90A73FCF5EC783A90B37
:1083B0009D7BD7A49245D57CF4601B8A8F7B31E5E9
:1083C000477CC052B9CACD7EAEEDFCAC12E8CC936E
:1083D000BDDA2C2615D232DEE1C8170A6344CB235E
:1083E000DACA4D58E81C68DFD97153338CE089D064
:1083F000BE93403FE5BD72CD3B8D9DA8174A0F3817
:1084000099EE32469628CC752A8C6AD20384417E36
:10841000F200B8CB747CFD8187F525BD323B20DEB0
:10842000FE881EAAB8EF36794768FE2251EB361750
:10843000C81FF8BA7E1728F27499EF38E39E6121BD
:108440001805C467B7C3F07040EB528B95B449254B
:10845000EFBBB7AC6B02CA59115679B93A387504FB
:10846000071E23641B674E3BB7CD740B580598025B
:10847000D3C8A3F5DDF80F5C4D062218CD9442C990
:10848000873959384B09900C3948E969F7E258C2E5
:10849000B88777408DAFB3BD5567CBDD85FC972E90
:1084A0004DFA68F0B9DE7D882CAFC4848CA0A47727
:1084B000518658A2E14E71439AD765F11E87237702
:1084C00033B051726B40D36761308C78200C7BB530
:1084D0004DC5503800F31BD7D4F67B28A2C484CAFC
:1084E0008E9506E20FB01E1D39CBDCC740C900389F
:1084F000D1F69E5FB103C6F6FA8524A43B1BE34286
:10850000F3305B130DC04646292057564F0218D44E
:108510003763D74C4B5232E32A8501C19B7FD7D8B2
:1085200018DAAEFBCC69C1270A73F69B41643E4260
:10853000BD7FEAB2A1AC7A29E9602A69D727252252
:10854000857DAC38FD2F888C4680AC6E2F9331F240
:10855000D739553B75ABE0AD26F96108B4AB48148B
:108560008B5FC0832792E7A03F4D9210872DF39930
:10857000AF1B6E1106FE6EBD5F84E86C4C63AE1CD3
:108580009EB891CD4BA5E552C5CB922824D217CDEC
:10859000F851BDBEC35A51BE70FCF363FC9F3B9AB9
:1085A0005F7227DA856B1AC0853D0108344699F75A
:1085B0000427C87825A863ECBED17A126A05C335B2
:1085C0005C336E6A320E9FDBE8DFD560EBCF471677
:1085D000ED92A73723A42ACDBD96ABCCBEA4398695
:1085E00003D2BA79B0E2866277F8689A30DAF44E4C
:1085F000EBD07469BF2BFDA163D6FEC32E1DE42D05
:10860000194C77857933FD09977E0BECA2057B88A1
:10861000D85331654E6017CFD28865197B0CA7A55A
:10862000D85C83ACA9084165AA4E7EB80C313FDA0C
:10863000CE406C28A9648B3934C69952EC2B801239
:1086400010CC918E34F1B4430C96CE2807113659D4
:108650000EDF2914EC742C0989EE25716D37A2BA4E
:108660001FE4FCE0F45B7E225CF1AF555D31C29803
:10867000E7BC8747748BF7291CCD05643E5BE36339
:1086800086CF31F8CA1CA6EDF90CCF79055E429D64
:10869000581A3616A662D783E55EF5A82CBFDEB859
:1086A000D059406759F97AA27EF238079CFBDE4721
:1086B00053DC9ED0847B7E9239ACF581C43FA59576
:1086C000265AECC4EE42C60D2699EEAF1AF1E4111B
:1086D0009F4002F2C29C58BEC721BD7DA1329A1AAA
:1086E00025851BDD52CFBE642ADAB5BE20AC0F64EF
:1086F000278419EF8365285A21978F00F1E6A00A95
:10870000A89372D318EDAF2A41439BE80FA5F1520D
:108710000CC3EFB7BF930DE13E0E583BFF0BFAB110
:1087200053E8CC87564E0605EAFE0DBFB8E0F94384
:10873000038F5837D369FFDDD3417924984A09E77D
:1087400086B4BD08C628ACF29648C993C96233BF47
:10875000DA29901631885B41F3BBF4347B914F5595
:1087600033E2ADC4B0F8F52A6FB4196C44D5CA72BF
:108770007FABF22623E93548C1285A259551EAC036
:10878000DD57F6466A19203ECBD953AD3E8FB2E98C
:108790008E715084C0FDB4FAF36360AA4C3AFCEECB
:1087A00000E4BB0F33E0F867E4C6019197EB507625
:1087B000E34B15E52198370B0C368472A03B3DB096
:1087C000C47036EA05CB9A8869D918DBE333241FD5
:1087D00017AE19BD8C383899039D5F49C9463F02D1
:1087E000852CBFD89DCC0D634044F50466651A778F
:1087F0002B2FFA55984EFC14E5D41C71E13CAB2E9E
:10880000F566D0148A1A58EAD845BB17A895BF2E2A
:10881000573F11A362EF69CDB7AB7699B57BF45C96
:108820008485B78A443EC1E3AE73935F95E82545DE
:108830002FCC6AC5CDAE581D7EB84203943C243F70
:10884000464F643EED4CAEB5CAF018592D691EDD99
:10885000EDE5E219CEA86A3A7E5C0F75CD3CF34D8A
:108860001DE20B11C38651D15CF38C5368E9F3BB55
:10887000E127B3A215079DEBFCF642BF0F415D7DDA
:10888000AE1F560B89059B92ACC64E72288A55A81E
:10889000DAFD856137780E31537BDA4A507D759168
:1088A000AA31711356818BAC8A4E62360F26E84688
:1088B0002ED90CAE5E7B47E8A8CF803932CA48C3B8
:1088C0000092D1B42AC35411CC9677E9BAEEB28C97
:1088D000FA50E8C2F07C4935E38CADDFF3AD46C415
:1088E00099BC81E2B95AAB23ECB12700D9942B5043
:1088F00043D5DA5B8CF966737D7DBE38058C467096
:1089000064270B81F28AA527455326AA78041668A6
:108910001ED540E47CEE4A3E88BCE9900D367331AA
:108920005E507E7EB87094C7D236333149D359F742
:10893000C477EE21FA97A18D6B2399B10F5E0E5487
:108940004276A42CDCBE1F4883C8630002D5D20D3A
:1089500083F7DA0C6A0FD096E078E6B75C70243AB9
:108960009FE73324B528848E4E3CA0710911DAE6C6
:1089700097C864564041C8BE2AA2D79DF825DA554B
:10898000F8F32B48D2FBF96B18BC791CDC385C9BE4
:10899000348A447E172D1F3E3B19FC856345539551
:1089A00036B20F40FBBA5BD8013B75B38476B07822
:1089B0008E1841715A76D40EE55322DF5CCED5165F
:1089C00048C1B7647159EC66662E2F6FBAAA93EB53
:1089D000605CF315E11E2E7BF29D377AF8F2B783C7
:1089E000C050CF690B7652BDAEFE61355E278B124B
:1089F0003283591216E09A28539D610AC00FAB02C8
:108A00005808F9C161971537B2F50CE15E56F19B34
:108A1000FEDEAAC7CB213D104D796B466C202F8816
:108A2000D1B2C697A9CED950C9A328DDE1C0374538
:108A3000FB004A873174821CA94D11340B96DD1856
:108A400086BDC81BB43BD4EA3CC157CBB193D18E91
:108A50001163B92FE1D8CBA438FC15A2BF9DED6EF0
:108A6000053F93152AA204B2A35F9DA2C0767F7E24
:108A700049D8143A961C5B6F98214EAE06817B2E26
:108A800014E5DE9902127F961B27ED97D376B0BDD1
:108A90001CA1CB23A0414EC23D6BCD2794503A1E62
:108AA0008A50306A05DBD6F81912F33A65F44D4E58
:108AB000843D52255BEDF71F9CE10C9693A462E880
:108AC0007CF37267911F3D125EE4BA0BFC3FB9065E
:108AD00027038A9230E5DA007F3AEF86CC00A0BB0C
:108AE00006395E88CFAE2DBD699BB63E48BBA281DC
:108AF000362E421477EB5F97E5B6ED4348A7953ED7
:108B000022D9B34DC37EACA246ECACF504AA724E9A
:108B100041597E3457565966EA25C09A4D6407A3D9
:108B200069121BAAF07BFFA2C56F4A8047C19CD087
:108B3000D1283BDA759DADBD1C40DD8917A733F800
:108B40009E01F3B3B119D3F945BE82262254849A0B
:108B50005F7EE5B787F44DE556BA3F2D6BFA50645A
:108B6000538031D5A096C3CC8017AFBBBB450684DC
:108B7000E62926808766945F7A6DDC493A006E5755
:108B8000DA46C2DF98664A444002BEB1FEA111F047
:108B900008FD91E3C8CC47154BD609922C0BD1A602
:108BA0005EEBD00080CE44F9845598D269CDDBC10C
:108BB000253C782B4415270057818BA0E53B2DD809
:108BC00001BDF35489AD7F9140C9068F68B7901CF1
:108BD00034439E41493EB38CB01567560A26F5C012
:108BE0008054554558F146FD10D05F0C1C82720F21
:108BF000F235E9E9D3CCD99A308951C17DC7728564
:108C00006426645C388A4DF0416A67886363473B39
:108C100036FCF04A60C61EE441F79A8A65289678C9
:108C20004BF922B3AAAC8BA082B428869D04B0175E
:108C30004BDF52394E9BA162AB753E33CBF9766B5D
:108C40003ED5D84DF1CD7251AC6FE878E07503E2B6
:108C500054A39C78D2643121C03DFB079312BFAE70
:108C6000E90FB8B1D37CDCC36EE49D3B412C283FB7
:108C7000BF9B188067F46B96BC326E11841F8A3AD2
:108C800071A6E3AA3D8FA95C06BE7EF39AE8A90B04
:108C900014F7B5844293B02E852119DAF6F099576E
:108CA000BFE07324001812FFC0238ACD0F71664DF8
:108CB000E3455B495E7C7FAE295EC3BEB10A1365A6
:108CC0000ABEDC84F2B116167ABD0759052CDE887F
:108CD000F00F7D5508DBA9C64C0BAFA37E3C850B7E
:108CE00055AF04F8D89AA1C7A7428B119905632AFA
:108CF000287B11A1EC4B708CCF30D225F4CD3E2FC8
:108D0000BCDB1E6D7E19333C61361E282FFC55A737
:108D1000CDFC415FB7A6F247F43E33945D4B4DF571
:108D2000D3C1841EB01D13307EE9976284DF7F2D8E
:108D30001FF169E3B13D53F3861DF1A1B6A35420A1
:108D400001D4068F736B4F297A69F2C60EBE9E8BD3
:108D50008DD8AAD705914CEBA30D7A6CDDED0AED09
:108D60007BC48A0C1D3C83DC7985B4BDEBEADD5203
:108D700093EF19AEE96BAF735293F2D01C11BD445F
:108D8000BA4D64BB2FB81167DF47FD4CFD5B21B7BF
:108D9000EC8CD52CD9CBC7A90F2D1D60D8EC59B6BA
:108DA000D8C9BB2A0509A7F284A1F3D88B60252472
:108DB000A60927C959830C0BDAA2E0658A7A5EB34B
:108DC000896382ED55A67ECC09D7AA139123625FF1
:108DD00045A5506D9CF5DB3F901276F5B0A2D417F7
:108DE000C754D813E9A6709C3F0173ADF914B1378D
:108DF00022DA672AC66849A4980E1538B7D2C75335
:108E00002498D75FE0C6AC5F48C71122AD7BC12C68
:108E1000C8409FF7E6DF749188B3F4ED1ABFAA92B9
:108E200074E1008A1D54B6CC69FC834D2A6FD91CAD
:108E3000030760DE42482BC22BA779D98E8F288486
:108E40008C059118B291357C2A0B2594C2E6E17805
:108E5000449F35E30C54C1B976CA07861FE2E3DBB1
:108E6000784A2F3677AFB007FB10732BB5086EAB7F
:108E7000BE6EABF6349C5B2651EA77CA467B8224F1
:108E8000DECD5BE2E1BA7DF161156F7898CD2B19EB
:108E900047F21C4C73788550EAD63B334892D5CDC7
:108EA0005C8634C3D34E0EDD33F7EFB9C70F74CFF2
:108EB00036F524D57D427D7A7841EC049D845B288B
:108EC00093C6574374BDEC56B3B66F708AD36AAA83
:108ED0000D0C359F96B70283AA02F5A79FABEE4013
:108EE0008F0E98A3A09ED57557F5DD2C8798A432D8
:108EF000C97CB074A5D325D78BCCF852C5DF623EB0
:108F0000C830592EF10021D306693D98E8B096A2E9
:108F1000A63BB21C46527D8BBB4AF24332CA1616A0
:108F2000205E9D14F48A7A6D953E140519492CC370
:108F300063D7C17E599208BC1060AFE975E6D86D61
:108F4000F081D4C0035654E7CAC6C0AD809BC7FCAD
:108F500030DAB7A3A924538D2686FC01A0CC90C09B
:108F60001C51B266F63FF3A7BA17E0A51510DF044F
:108F700056BF447994297B8D77681658E37512F7AC
:108F80004046144043CAC4BE316978650FA867A142
:108F9000AA98AC7A139E42FF3B56D881D27A0C4CE9
:108FA00075CA4F2D7B3B478CC52C1F92D12BC90E08
:108FB000F2440C85AAB5A0260D5EEF18B04474F3F8
:108FC000A19983C388ACDE051388B2808FCD806EF3
:108FD000B7AA7BA4F0CE9D905268D0123C799CB386
:108FE0009EB0AAA408EFF9113408E247E4E24E5417
:108FF000CB3217C329112B83F327760FA0285355A3
:10900000523EF1C3220845A9ADE750408A4FE19B8B
:109010004D0FDE7B55E09A72F77A994FCEF4F7A5A3
:109020006BF816524018B011387B4EC6A626FB5E70
:109030009CEB6B93D9A727C06609FCC671595703EF
:10904000C98206C492BED74CD14071909C59B2E0FF
:10905000B4A5F6017CB607F709ED30DC779534F658
:10906000A49E63E986FD89E0F53BC169AFC8FE4473
:10907000A9DF0273164E6C29163A4CED01E21E9BD5
:1090800053F908A56B32F85ECB8830767260AE4F2C
:10909000FCB391F2E49776B2F198317E04C49E0657
:1090A0004F2728796C438F5F59D77591148C82169E
:1090B000E4F256A102A43BB57BE8F3D240D0108D78
:1090C000DFD380E904748BD67FA75303618BE5A3BC
:1090D00039657846997E8AE3706031D06B31DB4C1C
:1090E0007DA70250EF2F315EC233240C3F6C126516
:1090F00053BD0B3B4FE2DF9DDD47FD41E6A0A6914E
:10910000546AA41AB11CE65998E0AE661195840120
:10911000F6C792ACC87184DCAF51D991A87FC74221
:10912000D098D8111119AF1463BFDC878E90A33B80
:10913000FFE5F743C719A529C54340BCE73ACC7DF5
:1091400061EF3B2564CF6F92740013320ECA2BFA85
:10915000B1DEB64783633BBFD30F9F96A9B253508E
:10916000F5199F00D3C5846F7E7D003BCDA07F5C49
:10917000984F33565D2A6AF8883ED385867E1BCD8C
:10918000B89801ED74EE875673199865921D51FDDC
:10919000E7FAAFE924C3107A206403EE6EAC7BCC0F
:1091A000F55F5849674C25300C67E1300209861B92
:1091B000A89899009E75CE1FA9584EA878DD0FDD9E
:1091C000E54C9981BE874E993917261AEF0B9CCC36
:1091D00025E25491A81F58B7E7DF34C786EDE67142
:1091E0003110FAA2988BB891657C1CC9FFBE7FBC78
:1091F0007DB8C2DF4B3827AD638D5806E24BD2D322
:10920000C34772ED718964D738D030EE4FCD443307
:1092100013C666F6352B01C20D6EA0A0B7AC54BEC6
:109220004EDA5DD26319F8B2E80EA47E59AE7384AB
:109230005488F51D8FE232091F66F1BCB15E0AC485
:10924000869170448590B2767C93F6EECB35B384EC
:10925000134486D0DC301295F47746E2FF8F2B9AC8
:109260005668CC71EF082B341039667B19F3519393
:1092700051DB2A117B11C15B29558673A29A78FEB6
:109280008F8718924910305A4256C1A33811B79AA5
:1092900012B74AA5F34BB7E103476E43376B7A80A9
:1092A000E2465BEFDE26A9C99081BE2D3B1FEFCAC7
:1092B00034D3D967A9C010B6505EFBDA353E0DE74E
:1092C000C94CE65A82DAB8939E36821DC83328E329
:1092D0000DB5BB03C4C10B97198C506C416D87AFA2
:1092E000DCB8DC0B2CB16C15E5202665AA7CA0B19E
:1092F0002382A14DA480A9A4D6D92CE3DD0F78A3A5
:109300009A2EA17413980AF5C2BE545201C2E9B74D
:10931000DD513286F50A145ACA50C929FCDA040A0A
:109320008A8EAC335F0A5C5908FF5D6DC4380BB49C
:10933000EFFB2F253E831B7FC0AD0258E9A5FA4FF6
:109340003369A9A55BE15BC7B00AD902515D93D12E
:1093500011035ABDD81095BD1140619F43955DC75B
:109360004B9E40F5655BEAB9FF3C788C9676F21728
:109370003F0289641A25D317524C893D40680DF28B
:10938000BBCF5F8F5AC26363A0FD0CB8945312C960
:109390008EA0B0FDE3D15197DA543FF2289436EA1B
:1093A00030384351882ECC2CB9AC365C102334298C
:1093B0006509133F0F27DF20BC839B3A16C5242085
:1093C000B1EC5B8C7B7380851A4AA0B324C7EE583E
:1093D0005157286BFD969B94CC11551DFA49AC2F23
:1093E000A2F81EE0CCEF46FEE679E0390CF3F52C4E
:1093F000510774C0AE5292AE169A371DD7F1198933
:109400002499B0DBA843718827034EF1988A3D88E0
:10941000AABD120C3EEAB705A0FDCECD294031848D
:10942000C51BDACA87D8E80CFC660814C0581DA111
:109430003026C298645DFD1024E07F944B5A012AC7
:10944000E684DE5554D64F2A9F65504ECE0D40011E
:109450000DC9807EF0E4728DFEB53B35BB84449E21
:1094600011660A1B6C750EF5059663764E4C193F16
:10947000201CBFC0ECDC815D283D7D327BC3EB0549
:1094800093D145C96F9CBD01FBAA352364380C42BA
:1094900081930F0BAE8DD744B0EA80E946AB5210F2
:1094A0002DDD40EFD0EA8CA29CCB969A57F3C4C333
:1094B000A9A56E2D7A1C3D81FDD29E94DB03F17827
:1094C000E03F722E311C68FA70FE911EA52F0744F2
:1094D000B94995C51AB8BFFD8568BA60FFBC7C67FD
:1094E0003EF26425E00E6A5351B45F5CCE20C02486
:1094F00077F14BAEBAF865D0744AD8F5776CE69838
:10950000B65E15434CB4A2BC44FC04C55AD1C16834
:109510008F4BDC9BFFAE17009C9692AC8F128B4951
:10952000AAB2D58059F7213BE98B9EE67BC800F2B1
:109530003904DD9CFF89E4760DE468D31431D1E56C
:109540008BD2B94CACCB069D06ED23DA12EAF2576A
:10955000D8BF117AA34FFA951EF97FA7ABCF1B8E08
:10956000881825C2B7D79FFC57B10126EF1B775447
:109570001A9E7D1F0E8890CFA117910CAE82E15CE0
:10958000B1CB43A339DB456205B020C8B45EC09EB1
:10959000497B623439E396C461E0260072527EB89A
:1095A0007021C1CB579D1B4A3649380F6FD8A7731E
:1095B000FA6678C5E1BAD382146DD27DBA99AFB795
:1095C0007B7D5707A29085991910A37B645322AD28
:1095D00089CC72B588FB38C0A571D2A16AA1044BB1
:1095E00098D5A53260F9052F88845336AE5C3A7C55
:1095F000A5739503A46FEFB4CCA2816B2A82B9B591
:109600009C0FBF95C2D4D8F9A793064890B3F477BE
:1096100003508C9A8A5BD7B30CF4F01CB34B8B8944
:1096200028654382897F152DEBCEF7221395872B72
:10963000BD6B63FD8CC0A617192199E47504A4D8ED
:10964000BC28AEA0F7A3AA4450E8EF176E01587EDD
:109650008929F1C0E71C7969FCED72F6BD97F3A486
:109660001945A8C1A5454F22F6B88B6B91A9D450D6
:109670005F9812741AAF3A9615423766D08BAE9C3B
:10968000D9346EFBB6E3D2C17B5A9EC97E69E245EE
:10969000616C0E4C8DD0A611B6F53485A23D874E77
:1096A0004F4FACA555EA9A947BB16A0B27A48B580F
:1096B0001454FC703F10E4509373BEFC26FD76A753
:1096C000A4F377756A527368D7C48920ED46F10E0A
:1096D000E12887BEADE4E8BDF55EEC66FCC1D45A76
:1096E0007B518E7873E2BD0FC287110CCDC4F86236
:1096F00074B99D0FBF7CBBB66017A47FA903C7399F
:10970000A780FC1F6E7410DF792CE6FE8F7A757EC1
:1097100077570C0B406AAD92DA02ED7769B0A0A0E2
:109720009D214AFB5950E1B2921EEE8338C79976CB
:1097300051445370FE91C8F4AC1D3BAB62C17CB682
:1097400014F3DC9D8FC8F987F89C21B8C6BDDD15E0
:1097500095F9FD7C60D555DF0CDB72C502845A3962
:10976000D1D63B09F00E3A0C665CCBAD5756EA53A6
:10977000175EE208634D3F2BD0F1CF97B5C9BF2EDE
:109780004904D93EBA25E140CD00E1E66069946E16
:109790007EC7DED99558B02EE77EB4F6DF58512249
:1097A000985A73045E5A68362EB79D6CFF80F9AAEA
:1097B00018FFB13B0DF3D85AB53818650786F61770
:1097C0006BD1BF73AE8B1C57553B853FD8E32A4CFA
:1097D00022EE0AFA534CB8E9BE60B842A949FAB27F
:1097E000356BB23B0C68443AA2A134A0A67738EEA0
:1097F00023BE76E169A8884B75AE50391101AAE8FD
:109800008A650461778169C0613FBE7345AF21837A
:10981000E64C2F045FDA44C67DE5E0DBD8AD916A03
:10982000F532A07B42B4D0A2EF64DA7FA125D04FFD
:10983000A5D59CA3F211AB39EAB040AEA05A46FCC4
:10984000AF835D69D36D1A57BE746E2F5E2596C4C3
:1098500096AED58C3B2CD3FA09858775D014039529
:10986000E6073EBF47FAD1BB93C2D3560A66968A33
:10987000361BBDCF0A542580139CE39C0D778A28A4
:10988000DD822BA681E9A39F2F61A6A8A4B78DE94D
:1098900048A68B5C4CDA11E607422A7A9F7138ABF6
:1098A000B2B143A4BF8DA1B05217B94199C6679612
:1098B0007C91125D76ACA2066A767333AFF59E8119
:1098C0004F29CDC070DE338B8EA729DF4677FB365C
:1098D00016DADEB9F6EEB4592C5B1B25DE7858A6F5
:1098E00022DEEDC8AAAB4F3A928D0851857DC5EFB7
:1098F000D9E75D6FBA234ADC0D02CC204E547A02C0
:109900007397AA351C305BE845F563C183858A6887
:109910003BC7305BCC60BF5EBFEB222F0659C08CCB
:10992000C80F1E07C988EE0D8D8F8451277B5E5BA3
:1099300060F64F0ACF0121108AB2A1815C648F5A70
:1099400027A9E81250B146CF1FCB9B0E302328CD5C
:109950005EA4BD9AD87C10AEE052D47B6257F82545
:1099600066A943561FDEC04366E70229EB48BC9850
:10997000B0B31934A55EE519BB264E0A8110413FEC
:109980001E835DEA7DCB4B83A241A838FF1067ADF3
:109990004BB9D5B6C9207D90FCA5C2F34D12B0E8F5
:1099A0009B5EB1EA8E3104CF750DD9835A416E5E4C
:1099B000DA03A35905E25F00DEE174010325D1CA91
:1099C000FE385BFA9024866D3B84AE4BE9FF9E899E
:1099D000FEC0F73AE4565E5313C9CFCD50EA782261
:1099E000133B3B1532F01D12EFCA634CCD6FCCBC5C
:1099F0000C964F00D2A1CAA0BFC4C8C2A10C5D9AE8
:109A00000443ED844DBA41371B367A3C222FCC7784
:109A10004486FE58F085456146EC19587646CC35AB
:109A20004D26C149CC92A2745BD32DC1C16B027883
:109A3000D59C3FBE7948AA9FE93CDA0E7C161D4CA6
:109A4000091391863F7A203FAE3E33F810EF45E789
:109A50001D3EADDCC81BCDA1A834AA41E1265E9C09
:109A6000F8DD84C504235540F0DB764D3CA17E1C17
:109A7000D3CA054A64B0E27BF648408EBFFF062198
:109A8000391B6E26DE3D3B5A561F691E143F762257
:109A90002436AF35E2A280253D47789889DEB09024
:109AA0000739BE653F583B758C9F1EADAFA65A1E49
:109AB0008D3CD9224083A631B0967EEA5428AC145E
:109AC000E6F0E508D00D2EAA79479E9877893A5896
:109AD0007F472B8662538346F7A28A60DB3655BBED
:109AE000FCAF8E50D59BCA760A4B3FE0892AD292B2
:109AF0003F5935A4C1E08B292E655A365AE23FDA28
:109B0000A406B133CE15C619733097F011DB1FAB25
:109B10004929189585EBEC02CC2A79D78825D0679E
:109B2000934235B37DAC493933BB167562E11506F6
:109B30006FC2623A878F4F2B6143A1DCE1E1D29281
:109B400034C4435A4C2AADE90BF9E13CEB4E742284
:109B500036724E730CDED5705F2412445385D88C58
:109B6000D58EF6ADE2FF7632C18030C7337F48B87C
:109B70009DAE69A4277019582EAE543090468FB10F
:109B8000C941B82CEFA6E589625B6F5303A7C66392
:109B900066B0888A1750ABE1683A113321CE7DD286
:109BA000DB48DE3FA94D6158DA789B45196D1CE40E
:109BB000827D2DD65A0F92EA07E61306E8DCBD2F08
:109BC0007B9A0258C897C3EAA05A4CCF9AF8083E2D
:109BD00018A44C3BF5882BF48A6F8DF1B1B49F6FBC
:109BE000CC60DA119D256E4EB45982E284DBCAA99D
:109BF000E9EFE00A128309D980CC465BE4280FEC38
:109C0000B8788AD7223F719EC6BE7C54A776D27898
:109C10005FCCAB484158CA0586E63325BDD5847371
:109C20006ADCBCD2930A5980C7FA760DAF2F5A82EC
:109C3000B1CED5C32622978325C52F4C538E877767
:109C40002345C65F7EB4295173F42102A956C40688
:109C50001B88142443944E035E350A2E5F249F39DB
:109C600026F398AA7281FC9E40ECC10D55BEB063EC
:109C7000AC1337A716A979AD3A082E5B20EC147106
:109C8000F994537C6A34717EA61118FBCD85EB1FC5
:109C90009A1FAAF2D44E1639FE0256BD49BC02A63E
:109CA0002EA5A863CCBB855183D122ABBD8725DD12
:109CB000270DAEB8E9F06B3BD825624778088A5E7D
:109CC000E183390A356EEB7AA9945D7682BA000891
:109CD000A358EB1B8ED438A3D4742A898A66546F98
:109CE00069C6138CCBEF2F70D46D1BF9AF67AA6CCC
:109CF000228AB81D5490437CC1FEE3C0FCB02E0BF9
:109D00009A16E91A99E7CD37BB79742E77AD32E20E
:109D1000EF00227FA51229AE95A91BD8B93E123FAC
:109D20005C4D3477BA92827644E36A72EEBE07687D
:109D3000AAF82BE2E39AF09EE5F95C8DA074462325
:109D40005D180F5B59818C211940143276B3AB3406
:109D50003A54FF73E8FF17221F04F49FDC449D333D
:109D6000DD2FCA54FAA8D1FA08B5BB6A69517B4FF6
:109D70006E3E6D757C7F9AA48E932AFD15E08C86CD
:109D8000C514AB9870289CD56C8336AECE2DD59774
:109D9000765E114E929A9245BCDEF6F86F5E576E73
:109DA000FBE62790D5E48C41FD2608533B56108CEA
:109DB000F1E33F58B8C49C868FF51309C99895FD07
:109DC0004B16C8B99739B3D6976517880D5E2F77AC
:109DD00057DF4EE643203F6678691DFFCA4DD5A385
:109DE000D0F1C59F3FB281B7357898A7F3C7B6D4F5
:109DF000F1095130711F4710BD8C1B6B47F2C40B2A
:109E00008A62FE00BDB91E5B0091D966CB7ABB1495
:109E1000A656C63EB09B06165BEB56B57C25CDAA72
:109E2000BD49A7EEFFA7B0097A30AF8174FBA0ED62
:109E300033B229D31C9FB26168E1BC45E63BD91F10
:109E40000A81A674D5EBCE9A4F96E20660F4A9C5B6
:109E50006D65A9A9BC9E178E0C3EA58ABECAEDE70A
:109E6000E70F2A0CDCC5D5E414EFDB367F2059E977
:109E7000FD72F40144A983AA49010E7E09C3896ECB
:109E80003ED059DC869FD029F6385B92760676F76D
:109E9000623ED657EA861E8ACFC26664CE74AA3D59
:109EA00035C7F604513B992C4AA4D6433A5F4ADDA4
:109EB000481902EFA555B9AE0A1572177E5F233215
:109EC000741C4A7AE10427EAC8EB02FD0C7266C1F1
:109ED000EC9D62B519A0EF370AE70519A00AC4FD89
:109EE000E67D6BAE50968125C5F18FAA827667AC70
:109EF00033757F35A69E2EED2958BE322AED93EAA2
:109F0000AFF42D3998A05D15DC3E288F743C3C865B
:109F1000AD19467E8AA02A0D77BCE25CB3A89233C5
:109F200007F6E4A322017FF0FBFF80C3E34904B5F9
:109F3000EF761DBD28E974EF07854E01C52F74C16A
:109F4000E7871B5CB378675BFD28CAE30A04FAF174
:109F5000B9F6322BF78840DF2DA6E94465E28F2A57
:109F60007F60E8D448A706B6B562AE1F22536CEFF7
:109F7000D55685F99B61CC7B6FBFCDF90F2ED119DA
:109F8000A178847583DD6668DF4A9936DCCB0DA342
:109F9000E2AF7EFB73CA3620CEC6150592516439F6
:109FA000F4705EC8910014ECB14971A8B2EC9D90B8
:109FB000EE7A5E046B3B455918478C8E0F01F3A077
:109FC00091DFA3BBB48C548A6C8BBB767742DA2BBF
:109FD0008520EB1594DC6B711B5E4335454756B607
:109FE000B828D7828ADA8848638A6BE787F865AE33
:109FF000BBBFD985164CC0188EB3989320B8A2BEAB
:10A0000026A03370B720B43C2D02A1B986D3F79BAC
:10A01000EA354CBAAEC91ABDE99542C574AF505D78
:10A020000778D32ABFB829EE45C46C6DC295108855
:10A03000341C9DBE239DDBA20F254C0B8569621F3E
:10A04000C5AB30867286F1E684B051D526AD0E30B0
:10A05000213AF52D71269CA8250BD192040D1749A4
:10A0600031A3587B0952E88E6C37CBF357BD8C5D1A
:10A070003A2CBFEC3A25E024948220FA9AA0A75209
:10A080008FD70209A3D4B260E18AF221DF78EB5DB9
:10A0900037C9EC3169131AD27730468CCC65AA44A3
:10A0A000071FF97B434B6F69F1B9F406303C6C83B1
:10A0B000C77757D8485A2286F77924C35EB174848B
:10A0C0003C313FE90D65D4B31365015281E83B99FA
:10A0D0002D850283F6B79B6F31AF42CC5C4D0420D7
:10A0E0004436FA833E2479BC138D11B4B2B19D225B
:10A0F000CBEAE0D653716FA99EE9F7649488021DFC
:10A100006AD8271F963AB7516F9BEEADA4C2FBD415
:10A1100027D646254D3FCF9B90B163E51E4DECA958
:10A120008CE5D67990B957D20544B0EAA77998EF73
:10A130008AA17F72BC379BD7015CAB7951B8AF5D08
:10A14000A4073B625954ED924FAD619EE37028C263
:10A150006D2D4B25F10E9E683AEFCD92D78F0231CF
:10A160009298409860D50E103D9D2B85E6D8DAED8B
:10A170004C077370D9D5F57A891D65DC8060BCCE3B
:10A180007D887920E7240777E0C9F69FDDA1A6A3A3
:10A1900083EF1BAF633E1A03BB120FC3FCFFA86122
:10A1A0003820B004C81569081E4ADA943587AF50C4
:10A1B0002052335D83ABB17A7DCEB2E8A43B7431DB
:10A1C0003A4985B45C4A2ADF2DDAAF599AB62FBDD9
:10A1D000261C95A527DBD25D88CB1C5F869C3CBCEA
:10A1E00062C129E044A059F461E68F1C45122FE9B1
:10A1F00097D79119635FB23A6CAF25337332D6515A
:10A20000B179BF3C7BB1191EB82D3730915ECBD4EC
:10A210002F9D975BBAE66D43AB06F08D73796B00AB
:10A220001BA3175E13DE51F47AB8B59DCA3F17FD24
:10A230004213EDB6AB6FEDF0C6D0A81EB06908951D
:10A24000426467FA846E2FB4BA100573BD6F28D3C9
:10A25000484FD38F04EBA68B4B126E48053158380C
:10A26000CD568BF991197A2A9B0B0B10EA3E7B1A7B
:10A270005B0EC20A0ECC5387464E9218CAABD0F87A
:10A280000038E9573E058B9C1361D42C5F982FEB67
:10A29000671C74FE8C8762B40051ABC17A5C01C943
:10A2A000D3031A2750D86CFB215D56E607FCDBCBA5
:10A2B000CEE04A00FDF5B7C6AECC3CF91C6C7AF690
:10A2C000C19CFA3C2A72F7A3B3CF8291BD30370C00
:10A2D0006E0469B328E009A15D5EC9C75E0609F492
:10A2E000BE2E656DE2044CEFF11A0DB8B6D00931FF
:10A2F00037ACCE6FDEDD909EEA18D32AE339888131
:10A300008A60427640F079C94D014BA0F71085571D
:10A3100055E837E2D45F43B4CCE9D24BBEA7615DC8
:10A320008C7B9CF89A85C37C8E9B3D70D269A6CBB2
:10A3300090D502D4CD99DFAA77071D55D7F5E4CE85
:10A340000501445B4D935CDAD90627A70E8D31E7F2
:10A35000EF16F32365D1E6EC0C8383E289D2DE1A93
:10A36000674EE885244CB2AF5C0B24166B6B14BDB2
:10A370000022FADEE52EE617561722D18BA801EA55
:10A38000C0D0C262D6D58DD38F9921A44ED5357851
:10A39000D65E492379B6AA62D83D7EECD8C87A8EBB
:10A3A0003883B8DEA675D587C00F10A67026C518ED
:10A3B00098B27F094E249DB7AADC929DE325FC5BF1
:10A3C000C022C74824AB696A26244EBC86EFB892E7
:10A3D00004C874A31D9AC39C9662836A0D8AA7DE83
:10A3E000BA8C4724622F795CBC6E6CE2DEA2D47B0F
:10A3F000B9BE6F4FDC92CCFE7F671109F31D0C22B2
:10A40000C5BCF99CF4482EFB45DB1FA8954C45A420
:10A41000D771DB2F6C1BFAA19B0BCABB028DEF75AA
:10A42000E67E4AC6AEFE61988961E6B0A7663D4702
:10A430006C8FA28B2F6D1D13480050C1E5DFA8B1B2
:10A440001902FE25B16C72D07C0080C174C5D1A305
:10A45000F690606D818329E20E4895780DFB61834B
:10A4600034E9F888A411B99D3952986F107DA5A3DD
:10A470007FF6D0D2CDE5A3877F3FB228F42AC1C6AC
:10A4800099BC84AD6AD6334C05B8F889AD96595855
:10A4900079A66EB69D362700C72327D319433654B5
:10A4A000FCA04B06846546A6655AE0337E3A0CC292
:10A4B000446D858164183BD770D7CCA1502EAE0D6A
:10A4C00081E15806B48C32339A1F4231AECDD49319
:10A4D000ADD7206212766120D768FBD852B53CDB3D
:10A4E000E15F390D0637B5A45C35070DE2980E55CE
:10A4F000150857EBDD74EAA0EE9FF01906A43FA102
:10A50000673C5A84BBC9E0B240CEA1D2341CFB5197
:10A510004F9EB4B4408429E60027D994E1C21C2A96
:10A5200001CE8872FDF7BB3B6E010AE4E08AD631AA
:10A53000F049D90CA70CB95AF9A5AC5486391AF6CA
:10A54000CB33D28EA4367F747709F0CB7A2CBF71CF
:10A55000E5D449F6503C5455803AB32C5F7D8CF5D8
:10A560004B4F234C8D35A57E1153CB51EE5742F105
:10A57000E7751EA51271C4276F8A01C587936CAF5A
:10A58000EA9906663DB9995E44172A30849BA1502A
:10A5900075592BCB828DCA37C41E332D03D5BD9779
:10A5A0006182F9A45AA532C8D5B6DF1EF313185F2D
:10A5B00084A0CB98517D71C865C8A92589C1DBD11C
:10A5C000F972FBD8C07AD8BF3A33664BD873DB7EBA
:10A5D00032DAF845E9A6F6CA1B27101C637B85DA38
:10A5E00024F1423307AF87E6D0027330C02FFAD789
:10A5F000D30D1E3A053B4E2344B185CB106D12504E
:10A60000D915F6EFC1AB909B3CAFBCFEAD4DDF2141
:10A61000C9B7DB01E0C0EAC657E372E7DE6CC95C8C
:10A6200022C77955D2795F92B9ACB3DCFCA672131C
:10A630000839ECFB2E9E44F94452DC8CC1152E994E
:10A64000247F14D9F08FCCA089BB30D17437C19747
:10A65000221577B8AA494231E97FB9909F40F5F8B1
:10A66000A1EB665FF894744376D1B636494FF1E7B3
:10A6700063BA7AB6D32A34B2113F606F7FCFE15C00
:10A68000E3DBFE1D4989A09A27F0EA053BC7870254
:10A6900015322A287881AD0F65891824CCEFA66879
:10A6A000B265CEDFC1F65E4EE0CC63F10888939AC6
:10A6B000D95EC654508F30B127B9212886C8C6B498
:10A6C000EB73E37405DD8524DE2E92FCB39F2DEF42
:10A6D0005EAC6C71CE13E4365CD1E4C5E7AE8ABAE9
:10A6E000A529B47F91D811981017A39D57A153D5D0
:10A6F00076E242F6A6672923FE65495D35850CBCE6
:10A70000E611BF342C2355A119B96C3C7F828149D5
:10A710009535BD6C21C86D5440141B31B3C2AC5685
:10A72000B229CBD545A04FFA8B993540E254505A07
:10A73000D9F5335D756130B297C436BF4F92A74CDF
:10A740001FE9E4404BBC224323A2A2A55B13E48291
:10A750008D1E8DE1789B7E4EE72DCF58C10961019A
:10A760005ED4A79CE1323918FF7859574B296AB259
:10A770004B463AD14D9B99C810516C6A92F9893A6F
:10A780000C3CD5D61B21C79D481D809EF248A718BA
:10A790002BE3597DA246DDEF1AF834273CBD19851D
:10A7A0008C6E870387BF0CA882B375297CD7A84E0F
:10A7B000C06FC6E44B4BA82AC4E5DB074FE5753DE7
:10A7C000908CAF959149189F2DF130807285A286AB
:10A7D0004A0BFE73B5EC8D17ABA2180CB63CFD6BA3
:10A7E000E89B5191365A1C60FD5270E6922CB39D45
:10A7F000EBD1BE633F295CC73A7516824097073795
:10A80000C3C8BA7C84550634FDF205739C11A200BE
:10A810007F66F9581D7425EBB82AA70AD9B5E4D884
:10A820000BD2A8D82BC73E3A8634F6CF9FC6A81DB8
:10A830008B9B9C0FBDF7E35ADF452CC6583950BCA3
:10A84000DC9C7BC837B662F0D4B326668561563A85
:10A850000B1B46183BA031610E3DBC69AA9D1259E5
:10A86000ECAB913FE8DAD971A14ECE386BFF789FFF
:10A87000F066DBCFD974C625DC2D7E2A1FB7CE1239
:10A88000E41B18EFBF4E89190CE8D001720046B1E5
:10A890007BE98B134F3FEC53B9217D5794100D5B2F
:10A8A000FA730771C493A219D032561D0E7A48F577
:10A8B0004AB3529155F7E38C225ECCCEA67B35B1DC
:10A8C00031FE930E3C24F44462E7FABBF0C769A45E
:10A8D0000C9E76CDBDF08762BEEA647828204E8754
:10A8E0004613C2404925EDEFEEE637F60D68953E7A
:10A8F0009DD2BDBA202FC011789292786596D35917
:10A90000C9B8E51E4EB4F9581A370368D2DEDFAE77
:10A91000E935DF3446AE09FE872157AF7269C95564
:10A92000B82F58B591B06422ECFA42A822049C1EBC
:10A930009EF2BD53852F1534F1F1079887EDB66768
:10A940008464F582617436F119C85EBEA17B25DD91
:10A950004A9E43C4145336DC59FC6A86AEE69C8B8F
:10A960002C3AA044E976FED6EC4D852B78B81C5CD9
:10A97000EB35242FBD01378023D5D514D8786BFC57
:10A98000389935798F9F74AEBE877573D9A6070243
:10A9900038BC29A8397EDD47E2919DB786377554CA
:10A9A000D7A1F3A0CC90F9D7D70381ECA63B04CB79
:10A9B0000704ECC1708750F0FB1949BFE215A6846B
:10A9C000EBFE90422CED7118CA2960D58AE48361B0
:10A9D000893EEB17191333FC36E3903070E85D00C5
:10A9E000BAB2B654290A006594436DB71B9E1EFB8C
:10A9F0003CE3E8AF3B508EBB8C7BDE4414B20DEDE4
:10AA0000DB6C5A2433220633BB8BC60A2C11BCD90B
:10AA1000E861B1D5B1AC826467EBEFA22040568407
:10AA200055C3E53A87075BA21D2987BFEA84B2B800
:10AA30007EBE791369BD4E578A59837B99B014CB7A
:10AA4000CE5182A94FF26EDA65F1627A6D73F3C16D
:10AA5000D086A84EDB8F43EBE02AACB57387A324E6
:10AA600052A0A767E99DAE62552F6C52FF7A4493BE
:10AA7000CE70D379F68BCAE0B9869FE2C3DD8179C7
:10AA8000EC7066ECB8510C7E4F6F7679B66E18EBB1
:10AA9000DC8992E5399B2A1D1B0B8AA122D14E0726
:10AAA000623098C06B08B69F258AA1555ED2E4DB60
:10AAB0001B311FA9AB1A18D59E31A94C37854552B9
:10AAC000EC8E88AACF77788BDA91CEF553D83A20DE
:10AAD000BA83CA0B87C2028074BD735F80C5B2D7C8
:10AAE00069F4259D5937AB5F0076BBC0FDFC16634A
:10AAF00024E905554957DF9793526614DFEF197F14
:10AB0000519E587F0A561A0EDEC2EFF7046A46635A
:10AB10000AF439102499FE39498B5CA7B8E9636AB5
:10AB2000D60DC53803F5569756C9014294F22B2726
:10AB3000BE47A1CF38350B5003F654CEADDCA194FF
:10AB4000ED5057F57FBE9817EC60107AFEBB7A1374
:10AB50001D7AD8F4A8D9B20331F26FE8B3DD85636A
:10AB6000E5563FD33F2E7163DAADD0AC611AB4091C
:10AB70005574FBD08ABF47353BF2C10EC8F5210F93
:10AB8000A8D325B484CCB8C6BDD2C8D8729B00B0B7
:10AB900044B5B498613848396A90DF6B450176E175
:10ABA000B67AAFAF1FFBEDBA2BED917AF33618FFF3
:10ABB000F192AA9FFFB1B1A1232AAFA329A51379CE
:10ABC000F467A391A0F154C87CB41D3F308C550AA2
:10ABD000032A832B7C2CA5E906FF955458A461F227
:10ABE0007B788240B9DA8DC724C673CBED48B8EACA
:10ABF000C8CC497CCF687A9C09F4A6150D3DF8CDE8
:10AC0000523827AC11DE2A266A7ED05FF665CDC8A1
:10AC100080CD9BD100A8B2226B0E48BE6C7F91D92B
:10AC20007C08C80F2EA0A975999E3F3E34EF695B42
:10AC300022FCBE81B2EB8386436595943B67646ECC
:10AC4000DE77DA17641450C4BB360E35E600317F68
:10AC5000DF281553B095F1737384FE15ABB12B2A21
:10AC600081D9B8331AA07E1DD29EC69F4E5DF8478B
:10AC70001B6EC9D449064F957C8648C4973EBF00D9
:10AC8000F9261760313F997B9EF6519B0A46675E15
:10AC90001F2568D66799CD0ACC4A36128B51BE4E15
:10ACA00045C6A2E99EC9714EDC250947B339E5D6F0
:10ACB0008A8F59373E403F0D5906E4A98851113417
:10ACC00049F497A3C1B985342812D98BA849CC2A55
:10ACD00083C24EE6B9792874C7922A98B7859DAC8D
:10ACE000F37BC42EB57CEAEC89A362D906B8E99E51
:10ACF000E525A5D0929225DB1F52704D59C4D28F05
:10AD0000D0CD6627CB6D4C9C8C5FB385517F16C32D
:10AD10009B2065A55530A61D7243807D09CEDCEBD6
:10AD200047AB848474B99197B0E228B1D13DB3D8D0
:10AD3000ACB94AB99580959CA29FD4639C30A6C8B3
:10AD40009E71DD8804151CB2AE87ACB8BAB9F68F17
:10AD5000C69C64995B1FB14A1C1C8F3B5F2D5F052D
:10AD600016EE6CE9F2769092EE624E5BA0C924A7D3
:10AD7000564B556C0D4AD4CBAB6A9D4FB2A9504C83
:10AD800075DFE20449026E20A8E3C382B819C274D9
:10AD90008DA3287DEAEA79DB200244BC319F5F461F
:10ADA000F89AAFD732B907F2E21546574D1FD14393
:10ADB00049F41AA5ACE127BF0B8E8E272213C218C7
:10ADC000D1224B899537388482A85985CD16D4660F
:10ADD0006AC7C32503E23B57EC6ECAB583BCC1EE1C
:10ADE00014660D68C73E91E469DA40FFD38ABC342B
:10ADF000A8CF3A59B7F64619B2E76FE9D0F05485B3
:10AE00003929A31102ABF45CC6D7BF90CCF34DD364
:10AE10009F4B90AC06FAA50B45BBA6CDDF5E43E683
:10AE200045C76170542495D49A4EBA480D4126AE58
:10AE30000EC9AE1EE2ED2A10B7A448A46F1005BDDE
:10AE40002944547A08F244B6CFFC737F484108EB9A
:10AE5000A084CC7E2AB6260C6DAC52DAA315B1A81C
:10AE60008474BC4051F1C069715039F01F6744B41B
:10AE7000D1341690AD935B5F0A0F52D4A43D1A34BF
:10AE80001B0DAAC4CBE2C683C9E0A3D86F34916579
:10AE9000416E94A9EADDAD08FE5F381654ED4EE42C
:10AEA0006CCFE76A2A92183DA4D042FE3D24DBB65F
:10AEB000C52543A64FA8FDBCEB54D112C210A5F680
:10AEC000139ACFCB06EF6BFE95A43080E3C59F2885
:10AED0008FF309C030103CFC287AF0910B761642B3
:10AEE000E7BF370B6C830C93B64882A11EECCB9B5B
:10AEF0008972C12DAEEAAAED1E98C826135BFE58D2
:10AF0000CB0C71F384E01421B010550AFB75A3F744
:10AF1000FA54DA3AB651DCB23989D39F8F59CCBC96
:10AF200043959AC83F2CDDA1E915AB2ADDF1C0BBE2
:10AF30005F240C80BAB07E22D8D3E54444319575A5
:10AF4000C718D18ADD9261448628A6C5A180501613
:10AF500088F06E4737D750C692B4F9294F508B9D71
:10AF6000A45AF9985AB2B5C4FAE4F574CDB1A85709
:10AF70007946C5FFEB7AAD011592D63EDFBFFF677C
:10AF80003F164A5C5A99B603D55BA6F4588C983C98
:10AF9000F57D094E8ED53C3BDE08817277F14E7807
:10AFA000E65332ABF8D2B4AB3445D64B418D443D79
:10AFB0001A1C24516822E8784FD3E16C9F7CA82C9E
:10AFC000F00461C36BDAAAEB84DAF5E39966F6FF65
:10AFD00064AC3AB5F88FFB63A1BC91756107D628C4
:10AFE000DA1947568138120FD26417D85474E7A67D
:10AFF000231C2FFC36FB9308C1D383F6A051F5A583
:10B00000514B38BFEF3B68512D42231F0BBD7BBB1B
:10B010008D1BEBC11E8B38A6F99FFC395C351B6478
:10B020004A0FCD4DEBECC8C689A636C37D95DF48E7
:10B03000EBBF48917A1007FFBD3A7D436563C15568
:10B040006BD008A06E6AF5092047CC2BA7D183B539
:10B05000626E803C2EB04DA3DE9888320D0CCAC4BF
:10B06000D4398C7B0286E5385C2BEB1698444B1F59
:10B070000A5CA4A23CE25C5223920CFA2FE6C9308F
:10B08000AAC124174F3AAF034FF9EEAF5ACBE53EB2
:10B09000F8B55702AD21EE7C04C03189216BA56B58
:10B0A000E74E6383FFB476AD96AFF8CA480FD5DE9E
:10B0B000C4C6DC28FEC9859371B7EDDA5BD52B2CAD
:10B0C000CD613495D96E9007F8A3B16D8BF105C6AB
:10B0D0003E50F1EAC05F6F31C6654819319FF45A9E
:10B0E00022CDE5473DB160388E88B8AD3957801B19
:10B0F00041D3A96E199742DE2ED26431845D436735
:10B1000079CFCA15416B3B5D5CB78F7CE30A1E9516
:10B11000044ED94CA8779FB5F6A471FA86C38798D8
:10B12000F421A9BD12A170EFFDBE6B1A000069D910
:10B13000FB4EA44B74692DE2716BC916FB42B347F9
:10B14000C4AD6E23B510823A8EF4E60323F863355E
:10B150002C8F18060D44A932BF406878B1E46A8D7F
:10B16000A74F01A114ACCA7B7286C264F996702500
:10B1700047DD148B884710281950E85225BACF4A6A
:10B18000E1EC6250BFC73A92849FE446F721FDD9B3
:10B190005245A0BF55503E8466E6589B925BF35FD4
:10B1A000362B50892F4712986489FA768891BA54C1
:10B1B0003BB2DC20B72A3F79F8F04705EAEEFBC442
:10B1C0000FC064BFB527369EB36A27ABBE2FCB1224
:10B1D00039DDD80712E5777C0DE7A4CDEBA63C74EA
:10B1E000F550AD460E714CCAAA0EA9644EF6BD3696
:10B1F000ACB21968135EBD5037796DEB254FEB5F2C
:10B2000069F60A74345C45971085BC46BACDB443E0
:10B21000086E3564F8E1DC3C7ED048373998093B4C
:10B22000AFD12379D98F78F8EAC4E6CAB015CD7BBF
:10B230009F11092688F7197B7E45D4D06235A47703
:10B2400056EB9BA345FF011F8470031B0F14A3D172
:10B2500049E8DA74ACE36B7EB00495A95A9C04EF1C
:10B260008403481AAB3D823E0CAB5FA4D6298951BA
:10B270001EA07E954C5E2562E1E38F52E5462B9938
:10B280001FC82CD305EB6969F57D3CE691A25C25CE
:10B290002EF7F49B7D8BA256D8A8A7587F0630982E
:10B2A000316E7B9C2DB11514BD09236FE79B861071
:10B2B00068A3A759B40D63C160C73BA3EDEE61035A
:10B2C0005C33924AF2F01D73644AE28A6B19DC0423
:10B2D0008723A02E8855DE4475F18EF70C3FB7CB3F
:10B2E0007105FB9728C0B980BEDBB14646EC884BA0
:10B2F000743C23758522C551189932AC45F7B68B3D
:10B30000052085FFC28A591FD362F430ABE1BE220B
:10B3100040FBC2587E1B5F938C55F634B282F8F91D
:10B32000FD2685A8C038613CCBC0D20FFF572B81CA
:10B33000CF7AA054DD3B1F328972DB0CCFAE77E5AC
:10B34000E6396EE27673E913C572D9F79C384496F4
:10B35000B9AD673E5B38C031BB1B3275D0C9798B44
:10B3600018352CC5546B2720E3F7FE8F07D4846370
:10B37000EB9B58C1B97C5925D4D323BB3664C59700
:10B380001940F247A322BA2A52B7160C5B2F31EAB2
:10B390005B9F56A27B6BD0D6923146433892A9C1AF
:10B3A0009A75B50DCDD3C875CE0D9056A7B5DABB3D
:10B3B000A769C9FDC61FC1664A7D2A7EAA12C94E69
:10B3C0002328315D8EB08DBE13791BB20A6AA7DDCA
:10B3D000C81923D27264F2E429CD2EB8FADD4F7178
:10B3E000022BC8C854A4FCE6392D2F2748A25DB40F
:10B3F000AC46F457A4C1D469E183A4D7D6CB0626C2
:10B40000E85D0627A2F1394ABDE482E7DAE5B4A394
:10B4100099AE701BB94864CCE7C815F18CB9B9393D
:10B420000458EBAC3B60218A61B6B75383CA760FF0
:10B430002D18A17260A6D310A870536081405FFDE3
:10B4400048A8381926ED78163EC1F80E63C8D1F821
:10B45000C16CC9FF4D4D010D40FBA21B55B69A565C
:10B460003E873767595E61E86B43A4A4C595C274F3
:10B47000CAC4918114F97504D3FAA1C0363E9A4327
:10B48000392B65E7FE336E5D0DFEBD4AB35C29685E
:10B4900078285D67A047F5778F380FB0A057A84987
:10B4A000B696A97E752A81D3D52220FDA42DED3F25
:10B4B0007F502060546780713CEB6A78A72A8C909B
:10B4C00025CCC5B50EF96B8029C8A8B97378174D7E
:10B4D00032672F6D32850B1651E691AB321F46C392
:10B4E00026EE332792F5D127D79E337D48BD93466C
:10B4F000093B35DEB0C505D3D5C8A03FCFE5431E17
:10B50000CA7086931479EA6D9E694A90B6E7C7912E
:10B510008E5590D2E9114FC37752DAB74F18676A48
:10B520003DFC87C115FB164EE4F0C8DBF8C996C791
:10B530003D5823ECD49D4ECCE981951E882F87EA97
:10B54000A5D60BD7FFD16AE377526B23F4437A2653
:10B55000C792D35984713E7A79A0F630080D968D42
:10B560005DEB02CF1AF0F23D134EE463E71326B30E
:10B57000BD4205403F1E3F6FF39719F84BDA373055
:10B58000A8602E06176E7E2C46640E54D4FA571609
:10B59000CEDAEC892612CF895308A5D38295BD1A3D
:10B5A0006E73606A0523C11AF8AF47752B313C9E54
:10B5B000E4F7D4C71B09002CFD32A1531BCC472C48
:10B5C000815E5A5DE7E69C675DE1D6BAB04147947B
:10B5D00089C4E080F6949870E4E37D73CE50FD8FCB
:10B5E000AAB07E3F4DA74C809C8EFC67D9CE91FEC1
:10B5F000E6A9C4E6C3A4391F767752512FBF22CBE8
:10B60000643CEC2DBFFBD5C42F4F4A89D2B31EBC7E
:10B61000DB9942F8DB0E2E82B527EB52121D4AF25F
:10B6200067AF9FB26170498A59B4A8CD54BB5FBE61
:10B6300051587C32F29A0B51C58B3352BCD27C6983
:10B64000CAEB60241061FB64B7DB4E28C544BE8E94
:10B650002AAEF257955A53D3B36C30337A708CD1EB
:10B6600052270D74AC7AF6222F2ECA213A115C882B
:10B67000A37715C0074429ABEB63D5B16176C13719
:10B68000FB493080C0E57902115E23B7600BB161E0
:10B69000F443EF75167B1DC294002799A1298F7082
:10B6A0005699C377DE571643A0E04D710C98F832D7
:10B6B0002D09EFA183E4D36D9C294A12497C6303D1
:10B6C000BCE6C9ED46465F8F27FCBF038BF3679D41
:10B6D0005B42B23AB9F2AE16DFFFE7ECEADAC8BA7B
:10B6E0000CE0D49F77ACE79B9ACECB3414579D4C9B
:10B6F00002187253BF940039F26ABC04A51286D9AD
:10B700000D63B45FDF68BE2A972E8F8F1A634FD800
:10B710007AE17FABD91AE7A5CCA331D6B258809095
:10B7200046BC45C561AD4DEBA93FDDFDE48E264F1E
:10B73000BB0959B670C56BA283DF3BA2D116281690
:10B74000E7633F21EA88D7C493D831D30C577932C5
:10B75000549947C9110A2FB9451E976CCB40D5E3C0
:10B760007718327A4347765AF5745AC892BCDF6B21
:10B77000ED055F2427B6DA9086D9BCA34F6B093A52
:10B78000161B0D51871AF7A952421CE5A2DD52CCB7
:10B79000D1419E07E7ACE5F4454EA675488968A3FC
:10B7A00020CBA16B1277CEBD080F261E727C341DF4
:10B7B000247EF70A5FD6391CE1869582712706C080
:10B7C00045606BBAFD1D842A5750174B865F85571D
:10B7D000EFC3811D02C3550D8B4ECB2F632E7944D1
:10B7E0008E0A856773940CBAB708F5DA9A273ED1AA
:10B7F000C1326642FC7927AF57E2504890A0FE86DE
:10B80000B6B73C6B4CD0EBD5A39178B27A6D415072
:10B810004A19D95322D36DD10626F9AD497184470F
:10B820005E4136856282A8CE2D826798E2CECA44F8
:10B83000B1670B850DA7864D46D8555CC3741D2D89
:10B8400089A2B05DE0E3EEABAF25F1D3AE3A83DC85
:10B85000F2179C2180D8B5BA8A29A866458FD407EB
:10B860007AA09A7C2244CFBBBDABB6B3826F1107DE
:10B87000D58B3095F157F8461975896EF7638EC2EE
:10B8800037959CF8E4A198BAFA873BFB22AB8CE091
:10B89000F4CCB8B63F4B6B69FF93A8C653428120E6
:10B8A00010674B1C968ABEF4FEA8394F457BC6280C
:10B8B0009FEF754B1C1785BFFDF93E8E0B9953F713
:10B8C0005DCE769ADB41A920C41E78762147404D93
:10B8D0008633BB062B2CD6B3935FFD6518482AD15F
:10B8E000CC74BAC6A3BEBEFAE738CEB005B574971D
:10B8F000613E18EDDEFB65A32024B287C12CE6EC87
:10B90000E621D60478E1C364AFF8773D38C901EE8B
:10B91000E9A4A878DECA794A5BB05DFBC9DA68C0E1
:10B9200032F79AE3E21E167F90747E4BB84ED194A4
:10B93000B14B7E650C109D2D41C2FCF7EF2B6DB213
:10B9400032C57BBCF435E8606A3B3794C148B084AB
:10B95000DFC4D9B8B53B8353479AF8FAFDB8DB3654
:10B96000800E2652545999AE701E072A2F0D55CEBF
:10B97000691D4ED0AD56001AF1032CF6D1FFE2A19D
:10B98000F811BEDB317CCD5734A0A7000190FAC777
:10B99000216D8C6210DDE03BEBD799815CB7D16102
:10B9A00051B24050A0549CABDB949F12FDDA5DACC9
:10B9B0006EBE82C1CF049D0F8B4120CE79F279E318
:10B9C000240A233AA8A829DE0C126ECCD30F739E4A
:10B9D00069BE1D17B07162647D325DA3AFBD772D66
:10B9E000764241FA7774B09910E9480239FF6AA2A9
:10B9F000BCA6778B4740340036E38797D2EFE073DD
:10BA000030EF2B43F86284C06F092B6BF9ABADA00C
:10BA100064564E2C4DBB28C7D27AEED03AF98F81AE
:10BA20008121DD00A594FE3E64C7EB517BC9B45D66
:10BA300034D5AB8CCDCD0391B7F07E4AF9F8EF89C0
:10BA4000DB13908ACEDEF38CED18183312B0C76981
:10BA50000B5E265B7694671B0AEBA2768F9385A319
:10BA600086699159CFEB4F1A2F95423750729D8EB0
:10BA70001C7451F6CCC382BCD0740F134892F23BB5
:10BA8000694925FB106B16A719C38AEFA6F55BC39E
:10BA9000CC5FB96685B629CB75B321A1CE9B096F62
:10BAA0003363E4893D1C9211D35CBE5994A54DB219
:10BAB000BACE62BD0D3BC55B88C033CDA4656BDCDF
:10BAC0007F53605302AA5F183091378674C9886823
:10BAD000F8C75D39F08BCCD93C664ABB3EC095AB0C
:10BAE00010CCEA0B2735AFE3FF6A7F221686AEB291
:10BAF000F71E05E56A7874AA2C7B527095C5CEC4F2
:10BB0000D6F2283FC29C90B6F0C873B7BBBD562E84
:10BB1000D154FB1424BE7236C1092A9D5A2A5A9464
:10BB200067BE6AB65FEBA1F9D870E17C7FE9CAF61F
:10BB3000F7C700F9F1A252C74352CB430E683F4109
:10BB4000F3AF3503027C340AA3338A26B0FA34CF2C
:10BB500021D06F154360E1BFDFB3EFCFBE196A7E1E
:10BB6000B082051A10020745014FA9BA8997EFF66E
:10BB70007414E8B3DE7D29255504CC3BCDF142D2C7
:10BB8000C8875D19003A87F4857394C599BB13DEA5
:10BB900052D3FCF3E4BF9291901EB94FDA16D765E9
:10BBA000F40AEB8C51A68620B051E5A84C5201C393
:10BBB0009DCA7DD4C4FE5CED02AF7F4953AC616584
:10BBC000D024A20C0FD3CCDA2F0B51D09C06159D9C
:10BBD0008417658D8F8D3AFA6488F4C7CD6BD203D4
:10BBE0005DDC13980D72FB3B49FF97F24793771387
:10BBF000EFEE6624C8A4F68AB5C2BE95256A08444D
:10BC0000408A435AF4F366DC4969B8587EC68936DF
:10BC1000E0436BE2EBA9FEADD30F789CE1CC3B5B3C
:10BC20003A9D68C9A03D92DA4CAC3982423E68CA5E
:10BC30007811C74A56C7599874643E54BE400A09E1
:10BC40009731AA9B3388DC6C9E352CB6CDD08747C4
:10BC5000AE12EF6BD44C977D702EF52ECA85CA13A9
:10BC60005E38B409B2E9B09B13B95D662866491223
:10BC7000CD6427336CF356AE095B0157FC83F4990E
:10BC8000DE1057859356F0106EB500037FB9AB23D5
:10BC9000825514D33CCCF02802AF6971692BA712EE
:10BCA000D85934641E6EF5581C9EAB3274A7759734
:10BCB000F27F0E0057654A8A033F807DC0A67FDA77
:10BCC00097CA9B4FDC275133FB1916D0B905F219DF
:10BCD000884236DE97F2A2A2EC5A48A54F2D78F39F
:10BCE00089DAB6353F61D278662D4CDBC15991CCEB
:10BCF0009068787B7B0DE2BF98AFF451B079F82E55
:10BD0000972E2D8E0030E6F2DCB15C93819D02848B
:10BD10006C9CDD5E2E198DA57F13C02481F99AC518
:10BD20007B2BE01FCFF7C0A3B87634C3577C6401E8
:10BD3000ED73E7BDC92C237E7C50AB4F02BCFC31B8
:10BD400094921F4CEB085B0F42835F3AA5889A29B7
:10BD5000AC6CF072B56FCFF7B11F4F78B83A95540D
:10BD60000138444C084DB7703B9D24CCC0E559EADE
:10BD7000DAE82B60652EFF955AC1DF2B608C4FCB24
:10BD8000BD6B98C4ED6EAB76A4717DC827AC7D3ACF
:10BD9000BFB650581ED2D0105EE384EE4B541D1235
:10BDA0005D5B10A890D0F874C8269F16D90DF8A72F
:10BDB0008DFAF5C00A29F4DA61650700503747317A
:10BDC000E6D7FE1D1410897CD68348E36D63599035
:10BDD00004120468161D63A9DC288FBDBAA8CDC75C
:10BDE0008A8B93AA5E4627B94947C8571D6EC03B48
:10BDF00030ACCD17A2CB49B400DB64B6642839411E
:10BE00001FC9B1163DC69AD305673D6CE8709E2CDC
:10BE10000B9F16A59A4CBEA5B7632C6569DAB21FB5
:10BE20008CE1CC028A8A0CB5208F8269F99633DBCB
:10BE30003EEED46FE89442CB73718C96BA4C561296
:10BE400011156B69EBDBB561F5245052FC522B7F69
:10BE5000C3AAA69D4534F56916556B9F5F9F717DFA
:10BE60008182CBF2B52BEA852C3F75E5C79D7F9883
:10BE70007641A9DE9217B69ACBE6E2E2CFB8C5EBDF
:10BE8000F31E9655B4847A36BE26C68ACAC2FD7B96
:10BE900076123AB3920DEE4D715E5A45B5784C9FCD
:10BEA000EA0E7A52EB6E535D6EDE51D578BA37CF1B
:10BEB00031951147D4D2E7A6B0209D97E41AFF4FE1
:10BEC0006082CB67C61E6EB180B26A1F2158983E51
:10BED000E5A8A06A047ED34606F98B477C8F8FE3E2
:10BEE00037F9FAD931B18D69BA3A3BCCF98369C8CF
:10BEF000C8BC796425D6D09BB892E3164A059F6BDF
:10BF00006357D5DE489F90830C0C52E35659C810F6
:10BF1000C221FE3399DFAAB3C2FBFE997BCDAB6190
:10BF2000FEFCDCBB1192B99128323B12E5D4FEE253
:10BF30001AE6289D563E9002E17F96B21349285D8D
:10BF4000B3A2012492C080B7A1A2AFBF9714E89812
:10BF50007E9C8457521EEB77499E3DA56F3B643310
:10BF60003ACC46DD524888EA5488823654D60F903F
:10BF70004E0A30DAB242C132B463256E1E0DB708E4
:10BF8000ACDE4DAC9C6659AD33A4D2B71D10A06396
:10BF9000E085998BC71D5C29881693627ADDE1DA0A
:10BFA000B795136177E61EA6DCBEC2ECFE7F8A88D9
:10BFB000C21940D466036A81CE6B3B68306B7A76D7
:10BFC000A9550341705062D813B9DE6E386BC49026
:10BFD000E404590B6643C9964F04D0F22407857FC9
:10BFE00092722AB7090D0A167FF57A39571449C992
:10BFF000CF5E6991EC9EE1A4597EA16697C7851C2E
:10C000001506B4498C6A2644174F606ECEEF517600
:10C01000C2014ED79E62E766F62A4AD29598CBEACD
:10C02000D50B847F57D26B781D163E3EFC82D177AC
:10C03000D714B804575E85496DDAF3797B499B6F55
:10C04000B240FC7F2DD24AAACAF07C944249F5A4A2
:10C050005815CBC9C9BDB5CCBADC4733787960A5D2
:10C060002C5E3ACC119AFF1717832660CDFE572716
:10C0700064D0BC012824206D57D747892336A26E8F
:10C0800043736192FAB0ED3F86A9C50C7461BC2779
:10C0900045E401F1F473C8EB7DBADA3405A3EED7B9
:10C0A000D80BD89718591D2DFD2820553974F392B7
:10C0B000FCEAE30F96EAE2BBA9C9E3B8E0105B1A19
:10C0C00083099266FB18662D5F46DD17B7A10597B9
:10C0D0000B1A31EC1B0A1C8075CF425911EF75F316
:10C0E000B3932C37887F7B3F7CCC2159B7354E6387
:10C0F000A93734FB7A3A180A3A3163B8AC8F6F8F9C
:10C100008CE34553C8DF9D7C28E4462F47B7E0D336
:10C11000F93A584DDCA98D71634EE748D5EAF10F25
:10C120004DFB57D013461E195D042AC4B80CBF5DE1
:10C1300037BE7CB7BA223F7C57A8A8F0C2FCCC59C6
:10C14000F88ADB4AE7EA8E08E33B8A1690B9162F95
:10C150002DE64729C33B4231ED298CEF5654350B70
:10C16000F676AA43156DD1C90D1F64FB2E76C00665
:10C17000293D207782CBC7F0B55534E6A457179FE9
:10C18000D7CE4239D58AFD3120CFC10147AD519478
:10C190005CA8C4F1539A53DAA9A34369ECC68B3760
:10C1A0006D7D97347AEAE22BEED2D741DDDA064F85
:10C1B0006D8857735BD741A5D0AA9FA031EE8763E6
:10C1C0000318BF9206D6EBE9294911386D76A7A866
:10C1D00005976FBC5FB706A032D6F0E6E6D43B19F0
:10C1E000CB5DA47EE71308787E284442FE626F434D
:10C1F000FAEE8EBDAFC5FF441914CA53539B58AC19
:10C200009EB728963AB25DFE473A82678AA9AE2D5C
:10C21000F32915CD212DB7B69C1F309084DE5876BA
:10C22000FB54F9615D1F5CD06DAA1A46C5B64AD2AF
:10C23000AF5F5503B9E73265754EA6552B10B48D27
:10C240009C13CABACDA222B06814CD765E3CC52D2F
:10C250002CC0637806754ECDF2A7A9456DCDBF54AD
:10C26000BAEBB2A59FF6D0950A2897E49BA1049A51
:10C2700061DC559F9FFB6C1512320A679F4F52D7A6
:10C2800006A8BC773D6BEB93DF2908141983862B36
:10C29000C788476ED0C5616F3407B1B3D6CEA583CA
:10C2A000FC30321F6A715846AC367E805E55C44EF3
:10C2B000A16705F7CEEC47BD826F713424ECC760EF
:10C2C000F40388B0DB03CA7D64CA9E77511ACDB7E8
:10C2D0003E8D09F293A0537D89173EACDE6467283A
:10C2E0000B51392A1BBD07F5BD0CB1F3648C04FD5D
:10C2F0000E7AF2094C70C26FD9990EA5C48F9502BF
:10C300009B9729242A2089C7C02F809B54B42E18BC
:10C310005FFD3FBEE9CD73955558C70847E8ED3836
:10C32000FB2DF86E54883FC43C6D62C2E521FAE8EB
:10C33000CE6F1789BC0C6AC6A6BF73ED968FF08BC3
:10C34000BC01359D70697A7609ADC6824A5CE7FF0B
:10C350001B57A95B75B75989EFBF58FDE53D455996
:10C360009CDB3E86003C31CC6A3C7B31589A94AFD2
:10C3700026D1A39A53B3B16A63137A81F70C879BD2
:10C38000FA3B14C345CAC781F4C736001830D85FDA
:10C39000BCFDAFC6E8B3DE66513BAF4A1244B9D02C
:10C3A0005F90A344404DD774AA4AFC36A3D5BC3451
:10C3B00010186DA759A4812A910A4F5F62BDC84128
:10C3C000B4CF8410DA13257B2426E346A18DFFB574
:10C3D000C42F94E26081FDA5DE94BD39D377EE6C65
:10C3E000AD8367758250474763E03DB55756000DF2
:10C3F00053F2C18E4DD88C611CC2AFA91CD64E67BA
:10C40000E7D18E4D212E4494C5729E74B08300DA1C
:10C41000D151039CD48369AE1C7B91F7A847329518
:10C42000A078461825D92E893B9551F2A841BA1F0C
:10C430000ABBD7D1A72FDD69FC06326DBB855065DD
:10C44000B0E7253977A81BCBB55E034348D8115F09
:10C45000DC7896CDFFC8DBDFEA579B873903E9FA22
:10C46000B7F08D748BB7CCF9F6B09848F5D469174E
:10C470008B70CF7D6FD68454BF1188926E9AE31073
:10C48000A090D2DE900E623EAD0F8FB495D1FFAA80
:10C490001C01BB3CA3DB2EF435485D94A68E1AE745
:10C4A000944E9A9D4E2DD3714A7E2FCD7B6BBA6FE1
:10C4B000D5E5B2B84D22E88B9407E919665A620FA8
:10C4C0007AA364BB7C28F4448EEE409A87106BC23A
:10C4D000DCBF654AF973041292C8A1CF307BB91C46
:10C4E00080B0CBE81313CF4392882C58CD0BE5DBFB
:10C4F000DD575B76587499C66EE91FC8C7D3826D45
:10C50000A7E73BCC77E29C6773386237AE73CA010A
:10C5100038CF68C203125F54323EA0004ADEDA6AA6
:10C52000548B61A1BE22FF7D0526647A0DEFD1FEFA
:10C5300006608663871CE08EAA46950502B74EB258
:10C540001A0DEC1BA0F72A51B521A8D48C192AF991
:10C550004A5B640D7CDD388D11458E676CC1E91333
:10C56000702E94F000BC63491E6CE51A88DD4228E9
:10C57000F6250CA6BB6FEA040FE50EE1D959D513D9
:10C5800078F69C6D3B9E0EBEA515C09BEE790055BE
:10C59000755BF003589BFE3709001ACB83CF1D7AD9
:10C5A000D0B26BC4F1B069453C6732A99A96137D4D
:10C5B00024D8434B193A1F6860FAD7B31CF17DC4E5
:10C5C0008E86E5C1B441310ACE05A345B68774B65F
:10C5D000B89E9232DD798FD09386025B4151A3F8E9
:10C5E000F284A47F30C9DD0A0E2C29A7DDBB0771B8
:10C5F000535EE2E026968B8EBFA2CBBF6DDFD9EEF5
:10C60000FE3B8055234276C64F2C94D8AF82C7C4D8
:10C61000E1C714F89E73159F8736D4F4A206E3266B
:10C620009E2066B6F5AA4B00C4D25AC4EF7B4F29B0
:10C6300083674509571BE82A99352B225E8FB59AE7
:10C640003603505542BC7BE3C7DA41DBEF57A333D7
:10C650005C4F554861D10946CFB0A975D722F82E55
:10C66000736B85639BAB2AE226482B72D3A354F3EA
:10C6700015D1D57465A354169B0841BC3C185D4385
:10C6800004038CB78FEA1C0A94F8CBBA5023A44752
:10C6900020CC14718F9573C42D881538BD75B033B7
:10C6A000F97646F593C7E46FDAB45A2C87483A6AAC
:10C6B0008E83D635E601CE7FA8CB6BF2D07E2721C4
:10C6C00011B4A8A59AB43ED00FDA98ED2A5EA3F86B
:10C6D00097BE42D6DE11415E6548EBB1D45DA5241C
:10C6E000E8CC6A9F54A2B668003A1BBCAD873827D5
:10C6F0001FE9FE27074B32DA4D919DCA362A836225
:10C70000E62753C24F1CD93FA561C9D9D8E4FCE341
:10C710000C45ADEAD5FADBBE9808C8B69CCFDA77EF
:10C72000C7C8112E063910B2ADCF03B8EFE490ABF5
:10C73000BAC79F9958EE0D35AA52EC8D0780940B1D
:10C74000907EF554109D496482DB815DAFA68D8794
:10C75000159F171ACF2D8B16EC1E37679CEAFB52DC
:10C76000AABF39300FD4DA8D67E98558CB3C4C0E1F
:10C7700019C60302211ECA945C6390C434D91959A6
:10C780007677FDAAE800F8393E0D23836C2C8BDE0A
:10C7900041DF88FAE7B5A616C32171981A6C336693
:10C7A0006EE1999E2B492C99D9F23D62DDF691629A
:10C7B00073915BE74D045DD793D6C5DFA0583389ED
:10C7C000FAC2659FA7415FBA6F7D0C9D480BF39439
:10C7D000A2E1DE6A5070D53CCCFF3FD91D9C98BCCD
:10C7E0000165E40025CEAE80F2D2C0D0C26D5323E5
:10C7F000F6A8425B69C73A2DCEE8C808B70399C0CE
:10C80000B0A98F9997F8AC5CA842405BC74C9812CE
:10C810007681852C0CFFD65758C98D9BE6B6CBC3C5
:10C82000114F51A59D143C6C1443D6BE4AE946D322
:10C830000B7C10A8C40FA8192A6FB163395594BE98
:10C84000527ACD580A5A70AADDE9C3D5D81F04A977
:10C85000F3343103D2448E5223C77DC5D5668AF2A4
:10C86000C72ACBFA7090ED30A2B306E87F089CE9A6
:10C87000ADDD2D3A43DA9AA1587650CD22374729BB
:10C880000F8AE1863C14735F067E642E43D801D87C
:10C89000F5608D58130CAF307E5E0AE9CB8574F5D8
:10C8A0007AB5D0274FDC261E78A7FC6EC941837865
:10C8B000BA699B24F15BEF849744929721A39EE48D
:10C8C000BC9FA06EA51BA08AE042D8FF1D08681A75
:10C8D0007E3F018C5513C82BCEEFBB3D179AE376F4
:10C8E000DBCD0BE521BEAAF2F7B1A8C972B937605A
:10C8F000EC7D6EF5EA274804125A34E1F34D50B648
:10C900002965D469FF197D1F799DB67628A2694CE7
:10C9100010EC506FB83A7E3A5ED6DFAEB8D0DC7D10
:10C920009B97DBF2F9764764A1783E747A6D02EE4C
:10C93000E7DDC86F323DD18FD87C7F06D74B6FC102
:10C94000BF47DE7460258D86A759B0BF7AE30A9B86
:10C95000ADDC3B83190CE4275DBEB23BA4C3A91533
:10C960005912D481C5DB0F629BA63A0C71E32E6885
:10C970007AE477445921974D780FEC7B44D344E710
:10C98000A578B981350B649C02D2E4D8A69C7BFCC7
:10C99000B2F118371664DED2C1203120AD8ECB97AC
:10C9A000BD816714A721D658764E55B16625A69F3E
:10C9B000B7D56B6435AF05B327C9BBAF2B97DCFB8D
:10C9C0001779D0B93E4D8384A8892BA98A7BC77477
:10C9D00068039A7752D1A5147381D646BEAB0D1A5F
:10C9E000BB4DF430648D6B87781445950EF662B3B9
:10C9F000E83913EBC41F467EE66C76FCAEFB732A67
:10CA0000CE67E5051B5FE837FED0B07EDB45962A92
:10CA1000DBB6835647C90B7F359F761E1E752F06E2
:10CA2000CD38F4D67BDC2C699533C038221FA6D6CE
:10CA30006E41A70FD325E932E9DDD325FA48DACCD8
:10CA4000664AC405FA5FBBAD7B893D435B8ACD8BEB
:10CA500054DC6A9A6D2A2F6196CCC3307CE5053D83
:10CA60001FB4AE1784EC84024346A99CA5BEF727E9
:10CA70000AD4E5884418D099D9FB7E296565E75B1F
:10CA8000ECB85AD952146DB9634FFE52FAA5CED004
:10CA9000CA85D940C2BFE5FFEC9772B3715D657B73
:10CAA0007AF5146793D2247F0F703AF039E85D2D40
:10CAB0007592135D8240D810BE490D481B7FEC373C
:10CAC0007E463BA30595C7F3AA8AFB34C740ECF624
:10CAD000CC9D495D985CEBAC8BCB3D33EECB78DEE7
:10CAE00012E9BD6CBA59A8111FBFCD30C55E928442
:10CAF000925A61BC6BA15E8AF8B41BA68364AD7CBC
:10CB00007D66EA5073FA17C4B7C3C4637CC910A921
:10CB1000632CEB3DE3F60515651C7A015C97D29515
:10CB20003DA45E466AA5757625552D83A94ECD9FF9
:10CB300075B8457A5B1340888AA18C5785D5D3A6F2
:10CB400042E7FF07016227DB77419065CDC8678523
:10CB50002812A474FE7320BFD1145EA3EA2FD36100
:10CB600017179488252F4597739C09FAC2F49016DD
:10CB7000E6B83B9499A7501387F9B48FD360E2E6E7
:10CB80009B654FD01ECD6D0267B2A3955F5305968E
:10CB900069F588FAE7A92FD80167B6D82F7E669085
:10CBA000E2CDA706A28F56DE22CF1BA0B320398A82
:10CBB000809E0F70D631538989A596ECA1F26BB493
:10CBC0007B0D267B5EF3FE041E4CF887BE03F33616
:10CBD00030E48D3A0D96AB6AE76BA376696D7949BF
:10CBE000616ABEE8FB063946D543C311207069204F
:10CBF000FAA4DB6BC4239D45775846D45AB53597C4
:10CC0000E2EDAD82D82A7F159FF8FCEECA51B075CF
:10CC10006B2ADC1F0307E29AA31163E5946637D4FD
:10CC2000153A5FADD79799D67DD32EC0A5975143BE
:10CC300013A1D0CF0D31FB0123E2FD9CC792C57C2F
:10CC4000F89BA6B54ECB19A46208A02C755F019580
:10CC50007062044171BAC9A106FD51C6B7C48D18EE
:10CC6000BA5390204FD4B89243D8DD0C66878E44D7
:10CC7000890B4ACCD341F90D89DBAC6CC1BF166678
:10CC800037BFA85525A51292ED5E872CCFBF0E3376
:10CC9000213ACD3C1ED10E84246323D15809EB9553
:10CCA000FA11DFD4C6558EBE6BA13B097D46C40D7B
:10CCB0003DA336C9DC58729DF916C9CA112D9ED202
:10CCC000C757A260C38FA1D3DE0878C59C6E6642A9
:10CCD0000C830204C4162FCFA527E1314EF0B625F0
:10CCE0002BD0F255FEE7E3D4FE8FFE54DD6D803885
:10CCF0004F4EEB94A5784D7E31E3F0A11E369B6834
:10CD0000CC917BC9B5D033EDB67EF2BCFAD22457B4
:10CD1000C718D061845C0C3BBAE6C68EB97232BBD0
:10CD20006C357B3E974911B38ECC7AC1AF4C4863CA
:10CD30006AF7835B6F35005B57416B6FA56046E414
:10CD400055A05E5E6C078FD4DD795799D1CA18E47F
:10CD50006A87418C90C4F74FC0CFF243C0C70587A4
:10CD60003EE6A36CFB238494F5AFAC2B189D4AD808
:10CD7000994A8D5FBDFA895714262039F48F8DA208
:10CD800034B0384A82A171D8108897CA0A1CCFD90A
:10CD90005B20BA2D990AC0C889D5D06280360A1D99
:10CDA0002B92C7418CA115AF19B3DE77B88BB1FEBA
:10CDB000228DFD048DDCBDE596A23381929700D9CA
:10CDC00016FC06B7CC3C40AB7AFE09226D2AE5E2A0
:10CDD0004B917C758D727F6850D1D9978A802F15C1
:10CDE000CB1B0ADC6CCC4D76248D0D0FE4C1BB93BC
:10CDF000334389E99872CAA426F0309488C6E012B9
:10CE0000AE15C9595B7BBDA45F799D7AC02154C61C
:10CE1000FC2A4EBAD9801CCE15EF7BB7232F65EDC7
:10CE20004F69F698685FBBDA7116B972525178E6AD
:10CE30008897E2434D74EDE47BBD821092E673CD9A
:10CE40009F65B7446182D53455CCA0A6C2D55A4E51
:10CE50007069E72410C8162E5B3547B3DF9B794E07
:10CE60006F338B9CE538F7C59728D2EC60433D3093
:10CE700094818BFFC58A4004F82DBC85175E89C25A
:10CE80008304D2C5E4C6381593CA4E4B157A3031A7
:10CE9000A7721BDFD79DB678059BDB513AF4E9E01A
:10CEA0006B5828C87745AA818539DAA4AA28145373
:10CEB000FA3F81CE602F9A22724A9469080E62ADC1
:10CEC000CDB8C2BF1CCEABA1C2D5B9967ECA366062
:10CED000C8BCB9E40DAFCACCFE3EC4754548CB2DE5
:10CEE0000BD13C957C1C40EEEC74DD3045986CE435
:10CEF000018E8DE322997C67392C1EDDD4C6351E48
:10CF00000C1B50420BCD7E926B0B8085489C650EAE
:10CF100045D5B9D8B80483ADE15E7375C82E4623F4
:10CF200049A07D62D689DF8DD536546FE780006DCC
:10CF300077C650B28B9E34DA7A3101C5B7162F937B
:10CF400007C3110C5F847AC47E16351140D40F815B
:10CF5000F21CC241DE0C74575643E43914BB2BDE7D
:10CF6000F4ECE53F3DAE51883720BC617A62F9BEF2
:10CF70003316420C9237A3D6E2FE80B37EFC7F5973
:10CF8000049C62A807B005AD4BAA1C5E3D0E5A0278
:10CF9000D288A1BF0D887954464AD0307C6DB77ACB
:10CFA000927F92A4FC19FF4B3A54ED5D862AF98BCF
:10CFB0009895BD499E4A609B19995896B1392003AE
:10CFC00030DC2F1B533F9CD31B89297AC74947E488
:10CFD0005BB47A09BC80DAEBBDB4B253A663C2FC81
:10CFE000005199F5C95921D77AD18ACB2BB329742D
:10CFF000A1EE24A78FB568017EFD97C6587C5D1A07
:10D00000BA24D69AF15A1E8103A8025462BC9B46E8
:10D010004C9E4339836E677F13639AF6CC7B6A9D7F
:10D02000D3FD2E41E85D58229B298B783443491B60
:10D030006ADDA45399C13F9E2C605AC3E50236278E
:10D04000B141A80848DEF7144285C9E030D642074E
:10D05000B77B81944835DC8D03DE4245FBDF6B7581
:10D06000C23DDBBA9A1C36FCB0BCAC6C4BC234FA85
:10D070001E0A2AFDB7AC99867E58B4F1F1E6007A13
:10D080002070FAE2C4ED1B95DEE72E7815E34D83A0
:10D09000F66761863CE5576837A350F8121A0C2AE8
:10D0A00037D31020E29F739768BE286090A644D3C0
:10D0B000EA4843D2D02C4D87F4ED035D18C4409666
:10D0C0005BCCD67812D176B8BD802AA08AB49F5E98
:10D0D000710C8B572AA2BF19E0BFA8756AA2C01BAA
:10D0E00082089C637ACE48AAF6369D19B47FBC0AA2
:10D0F000C36E2DC243B02B4AF0F4922C5067FC5300
:10D100002103B3EDFA06C2E64C64336C669777EF01
:10D1100016D513CF4E5FADF03138389DDAA2DD4D14
:10D120002FFFD6424D5996A2758758A695ED7DB42E
:10D130007B4C24E1A10AD4A36FFE0F9992D1EB0F8F
:10D140001379385E52BBCE73DCEFCEF7B7A08C37C5
:10D15000E5419174D502242DD1159FC9A4462BA673
:10D160000247922AC66CB9D671C7737E1407B16A9A
:10D17000596B65ABD85BE2C19A3606BD5921FFEC0D
:10D18000AA5C49B0B4BF6FEED3E6483DB0739C448F
:10D19000DFB36FCDCF455E8E2F3B70C82C40C5E509
:10D1A000D70CEFBC5C4B63C2339B7AE64D286748D3
:10D1B00078116FB1DB8D5DF9A6EFF8B510F016FBB5
:10D1C000FC8CA09DF8BE3B8ED64A7429D76507BA61
:10D1D00088D04E08A5BA64AFDFD1C695B941886C36
:10D1E000355F75D5E8858A40F14FF1320533BA9144
:10D1F00077615572A6CC430B9859D7C25EA3D1D79D
:10D20000E051C88E87BC58BFFBA521126B34BC14FB
:10D2100068108420F7706B1BA0504737CC31642115
:10D220004B2991A84EDC943161FF5077EF7508B619
:10D2300089881F5838AB0F99FFAF317F7A7C5DEE3C
:10D240008395A0E443379AB17EB39EA37EACF67576
:10D25000F61D6A0A0DC83C801B93B7A0350CD2F0AE
:10D26000F2526EFA63D6799AD4B4E82861C5359A39
:10D270000864EC8EC8AA3EF764F4CBFDF3A54946DA
:10D2800007042314A5791C59D97290C806BC5062B2
:10D29000D730017A52D59AEE9B9AC238363E76A69E
:10D2A000DAEB17D678CEC575164CBF95B7FD03A03F
:10D2B000C35C75DF77B610C68D01FA830F4E58C177
:10D2C00000B170E0B338ECAB9D3E24181B9416926D
:10D2D000F554AD24E7B6A1C967AD2A531AB4109E20
:10D2E000971691457198137BB4DFE7B65B0601A9E9
:10D2F000BA2E8B37A267DA90D8A78149F41900E1DA
:10D3000074857E073AE76C020DF5F7DA9AD989CB76
:10D3100032736B9195ED609131BB4DA3D03BCC9BAB
:10D32000C29DC347FAF6BAB799AA3A87489CA8F6AD
:10D3300053654525EBB06BE2BF4C798FD3239080CA
:10D34000EB0BA1E00961FEBEC37CA6938A3858DBD3
:10D35000A44DAD2779FDBD44EBA447428DB947F1FB
:10D360009FC95F6B5C6DF196F8C2E18851911F28EF
:10D37000CB7EA26F36C7E2EDEFDE095D9644B5E5E0
:10D380001DD456C31A9B41AA9BA35D17F95C993F14
:10D39000E38238EAD732DE6FF5A90D66DCC93F3B80
:10D3A0002B0C94A1E8A8159AFAF6DEB6EA638E4E25
:10D3B0003B0068EC67F4FD5F69B1D4EA5E74B76C5A
:10D3C0003CAACACCD8CF37240BD954E0B1639339E7
:10D3D0006A14B5716E0A1AC9CF9B0764DAF4302754
:10D3E0004B7EE0588E8DAF7CB01DE1E1D20F8337CC
:10D3F000BF00137EEEA915819E9AC2C616BF20C239
:10D40000307F41F532D8321820B62FC563276AB174
:10D410009CC36873B1E968D85A8FE43230E9883325
:10D42000FCE8705D15BF36249A2E22A88F5372FA3D
:10D43000DFAA691C571AA5697B7399D92AF717CBFC
:10D44000AADB0EB18B69ABC110F9D578B7BD6B54AF
:10D45000989953B1E73E848E876F04A2BE662EBEB4
:10D46000F2F1B55CF06B723989AE74EA13B07EDA12
:10D47000F5C329D34CFB19F8FF92584A85D5A5D995
:10D48000334C0783D93917767167E06DD5BDFA4FF4
:10D49000420F81F232855A778D2330E64AEA1F5ACD
:10D4A00015E94799B29960070AD9D2EB2247C90812
:10D4B00043C0736E158F6BBEA97D16A1D194B2C502
:10D4C0004CDFE32A419407DC02130A2ED98C9A6DB3
:10D4D000399D6862D77CCE5E92B2928F99970F0C7D
:10D4E0006C2EA918396ECF10F16E27C28E227CE007
:10D4F000FD04AE3A720D4925251A0BD3C635A51089
:10D50000F64AEB87255A6A46D4342D90DE5813B27A
:10D5100094986649878EDA0624AD84CC2CADFC3C09
:10D520002A40DE15D9EB3C3ADFD737CDC1B9D39AC3
:10D53000E13150D175569EFAFDD162BD58E0A58209
:10D5400040F56FAAA48ABE1DFDEF92F2BA71E97D83
:10D55000E781C3CAE1EE32AFAEA48BEC864FDEADFD
:10D5600072D9CE1E638E59240C1650029225939DBB
:10D5700040890A7AED601395471BC1643C1F6D7F9B
:10D58000A73EC6EFCD00781149572467D89FA66201
:10D59000E7E3502A44375BE9B27E8A6311C75F250F
:10D5A000B5C22851DBFD8AECE96882E7EDA738387F
:10D5B000A373735A94C5A4FAB2708DC29372331FC9
:10D5C000B577B1FF902027A733DAAD8D33AA35C2E6
:10D5D000591AA6EC2CEA799CBB08F410C5C390CC70
:10D5E00074016E5758995CFD2B5A6BF6F5FC089D3B
:10D5F0005B48B877C134CE7205A914CE877DF8ADEB
:10D60000C069AD7A49430E5453036C6859ABF54F6A
:10D61000F5058F9DB578EC719E90C02885ED88C387
:10D62000F16D76F26560276FDAB5D6771F33C5D412
:10D630005099D7BA16EFF27B63BE914EB826BF8DD4
:10D6400074BE02F8BC2D16441F5A8CF6B9A59987F2
:10D650006EE99D725E5EF8CA87677E6A918B6DBBCC
:10D660008E0991B8DF415FB0DF81F6F76FE01EC031
:10D670004B26E13525D44E947DA60BF95A28016C32
:10D68000A69692F741A5C34D1FA027DFFAFB4BB822
:10D690002C66841A2A41F6F447512CAE90E00841DA
:10D6A00064A33FD312631319870B4CFA9F76F74696
:10D6B00003B24D70988043D56F4D6940ECE8EFB6EA
:10D6C000A94A0A0232BC4B12BED5917BFA4CC5194D
:10D6D00054E7CE46257BCB0099B77CC047FD674910
:10D6E0005BC3DEA4427B0BE68804D871960DA8C606
:10D6F000334DC18A647FCBEFCE2C10BC813D5838AE
:10D70000B434F417F2D31BCC5B015C57621054CCD9
:10D7100076B481125CA80A61DF124FFBF62757BE70
:10D7200046A1B5E2278EF9FCC9FE8FDCAFFA28933B
:10D73000D9AEB9833A588C3D96EE7CB27A9F953239
:10D74000DB55D33624E169BB19E3102DC33756AE40
:10D75000BEBDEC68C80B1FBE99A58343BA9F1CA829
:10D7600008ED3FD29B476EEC5217A3878C7AB8E83E
:10D77000DAC1EFF51DA5985AA1050B3EE5CEFDAF28
:10D7800018CBBD249CDB569C041012D014CAAAAD41
:10D7900047F0B5181CF142B0C8C4D0DEBF4C19D157
:10D7A000F4518D582757935C3176D952D8F811AF80
:10D7B00074E4636E0397E32C06F638DAF2C0AFD751
:10D7C0009B14A26732EC3CE5FB0A1409DE1B6A25B8
:10D7D00066105D18E086843240CA84AF5EE9F1AF1E
:10D7E000CAB0187C3D2D8A18B4898F0C3B8FC6EDCA
:10D7F00010E63CE83E8E910C11853BF059187BAC4D
:10D800008AD1FF1852F80852073A474E6373F79AC5
:10D81000A2284192D03A1261B3160BB81709F7ABA0
:10D82000AA861ED37B9AFB67038AF4E1073595939A
:10D83000D11EAEF68AF48C7FC5566A85974807D903
:10D84000BA898F882506330249C18FE67E0465C0F8
:10D8500023FA3AE6B1D86360F183936875C4FAA6F7
:10D86000DC5A20D1654B0F826D12E5413460D53012
:10D8700076A4678EE769F176AD3E0259E711F2F3BF
:10D88000B8FE24808AC12C2F5EBEE44DB8DF4BF079
:10D890001730859D936DDAC0BE211140C0D5163377
:10D8A0007D6BD4D15B5FA5BB5669C2150A097E5159
:10D8B000947A6161356748FC119D6342E5E09F6A97
:10D8C00077C435290039C9D1604DF4C9026AAB78F3
:10D8D0000830B4038D72DD05FC2864513647FFC85B
:10D8E000D00A0668D36A2FDF61E20F730E8A7FD5F4
:10D8F00037218F98645F1405D2CE970BB5EAE849BB
:10D90000B07E7EA0A3E4660E98577C407C90E88EA3
:10D910007668AD42B9743A35BF6EFB0F4DA54292A1
:10D92000E77CB9A2FA4AB407A6FD4FC23DCDC912A1
:10D93000DCB3EF4549A9B4F08A3C28B0BC33FCFA0B
:10D94000CB7C110867727CC8170D8DFD9A838B33D1
:10D95000D0EE144402386B9D557E0BF6E7F163D68A
:10D9600021F6CE0D595F81A4CA532323D0E90DDDE2
:10D970006E2CDEAA6A9E4DA3597F0E7B28D989EFB3
:10D9800085A5DE596972554561CB4A5869ED8278A3
:10D990007AD98C361F169617E83730D445B63E3AFA
:10D9A0005A1AAEF1412B095F0D051E403B7A538F89
:10D9B000C6D0CF52A08B26229C477849326ADAFE25
:10D9C0007CBCACC47BEE0B1D39B3474C08F4FD7135
:10D9D000495FC5F68F9B1C6A5721C547BC06959DBC
:10D9E000D9088C9F2F75BAC6FF3EB6CDAAB42A8738
:10D9F00029B4CD5339E86EB2CF7FF34E9C5892E5EF
:10DA000058EEC72D9D7149E7D3E1A9BB346DD8907D
:10DA10005359C58D1BF407DBA4F43829631E612A12
:10DA2000848809A186F08F96FBED548664E6452C28
:10DA3000DF7F2EB22030C38E8ECC907F3903002240
:10DA4000A2877D2C1152F841A97537DEC2E1CAA424
:10DA500045D0B0F7688E3820A22D608151F39B7CB1
:10DA600040B4953A82DAFDAF2BB08BFEB143A3757B
:10DA7000C1FCD4177D3B51C8F31D12B195C50FF4FD
:10DA8000ECF265AF5FFC43DC56CC58C8BA0E78BFE9
:10DA9000E7AD81E97AD8742E6D4F545D98E6860D16
:10DAA0007964CC8CBE4A2548FBB6A640407B1865FD
:10DAB0001686657BA711AC7F483BF2870556FDEEC5
:10DAC000468BB60C11ADEA0C28F47C2BCA17973A9A
:10DAD0001A978FE5431193EE8F6E92A9D4FBA1198B
:10DAE000A41A93DF2D058E56AD77123C7C67B1D515
:10DAF00076FB20A6D15025EDEE42461AE4DF2D2A12
:10DB0000647BE2BE636613BB33C4FBE08666CDB0C4
:10DB1000FA436937CE4CC4BD8F006FA3A81B5A5E71
:10DB2000964BF320C71EF3EADCEF7D56E675A2A202
:10DB3000DD7B452F7CD1592A6BAFC996A3FB228E82
:10DB40000AE5B3E15B8634CBD437AF9B314CC66575
:10DB50005A7CD0638767392BD9DB10CF649D35326F
:10DB600083C549960B7EF864A395E4A56BE6216E08
:10DB7000074585952C1E4D50D71E3273CC4A718DAA
:10DB8000D5D92363097CA2D99E276545A3F75C6498
:10DB90005E786CE69B5F3F1152AC57C53B8645CE25
:10DBA000976E937EF97BC993F7665C9A48F8A398C1
:10DBB000B3FCA30796FB363056E7909BDDA21F19F6
:10DBC000D52FCE293FE22B7D164551FD676963B302
:10DBD000FF21D60B2D041C87562C8527C32F22A18D
:10DBE00090BD482A61C1FC775B75F94262216D4C9A
:10DBF000677B91F47E8E52A4AA1783E97C78B25297
:10DC000009747E2EA8A7DC76DA6D8703E48255843A
:10DC1000A2CB5E18EEF85E1BEBC2C2B5BA2C327C0A
:10DC2000243AEB21B83F85776A8EA244EA83ED233C
:10DC3000BBF0395C93FAF5EB36B35C57321C822C9F
:10DC4000F017B1DA3F3C41ACCBD356AFA96B3D9D49
:10DC50005E2FDE1091CEDFE36FFC434437DF50AD23
:10DC6000D2273717DECF4B4DA8E9E47707285902B2
:10DC700051606E1839494A7D383515DAD8893A69C4
:10DC8000FFD97182ADC8E6E0DFE9308BD43414E50A
:10DC9000528B0AA9FE5C7FD82BC2886E61018E4F21
:10DCA000EDDA2EAA96142A70E07E87489AB9B269F6
:10DCB000BBFFBD8E685EF80D9C1369BB742ADCAD9A
:10DCC0003538CDA3F667C38C14B01D8FFC314AF8EC
:10DCD000D80D9779CF1EB6C63DA01923B338595831
:10DCE000E573F8C1EBBC89358172F556837FF7CBBC
:10DCF0000F596F54EAB6C59A8B25C1B7C40BDBE840
:10DD0000D83192F7F88E6B88FDD58EFDE172ADFAB1
:10DD1000958FAE2FCC9552D5DE69634C6DA9C82E78
:10DD2000C0053D79E4183B92D2593504507628A1BC
:10DD3000B28A7A795378BD3DDAA9FEE79ED7EF968D
:10DD4000562E1742D30280EDC8629207083A9A0510
:10DD500077ABCD4470433C07063CCBFBE098B90A57
:10DD6000CF5980ABF9FD2A9D9B42A0C41DED904385
:10DD7000FC705A43B94A13B33E582660638B11E9CD
:10DD8000DC3694B327F044D4F8777E492F8A117893
:10DD90006AEBEE5473AEB85C66CE5E1F3AC24CC0FE
:10DDA000265215B7F223391AE23999E948DBCF70C8
:10DDB0005AFCEE79AFC87824411BD0E6714CDF3EA7
:10DDC000359F2BBC4AB3E3071AF3F41F5A09713C81
:10DDD0006AD8E1E46E633A31810A557B1E5100AF87
:10DDE000AF184BF27701D733F1C0DB4DE0D634D713
:10DDF000DB6FADFC390698BAA2FEE151E945F64465
:10DE0000289C1B3226232F740C64B67E429344BB9D
:10DE10008539831D0CABEC875EF7908169A5BBF952
:10DE20006E19C34305A1A86F0BE48E77FCD194292A
:10DE3000EF9CF73EE58A80B16197F76402D755748D
:10DE4000F0BAD9D729D71F1929A1AE538BF48BB0BB
:10DE50008FD4AEFC0A7F9EA6860096F66D4CE79F97
:10DE60005E75D70E199C7BF72FCD2B8509A6BAAB13
:10DE7000E668D65C4C47A7F5AA668BC4CD78E40467
:10DE80006417B2A23664FD3DD187AE4E5FDF3D2DF3
:10DE900054440411BAB041757E7147BDFB06EA1CBB
:10DEA00068FD81723220D27402C56C1AC2ACD107EF
:10DEB000C2A607907B3329594E83ED3FDC69FBB442
:10DEC000F13C16A006AA278D9AEC04EF8BDF4D04D7
:10DED000D7D8D21A9BE9BABCF1F089BDB1E7D25CC0
:10DEE00024FBC21BEAF9E5736827AD22F868000F2E
:10DEF000AE8AE43EEF3F4DF13EE0FC4887FFB7C7F6
:10DF00007694734FB367590E30785929C6E91C6966
:10DF100092E8D6A74A1CAD000C32E57876BD72CBEC
:10DF20006BEC38E703C30725F7CA90ABF48940537D
:10DF3000079796AF4C9FBA1E1558D2EA13593A125A
:10DF4000DA4952E58918A72F63F4394F19CC6104D7
:10DF5000D40646402261CEAF5CECF76CBC9CC31982
:10DF600067EBB444347DA38A31C7ED80EE95D77357
:10DF7000542CA3ED279C8563CD12757954F9C0FB11
:10DF80003E724C751076930A09537C546FC612B9D1
:10DF90005A6FFC8C94560C4B3D32CAEAA769EDB21D
:10DFA0002E890AB26080ADF02B6D945F851984656F
:10DFB000722F7E6CBF6A4E3F4DDD0286C4B36ECDBC
:10DFC0005597C3D16E3C88DFDE26BFEFBB626C2362
:10DFD0000629181431F86D2CE5525DC1BF53EE4B84
:10DFE000C214B4D1426A65B7AE8EBEA8887044DD53
:10DFF0009E1A9077EE90820D622E0CE36FC7E1417E
:10E00000C3FBD78F806328813D9F29D67F1E317641
:10E01000BAD0EDA8916B88094BEA82F3B3882D66DC
:10E02000B0146C0EF33D78D6D70D2959FDD49DD987
:10E030006B3D5429C10D6BE7E2B22E5AC0BF1DF1F2
:10E04000A228AA4D21AA5D7B44F7BB36148411593E
:10E0500032248EDA0565E1B7CC647653523DF4D1B3
:10E060001388859D1EDD28C3549BA6D7AE2C72AAAB
:10E07000E1EAC687AF6AF7122A68ABB116B46DDF62
:10E08000ED4EE83BB84BCA85A9EFB53782A294E2C2
:10E090009FA6892F1DD46C536B9711372A1C63D808
:10E0A00057746C82C42F2849942416709AAB4C8DF7
:10E0B000279ED4FCA81E0E24998D2B7D9AE346B48E
:10E0C00060673605471B08372D66A65F79B01B21B0
:10E0D000EBBD02CC703430629DE7E2BF1FD14DEE44
:10E0E0008E14529F8A1A16C2F1D27FC66811D58348
:10E0F000C591324440A39C15EC69D738050962CC20
:10E10000A2FDCC5E129CB85BD712F9A6CCD85C8776
:10E110002D28DAE62562B157EA52946FDC999522F0
:10E120004EBA6F66497BDC6E53E2033FC61AB9C52F
:10E13000EFAF1ACA44512813F8F9A8EFF751E6C80F
:10E1400009152D01C6E7FE3BDD2260EBD037CA89F9
:10E150001A8B4D502E9BB91E0541A95986724CAFA2
:10E16000A3DE0CC5FB01B65D0055F6F9568F8F3D59
:10E17000BA469A15A8F076CC53AF481A8E5C8D2B10
:10E180008D77E58EB9BC1354FE9195F3E0504A1F8C
:10E190006912C16F3081CFD73E83C86C33F460CE33
:10E1A000C04762FCA9D94A7CCA44149FFA49C7A255
:10E1B000CEDF1BF8321050258C8CA4DBD05A98AFE0
:10E1C000966EE3647F0BDA09D58AF00F5BAC2F26DD
:10E1D000BCF0AB86348BDEF74EA3CF13865927A550
:10E1E00011C02EAF52EE437328281ABD5F60610044
:10E1F000D144DE31A34EB90EF09F8899E2402FE45E
:10E20000DC02A2741391BF7E202758241F8D412168
:10E21000EFC4C873D7BA7FAB9B82C47D30E89CC77C
:10E22000578E74AD6CD653016DE3C422E759E58770
:10E23000B0B8078370D9355AC3F7E48BBF1528CB24
:10E240005CE845001884A84DD8CA222B8C9FB8588A
:10E25000EB6FA74E3D2A2EE91D6A06CEF759AEDEBA
:10E26000B8C58F89DE1A1A0EF5035117E06F3F2AE1
:10E27000643CDE8B8102C157DA73E148B5079057E1
:10E28000EF087BB0D91DDC5993E915E907477E05F6
:10E29000DC69B5D88B52AE34F00BB6D851A94051D9
:10E2A00051A32F7C2F658A6EB6C9EC80984D76FB02
:10E2B00088A26512C5FF3E44D94357AE0D730E7D4B
:10E2C000F2717B2E6F0821DBC9552CADAF794A1650
:10E2D00023736FD6779FFD889863ACC858A4554DBB
:10E2E000506FD8143840A305B136AF488F67366CED
:10E2F0008C15FA97768F8BD47320FE12D51AF4649E
:10E300005D49B24F69602DF56C3DD50B02AA5CF2F8
:10E31000F2959A9336846E3B34CBFC02F26226DB94
:10E320000BECB8B8B40F35096EA1FED31AEC3C93D0
:10E33000EE5DD0D00507356C69E63715E2C4EB2FEA
:10E34000CFEC98791329C6919AF29B51FAE400C454
:10E35000614A091B2914385D27964CC15B6489CA40
:10E360000500F6B7B7040328B6360DF9D38C5D1354
:10E37000F5B84C7A3A3EAFF19F2D45269791275F2D
:10E3800040383AD2DFF070CA871062D17DD42A8338
:10E39000AA34435966D5738CFA1231945BC576E67C
:10E3A000B5EFE55DD6704878105DC2C0CE4F5246DD
:10E3B00019B9C3C34F0760746A181109843F7FEE0F
:10E3C000A4028FF103598B13F0F489C3D2E6F364EE
:10E3D000FF9E1D5C3E04CED5F3952D6203F4376C91
:10E3E000C0BC16295443A2CC9710F0F704F812A130
:10E3F00098F992E93773822B98A96305CD476ECCC3
:10E4000004E0A28137A9B3B7A1A8C9D66AEA03C3B9
:10E4100084F1405165F0B2E592FE25D1D9E97E4103
:10E42000EBF6ED07AB6F247DF0441E0A200C309B09
:10E4300056E15760732E71AE232555E94331EA69E1
:10E440005C2FBB59682380CD121DDE267CEF5E0554
:10E450009A714681C68081806F3C0E1AEA916FECFA
:10E4600023E652C041FB6612EE5B1343F3C90FB6BD
:10E4700028240AB901CA77B6A0EAF4F1D5A19F0011
:10E48000C090C4E66B416EC9C847936F3F9C6D88CE
:10E490005C7CCFA313C1FCCA980640745899ABD8D2
:10E4A0004C9DD735BD211290537D4D8F06A2209EE5
:10E4B0005F92F15D899FF5C7537CCBAE9A647680FD
:10E4C000EB87596C96968075309DFA324F91ED80AE
:10E4D0006905EAB42193E759B2688C254E4B85BE95
:10E4E0002E0AEA530733292CF4953E7583CBE9DED7
:10E4F00094966B5E2A01A569A2FE6BA8747D55BB3C
:10E50000FA64AE16E5885CED84F7C0E4B39B8CF446
:10E5100067B78D74C53330FD9CB8E2F370F71859B6
:10E520000D5F8C90ABAAFD6F7B8BEE202E3E3C28BE
:10E53000299304425BE79FBD931E3CB150BFEAD5CF
:10E54000DCD3D4F10FE40D1930B32F4040B1D469BE
:10E5500009E027AC1CC37A327819D42E44BB123C94
:10E560003DFDA175088ACCCCF047399E2628DF33C3
:10E57000A3C1FBEAB52C3CA6860596D5191F3E4AD9
:10E580000172C94A0FA2CFD32B99AC6F364890FBCA
:10E5900047A7A30C8CC9F27C05D7B1DFE2C11AB33F
:10E5A000CA1A88E920EB9929EFB28E4B73A40EDAD0
:10E5B0002A3C77040CDE3FA700C6F1F1CB5C086073
:10E5C000AC23D754320289D82C3C8C2A3EBE793AEF
:10E5D00063130AD25CCF8440F925EA188CCF9ECE13
:10E5E0002523BA64F178DABC1736AABC41CFC4B689
:10E5F0002F8CFF6498A8D88DA2ABA905E9E9444DFA
:10E60000BF5101F7672E2411A5559301F712273644
:10E6100041A981CBA7E309A997835A7E74D315A09A
:10E62000C3785B8E5D2EA492A50FF501F02B60E5FB
:10E630000AB85631562DF1B8A8E4981EF3290D9169
:10E64000DAA96EF759E514BAF220A6FA74228D03FE
:10E65000EA23BC6340716E51230D506BF20436DA2D
:10E66000B0D3A1CC500A95A1BC81E82A39F1573624
:10E6700096C7FFAB45050FABC0A7DA032422F419F8
:10E68000A05D9D93A7324DCAE7011819CFB9EEF0EE
:10E69000152B365E1EA60E47E4C5DC506CD188B83B
:10E6A0003FC3425189CF5965C1B03C74C2227E81BB
:10E6B000270EE8766AD81158304FF814D2BE04FEFF
:10E6C00001B6A17A9DE2D7F55ED51FEE58EA3AC5AC
:10E6D000435C4C51AE013F5403802952C308F63CC1
:10E6E000F77B6C1B2C73418CC1EE4BB9E149F15D9A
:10E6F000A7FAF15CC1113243334B8BFFA863233877
:10E700006BC22AA1D79CA1A51A5EBACCC1509A8926
:10E71000B00DC878D13002A8A3FF93EE97EE393B35
:10E72000700484D7306E7A28498ABFCC99488CD936
:10E73000388FB25C3CE110FAF3CEA47C82CF8664C1
:10E740003DC7BE94329BF1818D94E2C82289937CAF
:10E750007027B8A9479F0EF5028B1D17FA340B7D61
:10E76000EF47E174209B38BF025A1B421D467033AD
:10E770003494D38A0467A61C5C7BF9C86D02B3F697
:10E7800015135283127240367BE2397D8A30C56D93
:10E79000DF95C99C460BA3344AFC7F7368F5631070
:10E7A000B8AE6CC4B25F81593316FC5A2B050D7993
:10E7B000AF124FBA9AF05AF26193B3AECADA184B5D
:10E7C000203F51E3065A01149B554450808C83F23C
:10E7D00073D4D48CC1D283051EBC37966D66326368
:10E7E000F6F36B5C41098FE026556CCE8C8FD7F920
:10E7F00026809032A9F712A702B5A3FBADA961CE7E
:10E80000EA8F639C8810DBF7BD7C2138CFE40DBB19
:10E81000073CADE35254FAAB23FCB90D3C73C6FA86
:10E82000C655B2E29693E54750ED95666C6A0215BF
:10E83000428A28E4B56AFED6F7F9CC7C8CF3E98BE2
:10E8400022586A2DD52DABA8A74528F730F607B971
:10E85000FC37726FFC5E36BA1C621211E9E2953722
:10E8600098FECDCCFFC139634E5D03E2A6BA74C3F6
:10E87000A200506500DF72634F31ADBDA31F097068
:10E88000C58BBB3E1DC894EAE5B7AE65A09EFE5A97
:10E89000546E1A7F47621B8BBCD784E40884CADF9E
:10E8A000073D55AF18F42FE90BBB750FA4E0F3FF3C
:10E8B000C50512AE4F1133B5B055CA384B0EA6136D
:10E8C000599091B3BD79BA46EA96806E0759BE68F1
:10E8D00017F4D54773CC206F09E9639DDA5ECAF758
:10E8E000E952CE2505C59536F9EC9FB3BC6D8490F1
:10E8F0008C1438BDA04D5111AF12415B8375362386
:10E900002A23A0FC463F22277470658B0C4B4B409A
:10E91000C4F49BA0670A33E572A7B96D4908841D4A
:10E92000D6144A2A42EE789B37914911CDD26C1AFF
:10E93000D667D73A2F5BBF5E8A1D98F83D8FC5F129
:10E9400000000000000000015A0F754120603329CB
:10E950007A59EE7835328814573741892AB81B32F4
:10E96000FA7E8E3021BBC11C44C4027AFDE27F6670
:10E9700058A0D72D1C4CC1B9B03285275A6529D86B
:10E98000027A3FEBF027CBA285908DB4662B747B87
:10E990009F8B88869F6A0C6BBE5C585C8B8C27DDD6
:10E9A00088D21711F43E900B4DED7579239410BF6A
:10E9B000E2792B85D6472E2F6EC2997D40EEF95312
:10E9C0006F8A2C564E4B9802EB8ABEF6049AA63BF1
:10E9D0006CA89F35652E71712A561C35A9EBF92953
:10E9E000EC55A4C36E3F6446CB1D3F93268C7C99A7
:10E9F000BEF5E13313D07F852E40A1D73417AB4E3F
:10EA0000D6CDFA82C2F231F08CBF5DE339BC440E40
:10EA10006E9F1AA74BF2E7D4AFCFE7A10EDBED262E
:10EA2000768923EE6160B5976D3022BA0DEB7DAD2E
:10EA30002AE35E007ADA4096A2A65E8D5112DF7B51
:10EA4000512FD58AE8A409FAFFFFFFFFFFFFFFFF60
:10EA5000FFFFFFFFFFFFFFFFFFFFFFFFFFFFFFFFC6
:10EA6000FFFFFFFFFFFFFFFFFFFFFFFFFFFFFFFFB6
:10EA7000FFFFFFFFFFFFFFFFFFFFFFFFFFFFFFFFA6
:10EA8000FFFFFFFFFFFFFFFFFFFFFFFFFFFFFFFF96
:10EA9000FFFFFFFFFFFFFFFFFFFFFFFFFFFFFFFF86
:10EAA000FFFFFFFFFFFFFFFFFFFFFFFFFFFFFFFF76
:10EAB000FFFFFFFFFFFFFFFFFFFFFFFFFFFFFFFF66
:10EAC000FFFFFFFFFFFFFFFFFFFFFFFFFFFFFFFF56
:10EAD000FFFFFFFFFFFFFFFFFFFFFFFFFFFFFFFF46
:10EAE000FFFFFFFFFFFFFFFFFFFFFFFFFFFFFFFF36
:10EAF000FFFFFFFFFFFFFFFFFFFFFFFFFFFFFFFF26
:10EB0000FFFFFFFFFFFFFFFFFFFFFFFFFFFFFFFF15
:10EB1000FFFFFFFFFFFFFFFFFFFFFFFFFFFFFFFF05
:10EB2000FFFFFFFFFFFFFFFFFFFFFFFFFFFFFFFFF5
:10EB3000FFFFFFFFFFFFFFFFFFFFFFFFFFFFFFFFE5
:10EB4000FFFFFFFFFFFFFFFFFFFFFFFFFFFFFFFFD5
:10EB5000FFFFFFFFFFFFFFFFFFFFFFFFFFFFFFFFC5
:10EB6000FFFFFFFFFFFFFFFFFFFFFFFFFFFFFFFFB5
:10EB7000FFFFFFFFFFFFFFFFFFFFFFFFFFFFFFFFA5
:10EB8000FFFFFFFFFFFFFFFFFFFFFFFFFFFFFFFF95
:10EB9000FFFFFFFFFFFFFFFFFFFFFFFFFFFFFFFF85
:10EBA000FFFFFFFFFFFFFFFFFFFFFFFFFFFFFFFF75
:10EBB000FFFFFFFFFFFFFFFFFFFFFFFFFFFFFFFF65
:10EBC000FFFFFFFFFFFFFFFFFFFFFFFFFFFFFFFF55
:10EBD000FFFFFFFFFFFFFFFFFFFFFFFFFFFFFFFF45
:10EBE000FFFFFFFFFFFFFFFFFFFFFFFFFFFFFFFF35
:08EBF000FFFFFFFFFFFFFFFF25
:00000001FF
